iso3,year,debt_gdp,primary_balance_gdp,interest_rate_10y,gdp_growth,unemployment,inflation,emu_member,fx_regime,ext_debt_share,democracy,trade_openness,tfp_growth_5y,labor_prod_growth_5y,r_minus_g
ABW,1995,55.1,-0.8,,2.54714368704694,,3.36139107320898,0,float,,5.0,171.362098138748,,,
ABW,1996,54.8,-2.3,,1.18578851134656,,3.22528797213979,0,float,,5.0,175.344129554656,,,
ABW,1997,51.1,-2.1,,7.04687499241221,,2.99994809778412,0,float,,5.0,168.781911013858,,,
ABW,1998,41.0,0.1,,1.99198444906199,,1.8694885361554,0,float,,5.0,163.267359946327,,,
ABW,1999,39.3,0.1,,1.2380418420716,,2.28037198258753,0,float,,5.0,164.559014267185,,,
ABW,2000,38.6,0.6,,7.62292064930222,,4.04402131190512,0,float,,5.0,145.072879516204,,,
ABW,2001,44.3,-0.8,,4.1820016304779,,2.88360430316263,0,float,,5.0,140.391108618306,,,
ABW,2002,47.1,-3.2,,-0.944953481157384,,3.31524678585423,0,float,,5.0,133.230771421249,,,
ABW,2003,40.8,1.9,,1.11050459944282,,3.65636507938418,0,float,,5.0,132.794291274023,,,
ABW,2004,42.5,-8.5,,7.29372807096192,,2.52912946932762,0,float,,5.0,132.430929795173,,,
ABW,2005,45.1,-3.0,,-0.383137672063768,,3.39778677828805,0,float,,5.0,145.050280144237,,,
ABW,2006,45.5,-2.5,,1.12741146411624,,3.60802438784541,0,float,,5.0,141.042626734626,,,
ABW,2007,44.6,-1.0,,3.0895443848509,,5.39256784475516,0,float,,5.0,139.972309491093,,,
ABW,2008,40.3,1.5,,1.83575517191368,,8.95598705177784,0,float,,5.0,139.110149824701,,,
ABW,2009,48.8,-2.6,,-11.6777413693852,,-2.13542872046937,0,float,,5.0,137.556575933708,,,
ABW,2010,54.7,-3.5,,-2.73345679250639,,2.07814071860786,0,float,,5.0,135.464654677581,,,
ABW,2011,59.3,-6.4,,3.36923718421511,,4.31629742195203,0,float,,5.0,154.437786862887,,,
ABW,2012,65.5,-9.0,,-1.04079988436683,,0.627471992893372,0,float,,5.0,156.645197205944,,,
ABW,2013,70.0,-6.0,,6.43146080719245,,-2.37206524252261,0,float,,5.0,155.731904522973,,,
ABW,2014,77.7,-7.5,,1.42609951155575,,0.421440918881214,0,float,,5.0,156.491052864098,,,
ABW,2015,74.2,-1.5,,3.61147906591042,,0.474763597342641,0,float,,5.0,140.493001133496,,,
ABW,2016,75.4,-1.5,,1.23433537363427,,-0.93119598707956,0,float,,5.0,136.887263320827,,,
ABW,2017,75.8,-2.6,,3.49342985290626,,-1.02828178762012,0,float,,5.0,138.716620095236,,,
ABW,2018,73.3,-2.6,,3.21247111920076,,3.6260414135296,0,float,,5.0,138.824972245657,,,
ABW,2019,72.1,-0.2,,1.22914408896015,,4.25746204335427,0,float,,5.0,137.923249273411,,,
ABW,2020,116.3,-16.8,,-23.9400592677491,,,0,float,,5.0,123.24050373078,,,
ABW,2021,109.7,-9.9,,14.833691976226,,,0,float,,5.0,139.510902584073,,,
ABW,2022,96.1,-0.5,,10.6079607621246,,,0,float,,5.0,160.558140997897,,,
ABW,2023,80.3,3.0,,9.51636022347185,,,0,float,,5.0,153.719158343959,,,
ADVEC,2001,67.4,-1.7,,,,,0,float,,5.0,,,,
ADVEC,2002,68.5,-3.5,,,,,0,float,,5.0,,,,
ADVEC,2003,70.6,-4.0,,,,,0,float,,5.0,,,,
ADVEC,2004,73.9,-3.2,,,,,0,float,,5.0,,,,
ADVEC,2005,73.5,-2.4,,,,,0,float,,5.0,,,,
ADVEC,2006,70.9,-1.4,,,,,0,float,,5.0,,,,
ADVEC,2007,68.8,-1.2,,,,,0,float,,5.0,,,,
ADVEC,2008,74.8,-3.5,,,,,0,float,,5.0,,,,
ADVEC,2009,87.8,-8.6,,,,,0,float,,5.0,,,,
ADVEC,2010,93.8,-7.6,,,,,0,float,,5.0,,,,
ADVEC,2011,97.6,-6.2,,,,,0,float,,5.0,,,,
ADVEC,2012,101.8,-5.5,,,,,0,float,,5.0,,,,
ADVEC,2013,101.0,-3.7,,,,,0,float,,5.0,,,,
ADVEC,2014,100.7,-3.1,,,,,0,float,,5.0,,,,
ADVEC,2015,100.6,-2.6,,,,,0,float,,5.0,,,,
ADVEC,2016,102.5,-2.6,,,,,0,float,,5.0,,,,
ADVEC,2017,100.4,-2.4,,,,,0,float,,5.0,,,,
ADVEC,2018,100.0,-2.4,,,,,0,float,,5.0,,,,
ADVEC,2019,100.9,-3.0,,,,,0,float,,5.0,,,,
ADVEC,2020,119.3,-10.2,,,,,0,float,,5.0,,,,
ADVEC,2021,112.9,-7.3,,,,,0,float,,5.0,,,,
ADVEC,2022,107.9,-2.9,,,,,0,float,,5.0,,,,
ADVEC,2023,107.0,-4.9,,,,,0,float,,5.0,,,,
AFG,2002,346.0,-0.1,,28.6000011706788,7.867,,0,float,,5.0,,,,
AFG,2003,270.6,-2.1,,8.83227780288267,7.844,,0,float,,5.0,,,,
AFG,2004,245.0,-2.4,,1.41411799339429,7.794,,0,float,,5.0,,,,
AFG,2005,206.4,-0.9,,11.2297148272859,7.878,12.6862687216715,0,float,,5.0,,,,
AFG,2006,23.0,0.7,,5.35740324748592,7.897,6.78459655001655,0,float,,5.0,,,,
AFG,2007,20.1,-2.5,,13.8263195471281,7.841,8.68057078513406,0,float,,5.0,,,,
AFG,2008,19.1,-3.9,,3.92498381999467,7.879,26.4186641547444,0,float,,5.0,,,,
AFG,2009,16.2,-1.8,,21.3905283926492,7.808,-6.81116108898996,0,float,,5.0,,,,
AFG,2010,7.7,0.9,,14.3624414710737,7.809,2.17853752389419,0,float,,5.0,,,,
AFG,2011,7.5,-0.7,,0.426354776777345,7.83,11.8041858089129,0,float,,5.0,,,,
AFG,2012,6.8,0.2,,12.7522870926697,7.875,6.44121280934117,0,float,,5.0,,,,
AFG,2013,6.9,-0.6,,5.60074465863221,7.921,7.38577178397855,0,float,,5.0,,,,
AFG,2014,8.7,-1.7,,2.72454336219565,7.915,4.67399603536345,0,float,,5.0,,,,
AFG,2015,9.2,-1.4,,1.45131466066431,9.032,-0.661709164713742,0,float,,5.0,,,,
AFG,2016,8.4,0.1,,2.26031420279821,10.116,4.38389195513915,0,float,,5.0,,,,
AFG,2017,8.0,-0.7,,2.6470032027451,11.184,4.97595150553833,0,float,,5.0,,,,
AFG,2018,7.4,1.6,,1.18922812944517,11.192,0.626149149168847,0,float,,5.0,,,,
AFG,2019,6.1,-1.1,,3.91160341625552,11.187,2.30237251516834,0,float,,5.0,,,,
AFG,2020,7.3,-2.2,,-2.35110067203466,11.71,5.60188791482224,0,float,,5.0,46.7098945514103,,,
AFG,2021,11.1,-0.5,,-20.7388393676343,12.006,5.13320340824963,0,float,,5.0,51.4117163747271,,,
AFG,2022,10.6,-1.0,,-6.24017199240269,14.1,13.7121023720065,0,float,,5.0,72.8854696086536,,,
AFG,2023,8.3,-1.3,,2.26694373649188,14.008,-4.64470870797775,0,float,,5.0,66.9995780621951,,,
AFQ,2000,62.1,1.3,,,,,0,float,,5.0,,,,
AFQ,2001,60.2,-1.1,,,,,0,float,,5.0,,,,
AFQ,2002,55.6,-1.5,,,,,0,float,,5.0,,,,
AFQ,2003,51.8,-1.1,,,,,0,float,,5.0,,,,
AFQ,2004,46.7,0.5,,,,,0,float,,5.0,,,,
AFQ,2005,39.9,2.1,,,,,0,float,,5.0,,,,
AFQ,2006,32.4,4.0,,,,,0,float,,5.0,,,,
AFQ,2007,28.5,1.2,,,,,0,float,,5.0,,,,
AFQ,2008,26.6,2.1,,,,,0,float,,5.0,,,,
AFQ,2009,30.2,-4.2,,,,,0,float,,5.0,,,,
AFQ,2010,29.6,-2.7,,,,,0,float,,5.0,,,,
AFQ,2011,30.8,-2.3,,,,,0,float,,5.0,,,,
AFQ,2012,31.5,-2.0,,,,,0,float,,5.0,,,,
AFQ,2013,33.5,-4.1,,,,,0,float,,5.0,,,,
AFQ,2014,35.7,-4.8,,,,,0,float,,5.0,,,,
AFQ,2015,40.9,-5.8,,,,,0,float,,5.0,,,,
AFQ,2016,47.2,-6.1,,,,,0,float,,5.0,,,,
AFQ,2017,48.1,-5.0,,,,,0,float,,5.0,,,,
AFQ,2018,49.8,-3.6,,,,,0,float,,5.0,,,,
AFQ,2019,51.5,-4.2,,,,,0,float,,5.0,,,,
AFQ,2020,60.7,-6.8,,,,,0,float,,5.0,,,,
AFQ,2021,60.3,-4.9,,,,,0,float,,5.0,,,,
AFQ,2022,60.0,-3.9,,,,,0,float,,5.0,,,,
AFQ,2023,64.7,-4.4,,,,,0,float,,5.0,,,,
AGO,2000,118.2,2.0,,3.05462423452938,16.646,324.996871601321,0,float,,5.0,,,,
AGO,2001,100.2,2.8,,4.20599855694861,16.668,152.561022469299,0,float,,5.0,,,,
AGO,2002,65.1,-2.2,,13.6656887610553,16.432,108.897436089429,0,float,,5.0,90.5708209771053,,,
AGO,2003,50.8,-4.1,,3.48731240097521,16.445,98.2241436573304,0,float,,5.0,90.680716182229,,,
AGO,2004,41.6,1.0,,11.4198633904585,16.313,43.5421067519687,0,float,,5.0,90.3860384706403,,,
AGO,2005,29.9,6.4,,14.1547775343954,16.295,22.953513851394,0,float,,5.0,95.3414592878024,,,
AGO,2006,16.7,8.4,,11.8418178757042,16.123,13.3052101780032,0,float,,5.0,84.6246041187373,,,
AGO,2007,18.8,3.8,,13.0026889457976,16.066,12.2514974459487,0,float,,5.0,97.2256307002466,,,
AGO,2008,28.1,-3.8,,10.7866360496581,16.152,12.4758291326398,0,float,,5.0,108.680408742706,,,
AGO,2009,48.4,-6.8,,1.99558909788963,16.383,13.7302839288408,0,float,,5.0,102.263183257504,,,
AGO,2010,32.6,3.0,,5.29366572819954,16.595,14.4696564932577,0,float,,5.0,90.9940631357987,,,
AGO,2011,26.3,7.2,,3.59386960240222,16.77,13.4824679218511,0,float,,5.0,89.0369443426985,,,
AGO,2012,23.8,3.7,,8.50312283866612,16.539,10.2779049218839,0,float,,5.0,81.939478548327,,,
AGO,2013,29.5,-0.3,,4.88306129688392,16.464,8.77781429332624,0,float,,5.0,77.3498013719917,,,
AGO,2014,35.3,-5.1,,4.65572356315585,16.372,7.28038730361121,0,float,,5.0,69.5801424480502,,,
AGO,2015,50.4,-2.6,,0.763177710914789,16.472,9.35597215533784,0,float,,5.0,54.9793808780995,,,
AGO,2016,65.7,-3.9,,-0.233076954805284,16.572,30.6944150806719,0,float,,5.0,46.3256130571521,,,
AGO,2017,59.6,-5.7,,-0.164688656961076,16.617,29.8444799015679,0,float,,5.0,44.9963253203189,,,
AGO,2018,81.6,2.0,,-0.506697543616156,16.602,19.6289379701521,0,float,,5.0,58.2698953890633,,,
AGO,2019,100.8,-0.2,,-1.05523414494337,16.497,17.080954143438,0,float,,5.0,60.3713068739603,,,
AGO,2020,119.8,-3.0,,-5.27349128300007,16.696,22.271539247051,0,float,,5.0,54.6604030683749,,,
AGO,2021,75.5,1.4,,1.09058369944815,15.799,25.7542948841891,0,float,,5.0,62.5287705320674,,,
AGO,2022,57.4,1.8,,3.55749206675667,14.124,21.3552901320822,0,float,,5.0,56.5380722280743,,,
AGO,2023,75.7,-2.5,,1.32016587081031,14.051,13.6441017767715,0,float,,5.0,53.6070126498686,,,
ALB,1997,72.2,-11.9,,-11.7115732812278,16.872,33.1802743753956,0,float,,5.0,44.7293780649181,,,
ALB,1998,71.2,-9.9,,8.3100252038309,20.042,20.6428588670596,0,float,,5.0,47.1306266993222,,,
ALB,1999,68.2,-8.8,,12.2507281968475,20.835,0.389437653561628,0,float,,5.0,49.8954184095195,,,
ALB,2000,63.8,-7.8,,7.46285871776054,19.023,0.0500181363468103,0,float,,5.0,61.6092610436407,,,
ALB,2001,60.6,-6.8,,8.8637306604876,18.57,3.10758827031435,0,float,,5.0,64.2474462587009,,,
ALB,2002,64.1,-6.2,,4.62839587394552,17.891,7.77052583431551,0,float,,5.0,65.9914650336802,,,
ALB,2003,60.2,-5.0,,5.33326426009945,16.985,0.484002611818503,0,float,,5.0,64.8232150960777,,,
ALB,2004,57.5,-5.2,,5.26626173860785,16.306,2.28001916938099,0,float,,5.0,65.0379383187697,,,
ALB,2005,58.2,-3.5,,5.13082193056189,15.966,2.36658195679795,0,float,,5.0,69.1162926602322,,,
ALB,2006,56.7,-3.3,,6.0189812403864,15.626,2.37072831904284,0,float,,5.0,72.2019089483674,,,
ALB,2007,53.6,-3.2,,6.50009261158209,15.966,2.93268248162317,0,float,,5.0,79.9119008919954,,,
ALB,2008,55.1,-4.9,,6.90706230713707,13.06,3.32087090389275,0,float,,5.0,75.2485472798728,,,
ALB,2009,59.7,-6.6,,2.69075152362146,13.674,2.26692209450826,0,float,,5.0,73.3213575646169,,,
ALB,2010,57.7,-3.5,,2.97315442681247,14.086,3.6271009151748,0,float,,5.0,75.5325329687378,,,
ALB,2011,59.4,-3.5,,2.46351683915714,13.481,3.42807130141501,0,float,,5.0,80.6989985298954,,,
ALB,2012,62.1,-3.4,,0.984129880204108,13.376,2.03159268395296,0,float,,5.0,76.9683583166821,,,
ALB,2013,70.4,-5.2,,1.7072283175406,15.866,1.93762080205223,0,float,,5.0,75.7506185619748,,,
ALB,2014,72.0,-5.5,,2.24022695382642,18.055,1.62586504402614,0,float,,5.0,75.0212023084129,,,
ALB,2015,73.7,-4.3,,2.2277040745779,17.193,1.89617402592356,0,float,,5.0,71.2794476606014,,,
ALB,2016,73.3,-1.5,,3.90893551362245,15.418,1.27543168367423,0,float,,5.0,74.0144504546815,,,
ALB,2017,71.9,-1.4,,3.28317593330073,13.616,1.98666133171194,0,float,,5.0,76.7873817898989,,,
ALB,2018,68.5,-1.6,,3.67141928098908,12.304,2.02805963071135,0,float,,5.0,75.6940783717425,,,
ALB,2019,66.6,-1.8,,2.06257790176122,11.466,1.41109078954242,0,float,,5.0,75.382128932689,,,
ALB,2020,75.4,-6.7,,-3.31375636888916,11.639,1.62088661717021,0,float,,5.0,59.5206994391875,,,
ALB,2021,74.8,-4.6,,8.96957619074095,11.474,2.04147163139545,0,float,,5.0,75.5904040905009,,,
ALB,2022,64.7,-3.6,,4.8268006234359,10.785,6.72520271530059,0,float,,5.0,84.6980435944865,,,
ALB,2023,58.0,-1.3,,4.01541716935742,10.669,4.75834555150038,0,float,,5.0,82.3524933990723,,,
AND,2001,15.8,0.7,,8.11935772169949,,,0,float,,5.0,,,,
AND,2002,15.3,1.0,,4.54636221364653,,,0,float,,5.0,,,,
AND,2003,15.2,1.8,,8.69420371612468,,,0,float,,5.0,,,,
AND,2004,15.1,1.9,,8.13567633837351,,,0,float,,5.0,,,,
AND,2005,14.8,-0.1,,5.39779598500422,,,0,float,,5.0,,,,
AND,2006,17.2,-1.4,,4.80868869916921,,,0,float,,5.0,,,,
AND,2007,20.9,-2.8,,1.55318814103222,,,0,float,,5.0,,,,
AND,2008,27.7,-3.2,,-5.55918636850581,,,0,float,,5.0,,,,
AND,2009,33.5,-3.5,,-5.30284654348291,,,0,float,,5.0,,,,
AND,2010,35.0,-0.3,,-1.97495799965345,,,0,float,,5.0,,,,
AND,2011,36.5,0.4,,-0.00806975341139093,,,0,float,,5.0,,,,
AND,2012,41.5,-1.6,,-4.97444371853503,,,0,float,,5.0,,,,
AND,2013,42.5,3.4,,-3.54759651549344,,,0,float,,5.0,,,,
AND,2014,42.0,2.1,,2.50446552114518,,,0,float,,5.0,,,,
AND,2015,41.0,1.7,,1.43414039522716,,,0,float,,5.0,,,,
AND,2016,39.8,4.1,,3.70967806978986,,,0,float,,5.0,,,,
AND,2017,37.9,3.3,,0.346071889630295,,,0,float,,5.0,,,,
AND,2018,36.3,2.7,,1.58876549046354,,,0,float,,5.0,,,,
AND,2019,35.4,2.3,,2.01554763848308,,,0,float,,5.0,,,,
AND,2020,46.4,-1.0,,-11.1839399355384,,,0,float,,5.0,,,,
AND,2021,48.6,-1.2,,8.28677879049404,,,0,float,,5.0,,,,
AND,2022,38.9,4.8,,9.56461225648184,,,0,float,,5.0,,,,
AND,2023,35.4,2.2,,2.58355480961319,,,0,float,,5.0,,,,
APQ,2000,81.9,-4.9,,,,,0,float,,5.0,,,,
APQ,2001,84.8,-4.7,,,,,0,float,,5.0,,,,
APQ,2002,85.2,-5.0,,,,,0,float,,5.0,,,,
APQ,2003,85.7,-4.7,,,,,0,float,,5.0,,,,
APQ,2004,85.7,-3.4,,,,,0,float,,5.0,,,,
APQ,2005,82.5,-2.3,,,,,0,float,,5.0,,,,
APQ,2006,75.7,-1.4,,,,,0,float,,5.0,,,,
APQ,2007,70.0,-0.9,,,,,0,float,,5.0,,,,
APQ,2008,69.4,-1.9,,,,,0,float,,5.0,,,,
APQ,2009,78.9,-5.0,,,,,0,float,,5.0,,,,
APQ,2010,77.2,-3.9,,,,,0,float,,5.0,,,,
APQ,2011,77.8,-3.3,,,,,0,float,,5.0,,,,
APQ,2012,77.8,-3.1,,,,,0,float,,5.0,,,,
APQ,2013,72.4,-2.8,,,,,0,float,,5.0,,,,
APQ,2014,71.3,-2.2,,,,,0,float,,5.0,,,,
APQ,2015,69.6,-2.7,,,,,0,float,,5.0,,,,
APQ,2016,76.5,-3.0,,,,,0,float,,5.0,,,,
APQ,2017,76.3,-2.7,,,,,0,float,,5.0,,,,
APQ,2018,76.4,-3.0,,,,,0,float,,5.0,,,,
APQ,2019,79.7,-4.5,,,,,0,float,,5.0,,,,
APQ,2020,91.0,-8.5,,,,,0,float,,5.0,,,,
APQ,2021,88.1,-5.5,,,,,0,float,,5.0,,,,
APQ,2022,87.6,-5.7,,,,,0,float,,5.0,,,,
APQ,2023,89.4,-5.0,,,,,0,float,,5.0,,,,
ARE,1999,4.7,1.3,,2.90205341564509,2.195,,0,float,,5.0,,,,
ARE,2000,3.1,10.7,,10.852837927302,2.25,,0,float,,5.0,,,,
ARE,2001,2.7,1.2,,1.39892161061073,2.443,,0,float,,5.0,89.8645875613427,,,
ARE,2002,3.4,-1.2,,2.43337487237925,2.659,,0,float,,5.0,93.0717523974279,,,
ARE,2003,3.3,2.4,,8.80057809996346,2.903,,0,float,,5.0,102.300072318295,,,
ARE,2004,4.1,6.4,,9.56652626277928,2.965,,0,float,,5.0,116.622707480689,,,
ARE,2005,4.5,16.0,,4.85513657996815,3.12,,0,float,,5.0,119.55287164912,,,
ARE,2006,5.1,20.2,,9.83727922860218,2.964,,0,float,,5.0,119.47067436604,,,
ARE,2007,8.9,17.1,,3.18441281459761,2.934,,0,float,,5.0,136.798144727699,,,
ARE,2008,8.9,17.6,,3.19181235452885,2.818,12.2504202448139,0,float,,5.0,148.513544024487,,,
ARE,2009,21.1,-6.1,,-5.2429219073683,2.932,1.5618131744907,0,float,,5.0,153.461944358762,,,
ARE,2010,18.3,0.5,,1.60285004336325,2.798,0.877983288285867,0,float,,5.0,135.485740301669,,,
ARE,2011,20.4,5.1,,6.73651167897515,2.587,0.87734659568512,0,float,,5.0,144.176829734392,,,
ARE,2012,20.2,8.6,,4.68325642918792,2.323,0.662268900269009,0,float,,5.0,156.637656972961,,,
ARE,2013,15.3,8.0,,4.9184505919085,2.125,1.1011183637571,0,float,,5.0,157.398122639247,,,
ARE,2014,13.5,1.7,,4.63291785879667,1.999,2.34626865671643,0,float,,5.0,159.515630313713,,,
ARE,2015,15.6,-6.4,,7.08766622657654,1.793,4.06996608361593,0,float,,5.0,164.286142899252,,,
ARE,2016,18.6,-3.0,,5.65790147196586,1.64,1.61748808904198,0,float,,5.0,165.394966240337,,,
ARE,2017,21.2,-0.2,,-1.06137114472548,2.462,1.96682557818842,0,float,,5.0,165.476523652994,,,
ARE,2018,20.7,3.7,,1.53720634021511,2.236,3.06863379251997,0,float,,5.0,154.747042166299,,,
ARE,2019,25.8,2.5,,1.27129120536284,2.331,-1.93108114782173,0,float,,5.0,163.822149025614,,,
ARE,2020,30.1,-2.4,,-8.69343363776639,4.294,-2.07940317940944,0,float,,5.0,181.291940227998,,,
ARE,2021,35.7,4.0,,4.55280140106356,3.105,0.179935336174431,0,float,,5.0,182.909401076776,,,
ARE,2022,31.5,9.8,,7.51452414254605,2.872,5.29122604376849,0,float,,5.0,185.741660631894,,,
ARE,2023,31.9,5.8,,4.30113648499413,2.151,1.62670837213248,0,float,,5.0,199.044950127107,,,
ARG,1992,25.0,,,7.93729155643076,6.36,,0,float,,8.0,14.730980586353,,,
ARG,1993,26.9,0.0,,8.20697907221228,10.1,,0,float,,8.0,16.223151447784,,,
ARG,1994,28.4,-1.2,,5.83620070368526,11.76,,0,float,,8.0,18.1343458669981,,,
ARG,1995,30.7,-2.1,,-2.84520961057079,18.8,,0,float,,8.0,19.7714230903755,,,
ARG,1996,32.6,-2.8,,5.52668982715234,17.11,,0,float,,8.0,21.5064684057215,,,
ARG,1997,31.7,-1.8,,8.1110467707457,14.82,,0,float,,8.0,23.3361788437439,,,
ARG,1998,34.1,-1.8,,3.85017885156228,12.65,,0,float,,8.0,23.3500279730689,,,
ARG,1999,38.9,-3.7,,-3.38545704063269,14.05,,0,float,,8.0,21.3827449624898,,,
ARG,2000,40.8,-3.4,,-0.78899893905691,15.0,,0,float,,8.0,22.6224447777343,,,
ARG,2001,48.0,-5.4,,-4.40883968258557,17.32,,0,float,,8.0,21.8522554515453,,,
ARG,2002,147.2,-1.9,,-10.8944848285903,19.59,,0,float,,8.0,41.7527243585642,,,
ARG,2003,125.2,1.5,,8.83704079576924,15.36,,0,float,,8.0,40.6447480311085,,,
ARG,2004,117.9,4.0,,9.02957330068152,13.522,,0,float,,8.0,40.692646108947,,,
ARG,2005,80.3,3.3,,8.85165992013437,11.506,,0,float,,8.0,40.5512709706238,,,
ARG,2006,70.8,1.7,,8.04715150043027,10.078,,0,float,,8.0,40.4334798719151,,,
ARG,2007,62.1,0.8,,9.00765087504757,8.47,,0,float,,8.0,40.945170618571,,,
ARG,2008,53.8,0.4,,4.05723310346406,7.837,,0,float,,8.0,40.4026733790382,,,
ARG,2009,55.4,-1.8,,-5.91852507634947,8.645,,0,float,,8.0,34.0571269054879,,,
ARG,2010,43.5,-1.4,,10.1253981561002,7.714,,0,float,,8.0,34.9710132635696,,,
ARG,2011,38.9,-2.7,,6.00395169280579,7.18,,0,float,,8.0,35.2061549999644,,,
ARG,2012,40.4,-3.0,,-1.0264204544321,7.217,,0,float,,8.0,30.5265423717108,,,
ARG,2013,43.5,-3.3,,2.40532378079436,7.1,,0,float,,8.0,29.3339290021037,,,
ARG,2014,44.7,-4.3,,-2.51261532081394,7.268,,0,float,,8.0,28.4067936452275,,,
ARG,2015,52.6,-6.0,,2.73115982828944,7.577,,0,float,,8.0,22.4862260889792,,,
ARG,2016,53.1,-6.7,,-2.08032784377811,8.088,,0,float,,8.0,26.0938878488799,,,
ARG,2017,57.0,-6.7,,2.81850297775918,8.347,,0,float,,8.0,25.2896011376779,,,
ARG,2018,85.2,-5.4,,-2.61739646282038,9.22,34.2772237131003,0,float,,8.0,30.7625359549926,,,
ARG,2019,89.8,-4.4,,-2.00086100285785,9.843,53.5483043492339,0,float,,8.0,32.6306150458499,,,
ARG,2020,103.8,-8.7,,-9.9004848136464,11.461,42.0150947376509,0,float,,8.0,30.203698807416,,,
ARG,2021,81.0,-4.3,,10.4418119882506,8.736,48.4093786255199,0,float,,8.0,33.078689567466,,,
ARG,2022,84.3,-3.8,,6.02074537534855,6.805,72.430757531824,0,float,,8.0,31.5801792606256,,,
ARG,2023,154.6,-5.3,,-1.85578803046339,6.139,133.488935594175,0,float,,8.0,26.6769512482215,,,
ARM,1996,40.8,,,5.86540074943565,9.3,18.681185640036,0,float,,5.0,79.2295601199241,,,
ARM,1997,46.5,,,3.32107970046953,10.8,13.960764121791,0,float,,5.0,78.5477450545048,,,
ARM,1998,45.2,,,7.29999998770998,9.4,8.67248632385158,0,float,,5.0,71.8424518815414,,,
ARM,1999,39.2,,,3.30000000058166,11.2,0.648245760470385,0,float,,5.0,70.5604791440404,,,
ARM,2000,39.6,,,5.90000000312092,11.107,-0.790883768934757,0,float,,5.0,72.2333302273367,,,
ARM,2001,38.1,,,9.59999999927597,11.012,3.1459046468502,0,float,,5.0,69.8642663925336,,,
ARM,2002,38.2,,,13.1999999979356,10.888,1.06004929341667,0,float,,5.0,73.9845018432309,,,
ARM,2003,33.0,,,14.0000000015501,10.769,4.7215533660534,0,float,,5.0,80.0513676022426,,,
ARM,2004,26.4,,,10.4999999988202,10.676,6.96126135875795,0,float,,5.0,73.0706339919371,,,
ARM,2005,24.4,-2.0,,13.8999999991133,10.584,0.638928002410097,0,float,,5.0,70.1397385835334,,,
ARM,2006,18.7,-2.0,,13.1999999994661,10.497,2.89235662459004,0,float,,5.0,61.0301379818566,,,
ARM,2007,16.1,-2.3,,13.7000000015467,10.394,4.40736089644516,0,float,,5.0,56.9750470853147,,,
ARM,2008,16.4,-1.8,,6.90000000042959,17.1,8.94995335353387,0,float,,5.0,54.5423279613666,,,
ARM,2009,40.6,-7.7,,-14.1000000006998,19.295,3.40676682683801,0,float,,5.0,57.2742357441995,,,
ARM,2010,40.0,-5.0,,2.2000000002151,19.523,8.17636138473952,0,float,,5.0,64.642975973633,,,
ARM,2011,42.2,-2.9,,4.69999999867412,18.884,7.65000807859294,0,float,,5.0,69.4355736620453,,,
ARM,2012,41.4,-1.5,,7.20000000096486,17.511,2.55802007757907,0,float,,5.0,75.9616759606704,,,
ARM,2013,40.9,-1.6,,3.3,16.576,5.78966778544651,0,float,,5.0,77.5550481598824,,,
ARM,2014,43.7,-1.9,,3.60000000058993,17.498,2.98130868933672,0,float,,5.0,75.778866962639,,,
ARM,2015,48.7,-4.8,,3.19999999896625,18.261,3.73169119261693,0,float,,5.0,71.6820743427575,,,
ARM,2016,56.7,-5.6,,0.199999999825991,17.617,-1.403607559009,0,float,,5.0,76.0779674593548,,,
ARM,2017,58.9,-4.7,,7.50000000164144,17.704,0.969553268816138,0,float,,5.0,87.202376539837,,,
ARM,2018,55.7,-1.8,,5.19999999965324,18.966,2.52023382001638,0,float,,5.0,92.473107021212,,,
ARM,2019,53.7,-1.0,,7.59999999853918,18.304,1.44344660770698,0,float,,5.0,97.847004865327,,,
ARM,2020,67.4,-5.4,,-7.19999999920631,18.175,1.21143577838465,0,float,,5.0,70.1213571368789,,,
ARM,2021,63.4,-4.6,,5.80000000065645,15.469,7.18483629443371,0,float,,5.0,79.2489057647112,,,
ARM,2022,49.2,-2.1,,12.5999999997766,13.451,8.64091108973855,0,float,,5.0,103.878629213508,,,
ARM,2023,50.5,-2.0,,8.29999999959539,12.405,1.98041877615554,0,float,,5.0,123.418750077627,,,
AS5,2000,66.8,-1.7,,,,,0,float,,5.0,,,,
AS5,2001,65.2,-2.0,,,,,0,float,,5.0,,,,
AS5,2002,62.3,-2.4,,,,,0,float,,5.0,,,,
AS5,2003,59.6,-1.1,,,,,0,float,,5.0,,,,
AS5,2004,57.6,-0.5,,,,,0,float,,5.0,,,,
AS5,2005,53.0,0.3,,,,,0,float,,5.0,,,,
AS5,2006,47.0,0.4,,,,,0,float,,5.0,,,,
AS5,2007,46.6,0.3,,,,,0,float,,5.0,,,,
AS5,2008,43.9,0.1,,,,,0,float,,5.0,,,,
AS5,2009,46.4,-2.3,,,,,0,float,,5.0,,,,
AS5,2010,44.8,-0.8,,,,,0,float,,5.0,,,,
AS5,2011,43.5,0.2,,,,,0,float,,5.0,,,,
AS5,2012,45.0,-0.3,,,,,0,float,,5.0,,,,
AS5,2013,45.1,-0.3,,,,,0,float,,5.0,,,,
AS5,2014,45.1,-0.4,,,,,0,float,,5.0,,,,
AS5,2015,46.5,-1.0,,,,,0,float,,5.0,,,,
AS5,2016,46.6,-1.0,,,,,0,float,,5.0,,,,
AS5,2017,47.1,-0.7,,,,,0,float,,5.0,,,,
AS5,2018,48.4,-0.7,,,,,0,float,,5.0,,,,
AS5,2019,50.1,-0.7,,,,,0,float,,5.0,,,,
AS5,2020,61.5,-5.6,,,,,0,float,,5.0,,,,
AS5,2021,65.6,-4.4,,,,,0,float,,5.0,,,,
AS5,2022,67.3,-2.8,,,,,0,float,,5.0,,,,
AS5,2023,70.2,-1.5,,,,,0,float,,5.0,,,,
ATG,1990,94.1,0.1,,3.01181316687232,,,0,float,,5.0,,,,
ATG,1991,94.6,-3.9,,2.17685217398964,,,0,float,,5.0,,,,
ATG,1992,90.8,-0.8,,1.15855077710827,,,0,float,,5.0,,,,
ATG,1993,85.3,-2.4,,5.27988683522082,,,0,float,,5.0,,,,
ATG,1994,84.5,-4.3,,6.67640654973411,,,0,float,,5.0,,,,
ATG,1995,92.1,-3.9,,-4.35978466639605,,,0,float,,5.0,,,,
ATG,1996,85.5,-1.6,,6.6049448827643,,,0,float,,5.0,,,,
ATG,1997,80.6,0.0,,5.47125581395349,,,0,float,,5.0,,,,
ATG,1998,94.6,-1.6,,4.73127914935051,,,0,float,,5.0,,,,
ATG,1999,95.9,-3.1,,3.70774594512658,,1.12128789571146,0,float,,5.0,,,,
ATG,2000,96.4,-4.5,,6.20355212555867,,0.77177979690018,0,float,,5.0,,,,
ATG,2001,107.6,-8.6,,-4.54810977120295,,1.40279663573988,0,float,,5.0,,,,
ATG,2002,114.5,-8.8,,1.02723486062159,,2.40765801293491,0,float,,5.0,,,,
ATG,2003,113.0,-7.3,,6.07663666406602,,1.99353055152454,0,float,,5.0,,,,
ATG,2004,107.7,-3.9,,5.76710338270556,,2.03007757853236,0,float,,5.0,,,,
ATG,2005,82.8,-4.3,,6.47368941781741,,2.09875196709308,0,float,,5.0,,,,
ATG,2006,79.1,-6.6,,12.7081474873625,,1.78778537419121,0,float,,5.0,,,,
ATG,2007,68.7,-5.0,,9.31518272315685,,1.41605259409741,0,float,,5.0,,,,
ATG,2008,66.8,-4.7,,-0.0140065981851762,,5.33380639820233,0,float,,5.0,,,,
ATG,2009,89.2,-15.8,,-11.9628794703471,,-0.550159995508914,0,float,,5.0,,,,
ATG,2010,79.4,-0.2,,-7.84050683730972,,3.37002540220148,0,float,,5.0,,,,
ATG,2011,81.1,-3.1,,-1.95874262217572,,3.4567496723461,0,float,,5.0,,,,
ATG,2012,76.9,-1.0,,3.37314273947959,,3.37688044338874,0,float,,5.0,,,,
ATG,2013,85.4,-3.8,,-0.600982329599361,,1.05949782356169,0,float,,5.0,,,,
ATG,2014,91.9,-2.6,,2.19829188738797,,1.08944157435355,0,float,,5.0,141.546161057996,,,
ATG,2015,92.1,-2.4,,1.42161997595372,,0.968993458825638,0,float,,5.0,130.071549851721,,,
ATG,2016,83.1,-0.1,,4.1203675438061,,-0.489437796230499,0,float,,5.0,132.025917905085,,,
ATG,2017,88.2,-2.7,,2.71272657973627,,2.43248789041363,0,float,,5.0,127.664323582144,,,
ATG,2018,84.3,-2.4,,6.71200487159726,,1.20715793367008,0,float,,5.0,130.655152659419,,,
ATG,2019,81.6,-3.6,,3.1722219373937,,1.43135598182984,0,float,,5.0,137.537783631991,,,
ATG,2020,100.5,-6.2,,-18.8687765208148,,0.625989707046719,0,float,,5.0,94.289529886499,,,
ATG,2021,93.0,-4.5,,8.17286311186622,,2.06299638545334,0,float,,5.0,101.074960584779,,,
ATG,2022,82.4,-2.9,,8.49776342254205,,7.53107834634288,0,float,,5.0,118.302584056113,,,
ATG,2023,74.5,-1.7,,3.86550160079324,,5.06713865364213,0,float,,5.0,,,,
AUS,1989,17.0,0.9,,3.87901779350344,,7.53389852824955,0,float,,10.0,32.0235276889659,,,
AUS,1990,16.4,-0.2,,3.57297569098456,,7.33302368375269,0,float,,10.0,32.1100283534983,,,
AUS,1991,21.6,-2.8,,-0.384631357046658,9.586,3.17666872277308,0,float,,10.0,32.1456909693335,,,
AUS,1992,27.6,-4.7,,0.433065864126704,10.733,1.01222824105977,0,float,,10.0,32.9981716307874,,,
AUS,1993,30.6,-4.7,,4.04583374101011,10.879,1.75365751770527,0,float,,10.0,35.3502769485307,,,
AUS,1994,31.7,-3.8,,3.97884434177331,9.724,1.96963507094102,0,float,,10.0,36.4066117966299,,,
AUS,1995,31.1,-2.6,,3.89017188961647,8.473,4.62776445368168,0,float,,10.0,37.646874037201,,,
AUS,1996,29.3,-1.5,,3.86567479160071,8.509,2.61537902431631,0,float,,10.0,38.1740208800895,,,
AUS,1997,25.9,-0.5,,3.91795814771731,8.367,0.224895027032537,0,float,,10.0,37.9217014956962,,,
AUS,1998,23.7,-0.2,,4.67681373479508,7.684,0.860129922016289,0,float,,10.0,39.9240664596368,,,
AUS,1999,22.5,0.7,,5.02822035850596,6.876,1.48313946657267,0,float,,10.0,38.9602467102359,,,
AUS,2000,19.5,1.2,,3.9160574881715,6.288,4.45743705920869,0,float,,10.0,40.8631257691954,,,
AUS,2001,17.1,0.0,,2.03145880248898,6.747,4.40712998561533,0,float,,10.0,44.1337313971929,,,
AUS,2002,15.0,0.2,,3.94980535772942,6.375,2.98157117047457,0,float,,10.0,41.3813128146921,,,
AUS,2003,13.2,1.0,,3.0912800997751,5.933,2.73259754838937,0,float,,10.0,40.1348011794482,,,
AUS,2004,11.9,1.3,,4.21894147547516,5.399,2.34325687131265,0,float,,10.0,36.9505159618289,,,
AUS,2005,10.8,1.7,,3.15548121323168,5.036,2.69182949622197,0,float,,10.0,39.0978822564811,,,
AUS,2006,9.9,1.8,,2.7709261737475,4.785,3.55528696972984,0,float,,10.0,41.4878923489153,,,
AUS,2007,9.6,1.5,,3.78947119882653,4.381,2.32761442623159,0,float,,10.0,41.9297451276561,,,
AUS,2008,11.7,-1.1,,3.62398503565633,4.242,4.35029726664093,0,float,,10.0,42.7522207880308,,,
AUS,2009,16.6,-4.5,,1.95484826298522,5.565,1.77112025681656,0,float,,10.0,45.5936120867789,,,
AUS,2010,20.3,-5.1,,2.21004795300735,5.214,2.9183370211222,0,float,,10.0,40.3905070860606,,,
AUS,2011,24.0,-4.5,,2.39473494330615,5.083,3.30384784681081,0,float,,10.0,41.7219860149689,,,
AUS,2012,27.4,-3.5,,3.95247138119184,5.225,1.76278299052228,0,float,,10.0,43.0198495527558,,,
AUS,2013,30.3,-2.8,,2.65445302592404,5.663,2.44988248109259,0,float,,10.0,41.100511881056,,,
AUS,2014,33.9,-2.9,,2.60118978187332,6.078,2.48792932080492,0,float,,10.0,42.2993095385282,,,
AUS,2015,37.6,-2.8,,2.16434780647852,6.055,1.50836803138463,0,float,,10.0,41.4947506939901,,,
AUS,2016,40.5,-2.4,,2.75564065529868,5.711,1.27699365720306,0,float,,10.0,40.813402217321,,,
AUS,2017,41.0,-1.7,,2.29331030192918,5.592,1.94864309065653,0,float,,10.0,42.0354135251854,,,
AUS,2018,41.6,-1.3,,2.87417039499501,5.345,1.91140002818579,0,float,,10.0,43.5732253645218,,,
AUS,2019,46.5,-4.4,,2.19401703622717,5.143,1.610770929127,0,float,,10.0,46.0016827052171,,,
AUS,2020,56.9,-8.7,,-0.133531904304775,6.394,0.846900734607273,0,float,,10.0,44.499564103879,,,
AUS,2021,55.4,-6.4,,2.00694844335034,5.022,2.86391284709318,0,float,,10.0,40.2022359390595,,,
AUS,2022,50.0,-2.2,,4.25304559238732,3.728,6.59409658717841,0,float,,10.0,45.6946418805752,,,
AUS,2023,49.4,-1.3,,3.58382100798981,3.668,5.59701792296707,0,float,,10.0,49.044339318428,,,
AUT,1988,57.7,-3.4,,3.2958798164712,,1.91571684671249,0,fixed,,10.0,66.8242938143518,,,
AUT,1989,56.6,-3.0,,3.88707478685015,,2.56834829029372,0,fixed,,10.0,70.8157362192816,,,
AUT,1990,56.2,-2.6,,4.34564183768971,,3.26187231878573,0,fixed,,10.0,71.769481946408,,,
AUT,1991,56.4,-3.0,,3.44162748808654,3.42,3.33742703474792,0,fixed,,10.0,70.3238566862819,,,
AUT,1992,56.3,-2.1,,2.0935244262602,3.59,4.02084780038554,0,fixed,,10.0,67.8961088248008,,,
AUT,1993,61.0,-4.6,,0.526809769496765,4.25,3.6317852494318,0,fixed,,10.0,63.5138270434354,,,
AUT,1994,64.1,-5.0,,2.40211843259056,3.535,2.95340936761081,0,fixed,,10.0,66.246573910845,,,
AUT,1995,68.2,-6.2,,2.66798388882503,4.345,2.24336631500898,0,fixed,,10.0,68.5250057529972,,,
AUT,1996,68.2,-4.4,,2.21576713087359,5.282,1.86097115760437,0,fixed,,10.0,70.4693162982812,,,
AUT,1997,63.4,-2.4,,2.1458350552646,5.15,1.30597857227691,0,fixed,,10.0,75.2444760305554,,,
AUT,1998,69.2,-2.7,,3.49288002962309,5.483,0.922467196680849,0,fixed,,10.0,77.3495216604118,,,
AUT,1999,61.3,-2.6,,3.76192435190464,4.699,0.568993765885531,1,fixed,,10.0,78.5629329772961,,,
AUT,2000,66.1,-2.1,,3.18952292988787,4.687,2.34486285357281,1,fixed,,10.0,85.8426077336549,,,
AUT,2001,67.2,-0.7,,1.31698749571339,4.007,2.65000077279529,1,fixed,,10.0,87.9962567186047,,,
AUT,2002,67.4,-1.4,,1.48436877605324,4.852,1.81035787764129,1,fixed,,10.0,87.5844937054619,,,
AUT,2003,66.4,-1.8,,1.14156504542775,4.779,1.35555370896445,1,fixed,,10.0,86.8822263228608,,,
AUT,2004,65.9,-4.9,,2.56525534067859,5.969,2.0612061803287,1,fixed,,10.0,91.4742201880009,,,
AUT,2005,69.4,-2.6,,2.32036514266782,5.682,2.29913785639286,1,fixed,,10.0,94.6747547827805,,,
AUT,2006,68.2,-2.6,,3.26933601506059,5.32,1.44154851119017,1,fixed,,10.0,98.7857253161241,,,
AUT,2007,65.8,-1.6,,3.77522468729185,4.909,2.16855528800757,1,fixed,,10.0,101.36495843546,,,
AUT,2008,69.5,-1.6,,1.45330562142114,4.198,3.2159503323988,1,fixed,,10.0,102.7437043613,,,
AUT,2009,80.8,-5.4,,-3.58626472551299,5.371,0.506308827696504,1,fixed,,10.0,87.6004931021953,,,
AUT,2010,83.7,-4.5,,1.80898243043663,4.883,1.81353438995062,1,fixed,,10.0,99.6448825546716,,,
AUT,2011,83.4,-2.5,,2.92746800169145,4.637,3.2865791487538,1,fixed,,10.0,105.775098372378,,,
AUT,2012,82.9,-2.2,,0.628246239479637,4.909,2.48567562177015,1,fixed,,10.0,105.840791389706,,,
AUT,2013,82.4,-2.0,,-0.250726423318454,5.367,2.00015616900597,1,fixed,,10.0,104.985374015367,,,
AUT,2014,85.2,-1.9,,0.755798850316665,5.674,1.60581182954474,1,fixed,,10.0,104.49673998926,,,
AUT,2015,85.6,-0.5,,1.30352331826198,5.802,0.89656333526032,1,fixed,,10.0,103.11758174626,,,
AUT,2016,83.4,-1.5,,2.11721964494312,6.064,0.891591752655362,1,fixed,,10.0,101.573494597172,,,
AUT,2017,79.1,-0.8,,2.27224992038207,5.561,2.08126911385587,1,fixed,,10.0,105.556066755438,,,
AUT,2018,74.6,0.2,,2.48422114080024,4.933,1.99837981429549,1,fixed,,10.0,108.377969971828,,,
AUT,2019,71.0,0.5,,1.75497619649288,4.56,1.53089564152644,1,fixed,,10.0,108.207284904426,,,
AUT,2020,83.2,-8.2,,-6.31825509209936,5.201,1.38191063351854,1,fixed,,10.0,99.9482141095975,,,
AUT,2021,82.4,-5.7,,4.92309171717903,6.459,2.7666666666667,1,fixed,,10.0,111.032932124165,,,
AUT,2022,78.1,-3.4,,5.33096379400371,4.992,8.54686993188458,1,fixed,,10.0,123.579578652902,,,
AUT,2023,77.8,-2.6,,-0.786244288594673,5.264,7.81413417002831,1,fixed,,10.0,115.152914822732,,,
AZE,1995,19.2,-1.3,,-11.7999991076818,7.2,411.759641777268,0,float,,5.0,85.8937107507733,,,
AZE,1996,16.7,-2.3,,1.29999940463827,8.1,19.7948028061899,0,float,,5.0,80.8497401741931,,,
AZE,1997,11.4,-0.9,,5.80000014795783,9.1,3.67434809684727,0,float,,5.0,82.0789665326283,,,
AZE,1998,14.3,1.6,,9.99999961153691,10.0,-0.772697886033166,0,float,,5.0,77.2278091030634,,,
AZE,1999,25.4,-1.0,,7.40000129958564,10.9,-8.52517000536063,0,float,,5.0,69.8259648751026,,,
AZE,2000,13.1,0.1,,11.0999991434346,11.78,1.80500303704356,0,float,,5.0,78.5485682796041,,,
AZE,2001,13.0,21.8,,9.89999986533643,10.91,1.5471959015228,0,float,,5.0,78.8151854917601,,,
AZE,2002,11.9,19.4,,9.43891626906561,10.04,2.7711647199827,0,float,,5.0,92.8181443298969,,,
AZE,2003,10.7,1.6,,10.2082994004776,9.17,2.23386492967049,0,float,,5.0,107.551948506262,,,
AZE,2004,9.7,1.8,,9.25380179728907,7.99,6.70893042797786,0,float,,5.0,121.507115894117,,,
AZE,2005,6.9,2.7,,27.9615381082131,7.26,9.6795073191705,0,float,,5.0,115.841884607706,,,
AZE,2006,5.3,0.7,,34.4662096226792,6.62,8.32892482863209,0,float,,5.0,105.262399846369,,,
AZE,2007,4.0,2.3,,25.4632157314482,6.33,16.6997549618244,0,float,,5.0,96.6418081486575,,,
AZE,2008,3.2,17.2,,10.591437462476,5.86,20.8490871772712,0,float,,5.0,89.2428968637573,,,
AZE,2009,4.7,5.9,,9.36950260277183,5.74,1.45704835970321,0,float,,5.0,74.7440416836369,,,
AZE,2010,5.0,13.8,,4.78883248761557,5.63,5.72687224669605,0,float,,5.0,74.9859884610856,,,
AZE,2011,5.0,10.9,,-1.5729973511111,5.42,7.8583333333334,0,float,,5.0,80.5080450059522,,,
AZE,2012,5.8,3.7,,2.20293891708398,5.19,1.06621339720303,0,float,,5.0,78.263069540422,,,
AZE,2013,6.2,1.6,,5.84341590483928,4.97,2.41571745279419,0,float,,5.0,74.6758447629851,,,
AZE,2014,8.5,2.7,,2.79758521448559,4.91,1.37344181533176,0,float,,5.0,69.4832251953347,,,
AZE,2015,18.0,-4.8,,1.04954641215085,4.96,4.02768573742726,0,float,,5.0,72.6015079073189,,,
AZE,2016,20.6,-1.2,,-3.06359842251706,5.0,12.4433748584372,0,float,,5.0,90.0773187345677,,,
AZE,2017,22.5,-1.3,,0.153614661745507,5.0,12.9359184187335,0,float,,5.0,90.4023156823216,,,
AZE,2018,18.7,5.4,,1.50040167167313,4.9,2.26854690373999,0,float,,5.0,91.6725765369825,,,
AZE,2019,17.7,9.0,,2.47980879185565,5.0,2.61057182799215,0,float,,5.0,85.8181454084561,,,
AZE,2020,21.3,-6.4,,-4.19896065333343,7.24,2.75980947008127,0,float,,5.0,72.0178676487811,,,
AZE,2021,26.3,4.2,,5.61644027150554,6.04,6.65029912708779,0,float,,5.0,76.286865687015,,,
AZE,2022,17.3,6.0,,4.71468033247649,5.65,13.8522590144267,0,float,,5.0,86.9822732541779,,,
AZE,2023,21.8,7.9,,1.35447749115767,5.64,8.78543049849081,0,float,,5.0,83.5358861156321,,,
AZQ,1989,21.7,0.5,,,,,0,float,,5.0,,,,
AZQ,1990,21.2,-0.5,,,,,0,float,,5.0,,,,
AZQ,1991,25.9,-3.2,,,,,0,float,,5.0,,,,
AZQ,1992,31.2,-4.9,,,,,0,float,,5.0,,,,
AZQ,1993,33.7,-4.3,,,,,0,float,,5.0,,,,
AZQ,1994,33.9,-3.0,,,,,0,float,,5.0,,,,
AZQ,1995,32.8,-1.7,,,,,0,float,,5.0,,,,
AZQ,1996,30.4,-0.9,,,,,0,float,,5.0,,,,
AZQ,1997,27.1,-0.3,,,,,0,float,,5.0,,,,
AZQ,1998,25.1,-0.3,,,,,0,float,,5.0,,,,
AZQ,1999,23.7,0.4,,,,,0,float,,5.0,,,,
AZQ,2000,20.7,1.1,,,,,0,float,,5.0,,,,
AZQ,2001,18.4,0.1,,,,,0,float,,5.0,,,,
AZQ,2002,16.4,0.5,,,,,0,float,,5.0,,,,
AZQ,2003,14.7,1.4,,,,,0,float,,5.0,,,,
AZQ,2004,13.3,1.7,,,,,0,float,,5.0,,,,
AZQ,2005,12.2,2.2,,,,,0,float,,5.0,,,,
AZQ,2006,11.0,2.1,,,,,0,float,,5.0,,,,
AZQ,2007,10.5,1.7,,,,,0,float,,5.0,,,,
AZQ,2008,12.5,-0.8,,,,,0,float,,5.0,,,,
AZQ,2009,17.4,-4.2,,,,,0,float,,5.0,,,,
AZQ,2010,21.3,-5.1,,,,,0,float,,5.0,,,,
AZQ,2011,25.0,-4.6,,,,,0,float,,5.0,,,,
AZQ,2012,28.2,-3.4,,,,,0,float,,5.0,,,,
AZQ,2013,30.8,-2.6,,,,,0,float,,5.0,,,,
AZQ,2014,33.9,-2.6,,,,,0,float,,5.0,,,,
AZQ,2015,37.2,-2.4,,,,,0,float,,5.0,,,,
AZQ,2016,39.6,-2.0,,,,,0,float,,5.0,,,,
AZQ,2017,39.8,-1.3,,,,,0,float,,5.0,,,,
AZQ,2018,39.9,-0.9,,,,,0,float,,5.0,,,,
AZQ,2019,44.6,-4.1,,,,,0,float,,5.0,,,,
AZQ,2020,55.1,-8.1,,,,,0,float,,5.0,,,,
AZQ,2021,54.3,-6.0,,,,,0,float,,5.0,,,,
AZQ,2022,49.7,-2.4,,,,,0,float,,5.0,,,,
AZQ,2023,49.1,-1.5,,,,,0,float,,5.0,,,,
BDI,2000,120.0,-5.7,,-0.856864058424151,3.137,24.4320242102151,0,float,,5.0,,,,
BDI,2001,113.6,-7.8,,2.05580710835243,3.154,9.29618771341889,0,float,,5.0,,,,
BDI,2002,144.8,-4.9,,4.44651941224797,3.168,-1.3656800532806,0,float,,5.0,,,,
BDI,2003,159.9,-13.7,,-1.22372796023444,3.145,10.6474645658306,0,float,,5.0,,,,
BDI,2004,166.1,-14.9,,4.83365776809453,3.177,8.17642937482053,0,float,,5.0,,,,
BDI,2005,137.0,-10.6,,0.900000000901912,3.162,13.2520699188224,0,float,,5.0,,,,
BDI,2006,130.3,-9.9,,5.41380714491444,3.185,2.74542000214241,0,float,,5.0,,,,
BDI,2007,129.6,-2.5,,3.44449364663615,2.404,8.41206285772544,0,float,,5.0,,,,
BDI,2008,102.5,-2.7,,4.90874190813545,1.634,24.4069510353914,0,float,,5.0,,,,
BDI,2009,25.7,-5.1,,3.7870758305051,1.622,10.5554355299529,0,float,,5.0,,,,
BDI,2010,46.9,-3.6,,5.09373697323055,1.615,6.49326591473993,0,float,,5.0,,,,
BDI,2011,42.7,-3.5,,4.02442793864228,1.602,9.5921660597967,0,float,,5.0,,,,
BDI,2012,41.4,-3.8,,4.42303118490126,1.593,18.1610453065451,0,float,,5.0,,,,
BDI,2013,37.9,-1.9,,4.92392485117456,1.584,7.93795807492418,0,float,,5.0,,,,
BDI,2014,38.0,-3.9,,4.24490803087248,1.572,4.40535234185293,0,float,,5.0,,,,
BDI,2015,39.9,-7.6,,-0.404525595204191,1.449,5.54468891259779,0,float,,5.0,,,,
BDI,2016,46.1,-7.1,,3.20017470408993,1.352,5.55768961400965,0,float,,5.0,,,,
BDI,2017,46.9,-5.0,,3.83185757061784,1.25,16.0525353030392,0,float,,5.0,,,,
BDI,2018,53.0,-6.7,,5.34224473186408,1.147,-2.81469807668465,0,float,,5.0,,,,
BDI,2019,60.1,-6.4,,4.45934202358784,1.043,-0.686772170797359,0,float,,5.0,,,,
BDI,2020,65.9,-6.6,,0.306443811651718,1.03,7.32110643415521,0,float,,5.0,,,,
BDI,2021,63.6,-4.6,,3.23707479372925,1.118,8.40453845076341,0,float,,5.0,,,,
BDI,2022,69.8,-10.7,,2.31770122350822,0.909,18.8008786664945,0,float,,5.0,,,,
BDI,2023,59.9,-7.7,,3.25476897326196,0.911,26.9414835762453,0,float,,5.0,,,,
BEL,1980,76.8,-9.7,,4.44405389248001,,6.64868829655353,0,fixed,,10.0,103.055447784319,,,
BEL,1981,89.7,-16.0,,-0.279283585394069,,7.62748656814271,0,fixed,,10.0,110.221352145195,,,
BEL,1982,99.6,-12.8,,0.594986767578831,,8.72654906555471,0,fixed,,10.0,117.925349546572,,,
BEL,1983,110.3,-15.0,,0.311843009473307,,7.66160983743883,0,fixed,,10.0,120.395562511556,,,
BEL,1984,114.6,-11.2,,2.46638245146747,,6.34177491009128,0,fixed,,10.0,128.230735025444,,,
BEL,1985,119.4,-10.4,,1.65179297063331,,4.8687339949694,0,fixed,,10.0,123.876986090012,,,
BEL,1986,124.7,-10.3,,1.82276203316596,,1.2943681910248,0,fixed,,10.0,112.327024533852,,,
BEL,1987,129.2,-8.1,,2.30665968936027,,1.55338261314945,0,fixed,,10.0,109.919099925859,,,
BEL,1988,129.7,-7.5,,4.72320872854138,,1.16093493415331,0,fixed,,10.0,116.422946593266,,,
BEL,1989,126.4,-7.8,,3.46916697570174,,3.10705065111094,0,fixed,,10.0,124.936932679633,,,
BEL,1990,130.3,-7.0,,3.13740221731629,,3.44831217961808,0,fixed,,10.0,121.467851074465,,,
BEL,1991,131.8,-7.7,,1.83307441343001,6.984,3.2153106926081,0,fixed,,10.0,118.59013771799,,,
BEL,1992,134.7,-8.4,,1.53065475142162,6.702,2.42795567164615,0,fixed,,10.0,115.069287501636,,,
BEL,1993,138.9,-7.7,,-0.961873076923027,8.078,2.75442643473462,0,fixed,,10.0,109.012736996759,,,
BEL,1994,137.1,-5.3,,3.22697145426247,9.645,2.377540844764,0,fixed,,10.0,113.232300033612,,,
BEL,1995,131.3,-4.5,,2.38475724870135,9.337,1.46796699090272,0,fixed,,10.0,116.378567821327,,,
BEL,1996,129.0,-4.0,,1.32143214432601,9.483,2.07702107350675,0,fixed,,10.0,119.212775757383,,,
BEL,1997,124.3,-2.2,,3.79367165541437,8.95,1.62816049512954,0,fixed,,10.0,125.68894005618,,,
BEL,1998,119.2,-1.0,,1.96183240455609,9.322,0.94925028835061,0,fixed,,10.0,124.709122626318,,,
BEL,1999,115.4,-0.6,,3.54271798823922,8.649,1.12084823417847,1,fixed,,10.0,125.169990540949,,,
BEL,2000,109.6,-0.1,,3.71670510672588,6.586,2.544517761909,1,fixed,,10.0,142.230135067034,,,
BEL,2001,108.2,0.2,,1.09960362419645,6.178,2.46925823086083,1,fixed,,10.0,139.576839834619,,,
BEL,2002,105.4,0.0,,1.70689430349601,6.91,1.64521436175361,1,fixed,,10.0,136.085149488081,,,
BEL,2003,101.7,-1.9,,1.03795518162204,7.68,1.58896399970372,1,fixed,,10.0,132.715552833888,,,
BEL,2004,97.2,-0.2,,3.57120671942319,7.363,2.09728311239316,1,fixed,,10.0,136.918405348432,,,
BEL,2005,95.1,-2.7,,2.32173792911834,8.44,2.78143263670029,1,fixed,,10.0,144.529050669983,,,
BEL,2006,91.5,0.2,,2.55234087322462,8.246,1.79120770070454,1,fixed,,10.0,149.567509299511,,,
BEL,2007,87.3,0.1,,3.67692462515802,7.459,1.8230563002681,1,fixed,,10.0,152.468446875303,,,
BEL,2008,93.2,-1.1,,0.446905130727231,6.976,4.48944420508404,1,fixed,,10.0,161.088447790447,,,
BEL,2009,99.9,-5.4,,-1.90644105515335,7.908,-0.0531456741254177,1,fixed,,10.0,135.13840572229,,,
BEL,2010,100.2,-4.1,,2.71031150254662,8.293,2.18929920422458,1,fixed,,10.0,150.162563621427,,,
BEL,2011,102.7,-4.4,,1.93115502411325,7.14,3.5320821072274,1,fixed,,10.0,160.765516888126,,,
BEL,2012,104.3,-4.3,,0.215803612089744,7.542,2.83966343445899,1,fixed,,10.0,160.383301425059,,,
BEL,2013,105.0,-3.2,,0.305494549070232,8.425,1.1130959402754,1,fixed,,10.0,157.573622782434,,,
BEL,2014,106.6,-3.2,,1.76554038149924,8.523,0.340002833356922,1,fixed,,10.0,158.571610953523,,,
BEL,2015,105.6,-2.5,,1.47416433731927,8.482,0.561429152790158,1,fixed,,10.0,155.068682045926,,,
BEL,2016,105.5,-2.4,,1.19350273007754,7.83,1.97385264653163,1,fixed,,10.0,159.057696611945,,,
BEL,2017,102.5,-0.8,,1.47446761556785,7.09,2.12597086002616,1,fixed,,10.0,166.904078237791,,,
BEL,2018,100.1,-1.0,,1.87796847383565,5.941,2.05316499865178,1,fixed,,10.0,168.277692877218,,,
BEL,2019,97.6,-2.0,,2.4428900448156,5.364,1.43681956996438,1,fixed,,10.0,165.46547893199,,,
BEL,2020,111.2,-9.0,,-4.7929839083518,5.545,0.740791812220344,1,fixed,,10.0,156.950121282783,,,
BEL,2021,108.5,-5.4,,6.25445686466593,6.248,2.44024851144084,1,fixed,,10.0,177.381912201075,,,
BEL,2022,103.1,-3.6,,4.02460852835887,5.57,9.597511728725,1,fixed,,10.0,191.053418131592,,,
BEL,2023,102.2,-4.0,,1.56125539542029,5.547,4.04901077613941,1,fixed,,10.0,165.987440736442,,,
BEN,1998,53.6,2.5,,3.96101213832645,1.048,5.75331458417064,0,float,,5.0,59.5936252981433,,,
BEN,1999,39.4,1.9,,5.34144937204417,0.949,0.326722893396866,0,float,,5.0,54.3917891538957,,,
BEN,2000,39.6,-3.7,,5.85771420543269,0.864,4.16540442290283,0,float,,5.0,47.3481515012844,,,
BEN,2001,38.0,-3.3,,5.33313570603937,0.766,3.98429547767893,0,float,,5.0,48.2571706392197,,,
BEN,2002,30.8,-3.3,,4.64303087074482,0.69,2.48916235491541,0,float,,5.0,43.7684225364311,,,
BEN,2003,23.4,-1.1,,3.44357677591658,0.747,1.48724246145442,0,float,,5.0,41.6162305574334,,,
BEN,2004,21.5,-0.7,,4.42968455385082,0.79,0.8738908308685,0,float,,5.0,39.9029743365096,,,
BEN,2005,27.0,-1.5,,1.71316456361184,0.859,5.36452085832342,0,float,,5.0,39.0959311879142,,,
BEN,2006,8.4,-0.1,,3.94373882815798,0.888,3.78217696540375,0,float,,5.0,39.7746987128551,,,
BEN,2007,14.3,0.2,,5.98634932177609,0.902,1.29806813334152,0,float,,5.0,49.1137841529705,,,
BEN,2008,18.3,0.0,,4.89657708429647,0.895,7.94729876067854,0,float,,5.0,47.7753592695169,,,
BEN,2009,18.7,-2.2,,2.31929213912838,0.95,0.896072355749069,0,float,,5.0,44.7026290629806,,,
BEN,2010,21.0,-0.3,,2.11406472648392,1.04,2.20783532536524,0,float,,5.0,51.4308599492924,,,
BEN,2011,21.9,-1.0,,2.96375291904201,2.647,2.7042390774728,0,float,,5.0,47.2170288118403,,,
BEN,2012,19.5,-0.2,,4.811223315688,2.458,6.74468253340712,0,float,,5.0,50.7367367791134,,,
BEN,2013,18.5,-1.4,,7.19143372144946,2.198,0.428888888888884,0,float,,5.0,59.2001918331875,,,
BEN,2014,22.3,-1.7,,6.35767909791932,1.952,-0.548757550948181,0,float,,5.0,65.2682749404551,,,
BEN,2015,30.9,-5.6,,1.77815106030278,1.886,0.218785923536245,0,float,,5.0,56.7563131849476,,,
BEN,2016,35.9,-4.3,,3.33967342629693,1.834,-0.793310145785624,0,float,,5.0,58.9869283378276,,,
BEN,2017,39.4,-4.2,,5.67156195150444,1.691,0.0432648555103608,0,float,,5.0,61.4765969588474,,,
BEN,2018,40.8,-3.0,,6.69725362180888,1.426,0.919170717886054,0,float,,5.0,61.7951944903448,,,
BEN,2019,40.4,-0.5,,6.86568662848335,1.214,0.732849371241066,0,float,,5.0,63.68133231423,,,
BEN,2020,46.1,-4.7,,3.84879240030133,1.518,3.02272119663759,0,float,,5.0,44.8332333768726,,,
BEN,2021,55.6,-2.5,,7.1554516457574,1.833,1.73353962694036,0,float,,5.0,48.0548608324409,,,
BEN,2022,59.7,-5.6,,6.25294705373625,1.685,1.35077863583527,0,float,,5.0,44.3815928877424,,,
BEN,2023,61.3,-4.1,,6.3527773854442,1.641,2.73870078406075,0,float,,5.0,44.6631308180211,,,
BFA,2002,43.3,-4.4,,4.35296382988099,2.862,2.17569480664608,0,float,,5.0,31.3125228527966,,,
BFA,2003,39.7,-1.8,,7.80249388870359,2.78,2.03456574053815,0,float,,5.0,30.3682364077323,,,
BFA,2004,40.7,-4.2,,4.47845213670386,3.48,-0.400228702115452,0,float,,5.0,35.4809436017462,,,
BFA,2005,39.2,-4.9,,8.66187322841225,4.0,6.41504018369684,0,float,,5.0,34.1721697681049,,,
BFA,2006,20.1,14.3,,6.25316468817478,3.67,2.3331085637222,0,float,,5.0,35.1065423554549,,,
BFA,2007,22.4,-5.0,,4.11137901761516,3.3,-0.230627306273049,0,float,,5.0,33.7797172895073,,,
BFA,2008,24.9,-3.6,,5.79999174105387,3.501,10.6597978997424,0,float,,5.0,35.3853169801502,,,
BFA,2009,25.9,-4.2,,2.96195085866692,3.723,2.60817666368314,0,float,,5.0,40.2959836735924,,,
BFA,2010,23.7,-4.1,,8.44628157707625,3.725,-0.764230734676768,0,float,,5.0,49.0732385398039,,,
BFA,2011,24.5,-2.0,,6.62256261306693,3.827,2.75976724854534,0,float,,5.0,57.4972531038508,,,
BFA,2012,25.2,-2.8,,6.45267237953146,3.849,3.8181524025238,0,float,,5.0,61.2386079818398,,,
BFA,2013,25.9,-3.5,,5.79258484509867,4.054,0.533738507090536,0,float,,5.0,64.0358513024234,,,
BFA,2014,26.1,-1.7,,4.32684561452976,4.255,-0.258089517535291,0,float,,5.0,58.8235624937426,,,
BFA,2015,31.3,-2.1,,3.9212287937935,4.472,0.724838981070517,0,float,,5.0,59.0891813101662,,,
BFA,2016,32.9,-3.1,,5.95797670754024,4.598,0.441041448058809,0,float,,5.0,57.8931727994406,,,
BFA,2017,33.9,-6.9,,6.20348941121868,4.662,1.48299897161326,0,float,,5.0,59.2687802020168,,,
BFA,2018,38.1,-4.4,,6.60456906812341,4.695,1.95594302672532,0,float,,5.0,60.5956256236488,,,
BFA,2019,41.7,-3.4,,5.88920497068135,4.493,-3.23338933983322,0,float,,5.0,60.4086928753226,,,
BFA,2020,43.6,-5.2,,2.01077262406221,4.59,1.88470066518847,0,float,,5.0,60.7397786403239,,,
BFA,2021,55.5,-7.4,,6.94252492572348,4.511,3.65326761825509,0,float,,5.0,62.4203586607795,,,
BFA,2022,59.2,-10.9,,1.62673258211919,3.828,14.2902354303358,0,float,,5.0,67.5202901331655,,,
BFA,2023,56.8,-6.9,,3.00027415814125,3.601,0.742910428668918,0,float,,5.0,63.1530435873964,,,
BGD,2003,37.0,-2.0,,4.73956739963045,4.32,5.66870773441476,0,float,,6.0,27.657884900158,,,
BGD,2004,36.6,-2.2,,5.23953291029852,4.316,7.5875363850469,0,float,,6.0,26.8582341492431,,,
BGD,2005,35.6,-2.4,,6.53594493875502,4.25,7.04661816222039,0,float,,6.0,34.396934864465,,,
BGD,2006,35.3,-2.1,,6.67190498576788,3.591,6.76526117054757,0,float,,6.0,38.1119244325921,,,
BGD,2007,35.0,-1.9,,7.05859935449848,4.015,9.10698496905383,0,float,,6.0,39.9423826531735,,,
BGD,2008,33.9,-3.4,,6.01378975738535,4.49,8.90194489465154,0,float,,6.0,42.6209140325589,,,
BGD,2009,33.0,-2.7,,5.04512479919337,5.0,5.42347236174679,0,float,,6.0,40.092796223023,,,
BGD,2010,29.6,-2.2,,5.57178818533122,3.379,8.12667639169917,0,float,,6.0,37.8028426708321,,,
BGD,2011,29.4,-3.0,,6.46437912497728,3.737,11.3951651552399,0,float,,6.0,47.4208498356898,,,
BGD,2012,29.1,-2.6,,6.52145877906443,4.07,6.21750422069284,0,float,,6.0,48.1109227490467,,,
BGD,2013,28.3,-2.9,,6.01360565834344,4.426,7.53040640913172,0,float,,6.0,46.2964027228174,,,
BGD,2014,28.7,-2.6,,6.0610593588495,4.417,6.99163889220849,0,float,,6.0,44.5140801968096,,,
BGD,2015,28.2,-3.3,,6.55263987816197,4.397,6.19428022984984,0,float,,6.0,42.0859963070382,,,
BGD,2016,27.7,-3.2,,7.11347821270093,4.35,5.51352572692995,0,float,,6.0,31.3341501346142,,,
BGD,2017,28.3,-4.2,,6.59024999794057,4.372,5.70207015717239,0,float,,6.0,29.9997306724343,,,
BGD,2018,29.6,-4.1,,7.31941263014136,4.439,5.54362139486476,0,float,,6.0,32.5146317240884,,,
BGD,2019,32.0,-5.4,,7.88191515117722,4.504,5.59199639930629,0,float,,6.0,31.5780544912404,,,
BGD,2020,34.5,-4.8,,3.44801755122445,5.539,5.69107474746211,0,float,,6.0,26.271447376215,,,
BGD,2021,35.6,-3.6,,6.93867912442445,5.457,5.54565430773473,0,float,,6.0,27.7240047036631,,,
BGD,2022,37.9,-4.5,,7.09982877575158,4.593,7.69695437176898,0,float,,6.0,33.7799672705735,,,
BGD,2023,39.7,-4.4,,5.77511237007889,3.352,9.8835030377921,0,float,,6.0,30.9829714104596,,,
BGR,1998,67.3,1.1,,3.7891144939896,12.2,18.6722044420641,0,fixed,,9.0,77.0452015666429,,,
BGR,1999,78.7,0.2,,-8.39608774026568,14.1,2.57304281890212,0,fixed,,9.0,90.0749813655593,,,
BGR,2000,73.3,-0.6,,4.58722553234129,16.218,10.3162621289989,0,fixed,,9.0,77.7456854212701,,,
BGR,2001,67.1,-0.6,,3.82370222571771,19.921,7.36093927231841,0,fixed,,9.0,79.0813824014922,,,
BGR,2002,53.4,-0.6,,5.87193134676191,18.11,5.81014365721826,0,fixed,,9.0,75.269621415721,,,
BGR,2003,45.4,0.0,,5.23715282493174,13.733,2.34864169582758,0,fixed,,9.0,79.0138894271643,,,
BGR,2004,37.8,1.6,,6.5104241389717,12.037,6.14713074246267,0,fixed,,9.0,93.0639046910296,,,
BGR,2005,28.5,2.2,,7.05634916258309,10.083,5.0388380711191,0,fixed,,9.0,99.714224874021,,,
BGR,2006,22.6,3.2,,6.80259262432862,8.951,7.26159462769947,0,fixed,,9.0,111.047459756649,,,
BGR,2007,17.6,3.1,,6.65438512368812,6.878,8.40253419005893,0,fixed,,9.0,123.532578691039,,,
BGR,2008,14.7,2.7,,6.12955885899744,5.609,12.3487195994021,0,fixed,,9.0,124.68876138203,,,
BGR,2009,14.5,-0.9,,-3.34714308501542,6.817,2.75320223914819,0,fixed,,9.0,92.6926410550003,,,
BGR,2010,14.1,-3.8,,1.55536266288017,10.279,2.43899060504117,0,fixed,,9.0,103.380518426721,,,
BGR,2011,14.3,-1.8,,2.09017598337418,11.26,4.21990346601872,0,fixed,,9.0,117.418101416931,,,
BGR,2012,16.5,-0.4,,0.748814556346105,12.27,2.95456829831012,0,fixed,,9.0,123.97132336227,,,
BGR,2013,17.2,-1.8,,-0.542753400392826,12.941,0.890093540913096,0,fixed,,9.0,129.688685003845,,,
BGR,2014,26.3,-3.7,,0.949449772002041,11.424,-1.4181838026484,0,fixed,,9.0,130.248372124871,,,
BGR,2015,25.4,-2.8,,3.39755351999294,9.143,-0.104633261008479,0,fixed,,9.0,126.736652288689,,,
BGR,2016,27.0,1.5,,3.02662820096305,7.575,-0.798649886453617,0,fixed,,9.0,122.805519071127,,,
BGR,2017,22.9,0.8,,2.74592737750996,6.164,2.06159619443141,0,fixed,,9.0,129.634433774038,,,
BGR,2018,20.1,0.1,,2.33015054210419,5.211,2.81454473824838,0,fixed,,9.0,129.166502231244,,,
BGR,2019,18.4,-1.0,,3.79331964589196,4.148,3.10372944796771,0,fixed,,9.0,125.260415075086,,,
BGR,2020,22.7,-2.9,,-3.13323543125917,5.037,1.67244096855756,0,fixed,,9.0,110.423903082333,,,
BGR,2021,23.9,-2.8,,7.82817310703665,5.166,3.29774435299506,0,fixed,,9.0,121.214091012604,,,
BGR,2022,22.5,-0.8,,4.08386398118941,4.148,15.3252589264367,0,fixed,,9.0,138.844872770267,,,
BGR,2023,22.9,-3.0,,1.68151075832925,4.319,9.44284140088564,0,fixed,,9.0,119.899505851916,,,
BHR,1990,7.2,-6.8,,4.43799717642609,,0.929335437489093,0,float,,5.0,184.828804680899,,,
BHR,1991,6.7,-3.5,,11.2299982766857,1.047,0.764419735927609,0,float,,5.0,158.867796593681,,,
BHR,1992,6.5,-5.4,,6.68999812735618,0.968,-0.172413793103312,0,float,,5.0,159.291898335568,,,
BHR,1993,5.9,-2.8,,12.8700067450998,0.882,2.53886010362695,0,float,,5.0,144.763045585989,,,
BHR,1994,5.6,-5.2,,-0.250001381199439,1.007,0.816910897759778,0,float,,5.0,136.473470897416,,,
BHR,1995,13.6,-4.0,,3.92999239295094,1.044,2.70403475064704,0,float,,5.0,134.086732319169,,,
BHR,1996,13.1,0.2,,4.11000631738246,1.177,-0.452227382530348,0,float,,5.0,144.333450490306,,,
BHR,1997,14.8,-6.4,,3.09299923370425,1.125,2.43155133955926,0,float,,5.0,130.672449001883,,,
BHR,1998,20.0,-5.5,,4.79000359326143,1.114,-0.366533864541774,0,float,,5.0,113.001418957352,,,
BHR,1999,24.7,-4.8,,4.29999824426375,1.112,-1.2875879718491,0,float,,5.0,124.735737154328,,,
BHR,2000,24.7,7.3,,5.30006940305884,1.081,-0.70485295309079,0,float,,5.0,135.809135327865,,,
BHR,2001,25.0,0.7,,2.49094875338352,1.118,-1.20757180156659,0,float,,5.0,127.026266277537,,,
BHR,2002,27.2,-3.3,,3.34855067103268,1.137,-0.495540138751154,0,float,,5.0,131.133634216392,,,
BHR,2003,31.1,-1.7,,6.29644129075703,1.126,1.59362549800787,0,float,,5.0,128.091582155216,,,
BHR,2004,28.2,0.2,,6.98096175867695,1.064,2.35294117647062,0,float,,5.0,140.737310039923,,,
BHR,2005,23.2,2.8,,6.76899737789502,1.021,2.58620689655173,0,float,,5.0,148.313525108923,,,
BHR,2006,19.4,2.2,,6.4669995195042,1.021,2.00746965452849,0,float,,5.0,147.104181068989,,,
BHR,2007,15.7,1.5,,8.29396129093843,1.006,3.25666666666703,0,float,,5.0,137.785050572304,,,
BHR,2008,12.1,4.1,,6.24501094995797,1.015,3.52600316363721,0,float,,5.0,145.882511145821,,,
BHR,2009,20.5,-5.4,,2.53988570158225,1.07,2.79551283550412,0,float,,5.0,117.963725409489,,,
BHR,2010,28.8,-9.3,,4.3342989754845,1.13,1.96188468334623,0,float,,5.0,115.561486449616,,,
BHR,2011,31.6,-4.9,,1.92815791170796,1.21,-0.40004069748808,0,float,,5.0,167.529641035854,,,
BHR,2012,34.8,-5.8,,3.80302899043062,1.2,2.75739669962979,0,float,,5.0,178.824020821684,,,
BHR,2013,42.3,-8.5,,5.29262224906203,1.184,3.30001156888442,0,float,,5.0,184.58950884485,,,
BHR,2014,42.6,-3.3,,4.30885692657077,1.144,2.64755321246189,0,float,,5.0,168.57585814186,,,
BHR,2015,63.2,-17.5,,2.50787205267615,1.164,1.84862742374977,0,float,,5.0,147.916060172904,,,
BHR,2016,77.4,-16.6,,3.81499327422425,1.19,2.78679347602044,0,float,,5.0,132.822997902774,,,
BHR,2017,84.0,-13.4,,4.95383534123657,1.18,1.38671830576406,0,float,,5.0,136.429239810394,,,
BHR,2018,90.4,-11.3,,2.05258864979861,1.188,2.08766938046978,0,float,,5.0,144.075372574535,,,
BHR,2019,97.1,-8.6,,2.05287774418655,1.217,1.00582004702137,0,float,,5.0,135.417543398211,,,
BHR,2020,125.7,-17.3,,-5.9113629524152,1.765,-2.31770629331379,0,float,,5.0,135.460985012931,,,
BHR,2021,122.3,-10.6,,4.35004091668986,1.548,-0.60631938514085,0,float,,5.0,153.799316485108,,,
BHR,2022,111.6,-6.0,,6.18016125475185,1.265,3.62574104304482,0,float,,5.0,167.141241152535,,,
BHR,2023,123.0,-9.7,,3.87811614845566,1.049,0.0746206782192256,0,float,,5.0,157.447854682297,,,
BHS,1990,13.2,-2.6,,-1.59624908755521,,4.66931912018676,0,float,,5.0,110.120025268478,,,
BHS,1991,15.3,-2.3,,-4.18178502345002,12.17,7.11468120203628,0,float,,5.0,106.118618136001,,,
BHS,1992,17.9,-2.2,,-3.82558229706301,14.81,5.73819886173447,0,float,,5.0,101.461563203602,,,
BHS,1993,19.7,-1.1,,0.307806596011844,12.72,2.72289766970591,0,float,,5.0,103.359961190168,,,
BHS,1994,20.9,-0.4,,3.14891597200189,13.83,1.39933423745548,0,float,,5.0,104.401963792574,,,
BHS,1995,21.0,0.2,,4.37875203482501,10.83,2.06699495410042,0,float,,5.0,104.465441819773,,,
BHS,1996,20.7,-0.2,,4.22353036224139,11.46,1.37913741223666,0,float,,5.0,105.856747021336,,,
BHS,1997,21.5,-1.6,,1.28775320549799,9.76,0.544150383378688,0,float,,5.0,79.7348855718879,,,
BHS,1998,20.8,-0.4,,4.71679855496301,7.65,1.33661336613371,0,float,,5.0,77.7261671656993,,,
BHS,1999,19.8,1.8,,7.14410390677141,7.45,1.2542482602363,0,float,,5.0,75.7027383336782,,,
BHS,2000,19.2,0.1,,4.14841930754267,7.118,1.60632941740579,0,float,,5.0,79.6449438925669,,,
BHS,2001,18.5,0.3,,2.62600982683425,6.87,2.04498977505121,0,float,,5.0,72.5008806383396,,,
BHS,2002,19.4,-1.7,,2.70495624731029,9.05,2.17357792508093,0,float,,5.0,70.2779817050926,,,
BHS,2003,20.8,-1.6,,-1.26491667612372,10.84,3.02504526252236,0,float,,5.0,71.063540505226,,,
BHS,2004,21.6,-1.9,,0.882373744518318,10.2,0.981914036757662,0,float,,5.0,76.0019833710461,,,
BHS,2005,23.0,-1.2,,3.39608420536011,10.2,1.59160618079802,0,float,,5.0,81.3962709176308,,,
BHS,2006,23.2,-0.4,,2.51659221712706,7.54,2.38982627439254,0,float,,5.0,87.5507143032777,,,
BHS,2007,23.5,-0.8,,1.44609991235758,7.88,2.49257794939396,0,float,,5.0,88.0128155625079,,,
BHS,2008,25.3,-0.8,,-2.32364807041851,8.18,4.4895599537506,0,float,,5.0,87.4292228766863,,,
BHS,2009,30.1,-2.4,,-4.17542805647342,14.25,2.06273473452682,0,float,,5.0,76.5210439633098,,,
BHS,2010,33.9,-2.6,,1.53866248693835,14.435,1.34402738392836,0,float,,5.0,78.6756024311196,,,
BHS,2011,35.3,-2.9,,0.613170735890648,14.52,3.1987814166032,0,float,,5.0,88.3336891598687,,,
BHS,2012,37.6,-3.3,,4.52003886739061,14.02,1.97336755976254,0,float,,5.0,84.2515204656543,,,
BHS,2013,44.2,-5.1,,-2.86320081549439,16.18,0.722414784530551,0,float,,5.0,84.5484138879077,,,
BHS,2014,47.7,-4.5,,1.8469701294558,13.8,1.51375643050831,0,float,,5.0,80.5370272284116,,,
BHS,2015,49.9,-3.3,,0.997411675486745,12.0,1.86148302863371,0,float,,5.0,69.6779752652565,,,
BHS,2016,51.1,-2.6,,-1.15650811269629,12.7,-0.346376929989397,0,float,,5.0,67.212921580015,,,
BHS,2017,54.6,-6.1,,3.3713988456489,9.8,1.51820700736147,0,float,,5.0,68.334284038596,,,
BHS,2018,61.5,-3.3,,2.39795510823548,10.0,2.26586346678736,0,float,,5.0,72.1542685971043,,,
BHS,2019,60.3,-1.7,,-0.838585871193203,9.336,2.49123527368046,0,float,,5.0,68.7866234842208,,,
BHS,2020,71.9,-7.1,,-20.0893664891399,12.016,0.0385210980054558,0,float,,5.0,53.4207580670063,,,
BHS,2021,90.7,-11.9,,17.5861390037409,11.078,2.90491262928478,0,float,,5.0,65.9325413308964,,,
BHS,2022,84.7,-5.5,,10.8779009410268,9.25,5.60540633583044,0,float,,5.0,75.9829601059237,,,
BHS,2023,78.3,-3.7,,3.04824180553773,8.645,3.05291578969743,0,float,,5.0,76.5494751592857,,,
BIH,1998,54.4,-1.0,,16.6163750921985,23.494,,0,float,,5.0,125.666609057011,,,
BIH,1999,56.0,-2.8,,9.52156995576404,24.441,,0,float,,5.0,121.820541564193,,,
BIH,2000,34.6,-4.6,,5.41431598814764,25.446,,0,float,,5.0,85.3577431341788,,,
BIH,2001,35.1,-3.4,,2.42331312996704,26.485,,0,float,,5.0,86.0357340130948,,,
BIH,2002,31.1,-3.0,,5.027444647203,27.477,,0,float,,5.0,78.7274783626,,,
BIH,2003,27.6,-0.4,,3.86713552011777,28.424,,0,float,,5.0,80.5694572639365,,,
BIH,2004,25.5,-0.2,,6.32526794858342,29.279,,0,float,,5.0,81.8126861817184,,,
BIH,2005,24.9,0.7,,3.89718320544974,30.218,,0,float,,5.0,84.3554628217984,,,
BIH,2006,20.6,2.1,,5.41400299607282,31.11,6.12556615620285,0,float,,5.0,79.8299477752016,,,
BIH,2007,18.2,0.2,,5.85911689412598,28.984,1.50077710611542,0,float,,5.0,83.551858889163,,,
BIH,2008,30.3,-3.8,,5.44184730165964,23.405,7.42704310332953,0,float,,5.0,86.1628798430504,,,
BIH,2009,36.4,-5.3,,-3.0044555389081,24.068,-0.381464282453057,0,float,,5.0,73.7474942255023,,,
BIH,2010,42.2,-4.1,,0.865667236280544,27.312,1.99621236745887,0,float,,5.0,80.9682159626823,,,
BIH,2011,40.9,-2.7,,0.959511709726897,27.582,3.67125,0,float,,5.0,87.8363477136556,,,
BIH,2012,43.6,-3.8,,-0.821837252962993,28.01,2.05267452001717,0,float,,5.0,88.1451088628529,,,
BIH,2013,43.8,-2.2,,2.34985873172397,27.49,-0.0930456838317588,0,float,,5.0,87.9312380280562,,,
BIH,2014,47.1,-2.9,,1.15384793371298,27.517,-0.897194054194333,0,float,,5.0,90.5522780395662,,,
BIH,2015,46.4,-0.2,,4.28413016137854,27.695,-1.03602303425474,0,float,,5.0,88.291992587588,,,
BIH,2016,44.9,0.3,,3.24225822231566,25.408,-1.58400833333336,0,float,,5.0,88.2440340022738,,,
BIH,2017,38.6,1.8,,3.24409895306594,20.527,0.810039425333895,0,float,,5.0,96.6458803566861,,,
BIH,2018,34.5,1.6,,3.82900399349064,18.4,1.41710814018034,0,float,,5.0,98.4320694182631,,,
BIH,2019,32.8,1.4,,2.88585242083978,15.692,0.56278215406123,0,float,,5.0,94.516125154246,,,
BIH,2020,37.2,-4.5,,-3.01509335460439,15.868,-1.0512960076349,0,float,,5.0,82.5216467994007,,,
BIH,2021,35.8,-0.2,,7.39164256472846,14.897,1.98163900587622,0,float,,5.0,96.7391144408744,,,
BIH,2022,31.2,0.1,,4.22681333390325,12.657,14.0208440826771,0,float,,5.0,110.205283719751,,,
BIH,2023,29.0,-1.7,,1.99439414850893,10.668,6.1059011284828,0,float,,5.0,99.6330317954442,,,
BLR,2004,9.2,-7.1,,11.4497432088167,9.463,18.1082424937646,0,float,,5.0,142.136510387704,,,
BLR,2005,8.1,-6.7,,9.40000151584914,8.759,10.3388794457932,0,float,,5.0,118.88435169233,,,
BLR,2006,12.3,-7.7,,9.99999473022963,8.066,6.99712903535591,0,float,,5.0,124.295103889386,,,
BLR,2007,15.8,-7.8,,8.60000659811426,7.41,8.42675273505306,0,float,,5.0,128.153877979073,,,
BLR,2008,20.3,-10.9,,10.1999994860937,6.728,14.8378764828254,0,float,,5.0,129.599478545475,,,
BLR,2009,32.5,-7.2,,0.199995231733979,6.1,12.9456563410402,0,float,,5.0,108.63564482836,,,
BLR,2010,36.8,-4.2,,7.75001707500896,6.052,7.73574804312515,0,float,,5.0,115.917972989303,,,
BLR,2011,58.2,-2.8,,5.54997471638077,6.024,53.2286983118172,0,float,,5.0,157.974255073313,,,
BLR,2012,36.9,0.4,,1.70785253368828,5.962,59.2197360232519,0,float,,5.0,153.085269313372,,,
BLR,2013,36.9,-1.0,,0.998719299661161,5.942,18.3122610377873,0,float,,5.0,119.815965235724,,,
BLR,2014,38.8,0.1,,1.65112470228097,5.908,18.1195543526734,0,float,,5.0,110.651424367582,,,
BLR,2015,53.0,-3.0,,-3.82957056812593,5.881,13.5344897649734,0,float,,5.0,115.914826201946,,,
BLR,2016,53.5,-1.7,,-2.5264464460425,5.844,11.8365807653497,0,float,,5.0,125.209322899662,,,
BLR,2017,53.2,-0.3,,2.53218349471909,5.648,6.03183725177795,0,float,,5.0,133.367754723012,,,
BLR,2018,47.5,1.8,,3.14919758275296,4.763,4.87230220550686,0,float,,5.0,139.393736250171,,,
BLR,2019,41.0,0.9,,1.44645548204305,4.165,5.59815595039848,0,float,,5.0,130.850406102184,,,
BLR,2020,47.5,-2.9,,-0.672742918585868,4.049,5.54814357456519,0,float,,5.0,118.934176146534,,,
BLR,2021,41.2,-0.2,,2.43886210234947,3.9,9.46028389623099,0,float,,5.0,136.014167877476,,,
BLR,2022,40.8,-2.0,,-4.65839591328999,3.574,15.209675274081,0,float,,5.0,120.024207576094,,,
BLR,2023,40.7,0.8,,4.12654007153881,3.461,5.0005990309131,0,float,,5.0,131.584674884961,,,
BLZ,2001,49.5,-7.2,,4.99356206143864,9.07,3.65141786561502,0,float,,5.0,93.1624050489864,,,
BLZ,2002,53.2,-5.4,,5.39907320663811,10.04,4.24026660688645,0,float,,5.0,93.0794584713606,,,
BLZ,2003,67.2,-8.4,,9.66522679614125,10.342,2.31808274663101,0,float,,5.0,94.3631228859413,,,
BLZ,2004,70.7,-4.5,,4.78066505273344,10.586,6.39443099742399,0,float,,5.0,86.3853536846826,,,
BLZ,2005,72.7,-3.7,,2.2191905367057,10.91,-1.1043104441191,0,float,,5.0,92.9971266332515,,,
BLZ,2006,71.4,-2.3,,4.51145460193301,9.39,-7.11376771265014,0,float,,5.0,98.8810743235728,,,
BLZ,2007,66.4,-0.2,,3.33939738340764,8.51,2.31808274642021,0,float,,5.0,95.9555511519831,,,
BLZ,2008,64.7,1.3,,-1.62747776449082,8.18,6.39443100250034,0,float,,5.0,105.461874277231,,,
BLZ,2009,69.7,-2.5,,-0.446709636828217,8.323,-1.10431044864355,0,float,,5.0,89.5808843860925,,,
BLZ,2010,68.4,-1.9,,1.41741099233461,8.412,0.917977378808888,0,float,,5.0,94.8581591507411,,,
BLZ,2011,66.2,-1.1,,-0.13007112300869,8.424,1.602056156402,0,float,,5.0,106.914960208874,,,
BLZ,2012,63.1,-0.2,,3.94389321816617,8.378,1.30058074547858,0,float,,5.0,111.166652365429,,,
BLZ,2013,62.8,-1.2,,4.06646561608865,8.349,0.50974776898322,0,float,,5.0,108.672614067831,,,
BLZ,2014,61.5,-1.7,,3.89226067249989,8.244,1.20139964481058,0,float,,5.0,107.112517468788,,,
BLZ,2015,65.1,-5.1,,2.7602602736023,7.578,-0.861584009427748,0,float,,5.0,104.070958799941,,,
BLZ,2016,70.5,-4.5,,-0.0187414958130319,7.0,0.663427167917601,0,float,,5.0,96.4998358304218,,,
BLZ,2017,78.1,-3.5,,-1.83323729057784,6.596,1.14765339305816,0,float,,5.0,97.7072571800462,,,
BLZ,2018,79.0,-1.4,,0.822068592512508,9.346,0.269982622646335,0,float,,5.0,100.989214362975,,,
BLZ,2019,78.6,-2.9,,4.25658710030072,9.053,0.187069385181424,0,float,,5.0,102.441856907677,,,
BLZ,2020,103.0,-8.6,,-13.5228997055506,10.763,0.121434644614894,0,float,,5.0,81.6431433128545,,,
BLZ,2021,82.2,-3.3,,17.9899244143607,10.302,3.23563659237071,0,float,,5.0,98.9824369429997,,,
BLZ,2022,66.8,-1.0,,9.25051329530994,8.682,6.27689319447544,0,float,,5.0,107.840250086037,,,
BLZ,2023,67.5,-2.4,,0.500127941638667,8.278,4.38984017487675,0,float,,5.0,106.400505850771,,,
BOL,2000,66.5,-3.3,,2.50781081484664,2.439,4.60822998872598,0,peg,,8.0,45.5977750218555,,,
BOL,2001,74.4,-6.1,,1.68379914527159,2.623,1.58965377879568,0,peg,,8.0,45.2278224315522,,,
BOL,2002,77.2,-7.8,,2.48556576601922,2.603,0.92825885161107,0,peg,,8.0,49.3502603725957,,,
BOL,2003,85.5,-7.0,,2.7113398065361,2.654,3.33727499671534,0,peg,,8.0,51.967836443987,,,
BOL,2004,80.6,-5.0,,4.1732955905708,2.615,4.43738080101725,0,peg,,8.0,57.4642660901316,,,
BOL,2005,73.2,-2.0,,4.42143313550196,2.598,5.39323106890663,0,peg,,8.0,67.6419413613743,,,
BOL,2006,48.6,4.0,,4.79700881067477,2.575,4.28239604802561,0,peg,,8.0,74.537848431547,,,
BOL,2007,35.5,-1.4,,4.56438425143126,2.614,8.70560923578869,0,peg,,8.0,76.0619114476148,,,
BOL,2008,32.4,3.1,,6.14849787777658,2.603,14.0068107702519,0,peg,,8.0,82.8670208961798,,,
BOL,2009,34.1,2.3,,3.35699958346049,2.973,3.34645420142014,0,peg,,8.0,68.6270739127592,,,
BOL,2010,32.8,1.4,,4.12672258996274,2.609,2.50327605844241,0,peg,,8.0,75.5116262512877,,,
BOL,2011,30.5,0.7,,5.20409245282328,2.255,9.88446419823883,0,peg,,8.0,82.4803954243518,,,
BOL,2012,30.7,1.5,,5.12227560125973,2.066,4.51560291399376,0,peg,,8.0,84.9487611684942,,,
BOL,2013,31.0,0.5,,6.79601141268498,2.437,5.73640023719607,0,peg,,8.0,81.2309075267174,,,
BOL,2014,31.8,-2.9,,5.46056949136766,2.021,5.76660074579144,0,peg,,8.0,85.2644695625131,,,
BOL,2015,34.0,-5.8,,4.85718718508603,3.111,4.05961041135645,0,peg,,8.0,67.9328451905248,,,
BOL,2016,38.2,-6.0,,4.26392086992173,3.498,3.62321431764138,0,peg,,8.0,56.4010345026573,,,
BOL,2017,41.9,-6.4,,4.19520633364647,3.655,2.8227580554717,0,peg,,8.0,45.5761123650708,,,
BOL,2018,44.2,-6.8,,2.86808404814794,3.519,2.27205987230155,0,peg,,8.0,46.9261953417368,,,
BOL,2019,48.9,-6.0,,1.50672102666863,3.682,1.83954504969026,0,peg,,8.0,45.8209732749024,,,
BOL,2020,67.5,-11.0,,-12.7194690092717,7.903,0.940742153381849,0,peg,,8.0,37.5164342446486,,,
BOL,2021,68.7,-7.9,,10.0290488827886,5.089,0.737383721452275,0,peg,,8.0,47.6670843158984,,,
BOL,2022,69.2,-6.1,,3.74741781241461,3.552,1.74632872945969,0,peg,,8.0,57.5249335789631,,,
BOL,2023,78.3,-9.5,,2.51636590154891,3.024,2.57688800489192,0,peg,,8.0,49.6083255594597,,,
BRA,2000,62.2,,,4.38794944745618,10.889,7.04414105947266,0,float,,8.0,22.6397613567941,,,
BRA,2001,67.3,-3.5,,1.38989640095637,10.649,6.84035902487523,0,float,,8.0,26.936285022064,,,
BRA,2002,76.1,-4.1,,3.05346185909312,10.641,8.45016437708331,0,float,,8.0,27.6183574022309,,,
BRA,2003,71.5,-5.4,,1.14082899824888,11.168,14.7149197228147,0,float,,8.0,28.1403847231593,,,
BRA,2004,68.0,-3.0,,5.75996463670954,10.072,6.59718509985963,0,float,,8.0,29.6782524787535,,,
BRA,2005,67.0,-3.4,,3.20213206130431,10.551,6.86953720898964,0,float,,8.0,27.0867952043315,,,
BRA,2006,64.6,-4.9,,3.96198871122617,9.692,4.18356812896909,0,float,,8.0,26.04169989179,,,
BRA,2007,63.0,-2.7,,6.06987060678338,9.28,3.64127299102652,0,float,,8.0,25.2926113755394,,,
BRA,2008,61.4,-2.4,,5.09419544658736,8.268,5.67859390284168,0,float,,8.0,27.257569417356,,,
BRA,2009,64.7,-4.2,,-0.125812002161169,9.419,4.88803479876799,0,float,,8.0,22.1059756060333,,,
BRA,2010,62.4,-3.6,,7.52822581815364,8.42,5.03872690108075,0,float,,8.0,22.772178113177,,,
BRA,2011,60.6,-2.7,,3.97442307944702,7.578,6.6364496221309,0,float,,8.0,23.9344051758721,,,
BRA,2012,61.6,-2.4,,1.92117598576537,7.251,5.40349914036997,0,float,,8.0,25.1142736107398,,,
BRA,2013,59.6,-3.4,,3.00482266944432,7.071,6.20431066640101,0,float,,8.0,25.7859573274674,,,
BRA,2014,61.6,-6.3,,0.503955740242247,6.755,6.32904015516139,0,float,,8.0,24.6854058131291,,,
BRA,2015,71.7,-9.3,,-3.54576339269425,8.538,9.02990102416136,0,float,,8.0,26.95362593736,,,
BRA,2016,77.4,-8.0,,-3.27591690782192,11.58,8.73914352329393,0,float,,8.0,24.5336820777006,,,
BRA,2017,82.7,-8.0,,1.32286905404399,12.792,3.44637335032669,0,float,,8.0,24.3197343743057,,,
BRA,2018,84.8,-7.0,,1.783666761634,12.329,3.66485028376729,0,float,,8.0,28.8762033763866,,,
BRA,2019,87.1,-4.9,,1.22077782360842,11.936,3.73297621216894,0,float,,8.0,28.8902578698964,,,
BRA,2020,96.0,-11.6,,-3.2767587964736,13.697,3.21176803803376,0,float,,8.0,32.3020785437939,,,
BRA,2021,88.9,-2.6,,4.76260437908608,13.158,8.30165975585673,0,float,,8.0,37.6563307598082,,,
BRA,2022,83.9,-4.0,,3.01669435393015,9.231,9.28010608956873,0,float,,8.0,38.8160659763397,,,
BRA,2023,84.0,-7.7,,3.24165532906981,7.947,4.59356282283204,0,float,,8.0,33.6662298301438,,,
BRB,1994,51.4,6.3,,2.01078208266563,22.98,0.0772043884602322,0,float,,5.0,,,,
BRB,1995,52.0,5.8,,2.0139983230294,19.66,1.87886279357232,0,float,,5.0,,,,
BRB,1996,52.3,3.5,,3.97647593869304,14.71,2.38615222842325,0,float,,5.0,,,,
BRB,1997,52.0,5.2,,4.74010359217981,14.61,7.71053878969883,0,float,,5.0,,,,
BRB,1998,47.2,5.6,,3.72846419786779,12.4,-1.26888660701213,0,float,,5.0,,,,
BRB,1999,47.0,5.1,,0.33465616730885,10.61,1.56006240249605,0,float,,5.0,,,,
BRB,2000,53.6,4.7,,4.44718949183194,9.35,2.43581303489138,0,float,,5.0,,,,
BRB,2001,59.0,3.8,,-2.36546415544167,9.85,2.57783490431288,0,float,,5.0,,,,
BRB,2002,62.0,-5.0,,0.787401645449506,10.32,0.12524945805602,0,float,,5.0,,,,
BRB,2003,61.8,-2.9,,2.175481019956,11.0,1.61943319838054,0,float,,5.0,,,,
BRB,2004,61.0,-2.7,,1.411597864066,9.57,1.39442231075691,0,float,,5.0,,,,
BRB,2005,62.7,-2.8,,3.95545709487497,9.08,6.08218729535043,0,float,,5.0,,,,
BRB,2006,64.1,-3.1,,6.07054679359618,8.73,7.3076626282894,0,float,,5.0,,,,
BRB,2007,64.9,-4.1,,2.07918360507011,7.41,4.0342298288507,0,float,,5.0,,,,
BRB,2008,69.8,-3.9,,0.633460425791839,8.12,8.1081081081078,0,float,,5.0,,,,
BRB,2009,83.5,-6.2,,-5.01727544996282,10.02,3.64386189258337,0,float,,5.0,,,,
BRB,2010,90.3,-7.1,,-8.08072121134387,10.69,5.82421853311866,0,float,,5.0,,,,
BRB,2011,94.4,-3.5,,-0.074211165126286,11.19,9.4322024017722,0,float,,5.0,,,,
BRB,2012,103.5,-6.7,,-2.85797051387257,11.59,4.53334753888775,0,float,,5.0,,,,
BRB,2013,111.7,-8.5,,0.195322007310409,11.55,1.81410436049096,0,float,,5.0,,,,
BRB,2014,115.1,-6.2,,0.807325350394564,12.17,1.76950322089729,0,float,,5.0,,,,
BRB,2015,122.5,-7.6,,-0.772620078410995,9.803,-1.11278992510958,0,float,,5.0,,,,
BRB,2016,127.1,-4.5,,1.41632446821541,8.247,1.28192813061895,0,float,,5.0,,,,
BRB,2017,134.6,-3.6,,0.654655602860373,8.62,4.66018463955995,0,float,,5.0,,,,
BRB,2018,107.2,-0.3,,-0.252085325827849,8.321,3.1060057242059,0,float,,5.0,,,,
BRB,2019,101.6,2.9,,0.241099789148677,8.41,1.67662473276988,0,float,,5.0,,,,
BRB,2020,129.6,-4.2,,-17.4059314651747,10.586,,0,float,,5.0,,,,
BRB,2021,108.6,-3.9,,8.0198770096479,11.015,,0,float,,5.0,,,,
BRB,2022,104.0,-1.7,,15.9453206225473,7.261,,0,float,,5.0,,,,
BRB,2023,104.1,-1.6,,1.81419817804516,6.54,3.18718905472632,0,float,,5.0,,,,
BRN,1985,0.0,30.2,,-2.9072440789929,,2.35321528424928,0,float,,5.0,,,,
BRN,1986,0.0,6.5,,-5.4072203182489,,1.78124288641065,0,float,,5.0,,,,
BRN,1987,0.0,3.4,,2.08354422440964,,1.24685490634579,0,float,,5.0,,,,
BRN,1988,0.0,-3.1,,-1.53586318506849,,1.19284294234596,0,float,,5.0,,,,
BRN,1989,0.0,-4.7,,-2.72621442462589,,1.30430037109823,0,float,,5.0,58.1211683063787,,,
BRN,1990,0.0,-1.6,,2.64307356617202,,2.13866293163795,0,float,,5.0,57.7484299019104,,,
BRN,1991,0.0,-1.1,,2.91065603669382,4.7,1.6,0,float,,5.0,62.9376106272656,,,
BRN,1992,0.0,-8.3,,-3.12061882634288,4.791,1.27952755905515,0,float,,5.0,69.9356430075004,,,
BRN,1993,0.0,-12.8,,-0.633649658776775,4.903,4.25170068027212,0,float,,5.0,70.5057160411668,,,
BRN,1994,0.0,-22.6,,0.992734958938726,5.007,2.4625184494679,0,float,,5.0,62.8696183920448,,,
BRN,1995,0.0,-19.8,,1.34729376385607,5.066,5.96664139499613,0,float,,5.0,71.0372539498999,,,
BRN,1996,0.0,-8.7,,-0.027315465853718,5.153,1.99613650998078,0,float,,5.0,80.4854766978859,,,
BRN,1997,0.0,-11.8,,6.34394499326551,5.204,1.71156004489335,0,float,,5.0,77.1488095360526,,,
BRN,1998,0.0,-24.0,,-6.65715931266875,5.356,-0.4413793103449,0,float,,5.0,78.7306051610635,,,
BRN,1999,0.0,-18.3,,4.26072216266995,5.415,-0.415627597672454,0,float,,5.0,75.9893555053428,,,
BRN,2000,0.0,6.9,,3.47467627672586,5.53,1.55815247634946,0,float,,5.0,87.0553329877697,,,
BRN,2001,0.0,2.6,,1.4660608198711,5.558,0.59589041095899,0,float,,5.0,91.0997876196857,,,
BRN,2002,0.0,-4.6,,3.9614389000248,5.652,-2.31497242459321,0,float,,5.0,93.2161814722477,,,
BRN,2003,0.0,8.1,,3.58342909978997,5.743,0.299999999999967,0,float,,5.0,89.085616098756,,,
BRN,2004,0.0,8.6,,0.104538372603315,5.847,0.814223994682613,0,float,,5.0,84.8821666638192,,,
BRN,2005,0.0,16.0,,-0.00392531660746442,5.973,1.24443711883965,0,float,,5.0,81.6201140155232,,,
BRN,2006,0.6,19.8,,4.09841257308588,6.061,0.159888078345121,0,float,,5.0,81.5709547429689,,,
BRN,2007,0.7,3.1,,-3.76362326254647,6.187,0.967774119525101,0,float,,5.0,81.0114146368958,,,
BRN,2008,0.9,36.1,,-3.90071101715114,6.312,2.08498023715415,0,float,,5.0,89.7454253523344,,,
BRN,2009,1.1,3.6,,-1.90025367202547,6.457,1.03571774271613,0,float,,5.0,90.2870882587894,,,
BRN,2010,1.1,11.3,,2.74136439456163,6.487,0.356869132017561,0,float,,5.0,95.3715460226132,,,
BRN,2011,2.1,21.5,,3.74440625524871,6.506,0.13791156316954,0,float,,5.0,99.5379309038179,,,
BRN,2012,2.1,19.5,,0.913135189664487,6.571,0.111766261400307,0,float,,5.0,105.640902140819,,,
BRN,2013,2.2,10.4,,-2.12478292664558,6.709,0.389205053123632,0,float,,5.0,110.939599584216,,,
BRN,2014,3.2,1.2,,-2.50788727590711,6.862,-0.207108731719822,0,float,,5.0,102.421000963035,,,
BRN,2015,3.0,-11.4,,-0.392383749502031,7.703,-0.488347420743522,0,float,,5.0,89.8961882533585,,,
BRN,2016,3.0,-16.7,,-2.47791771833224,8.537,-0.278693265753083,0,float,,5.0,87.319801332806,,,
BRN,2017,2.6,-13.8,,1.32872661057823,9.316,-1.2605056462896,0,float,,5.0,85.1768604269985,,,
BRN,2018,1.9,-2.9,,0.0523710418528935,8.7,1.02505179290212,0,float,,5.0,93.8980617666778,,,
BRN,2019,1.8,-4.2,,3.86884436177075,6.6,-0.390522069165529,0,float,,5.0,108.509658357959,,,
BRN,2020,2.2,-16.2,,1.1335733495246,7.409,1.94031996607184,0,float,,5.0,110.291003658452,,,
BRN,2021,1.4,-8.3,,-1.59076260099606,4.905,1.73341388450593,0,float,,5.0,147.123112375318,,,
BRN,2022,1.3,-0.3,,-1.62833154515108,5.191,3.68225030604216,0,float,,5.0,146.973965879597,,,
BRN,2023,1.7,-8.6,,1.12764418162719,5.296,0.35706431153689,0,float,,5.0,136.86343465048,,,
BTN,1993,60.2,4.7,,1.98636656014881,1.418,11.1980165874679,0,float,,5.0,78.7559933474217,,,
BTN,1994,53.2,-0.1,,4.95150372472288,1.405,7.00995355009951,0,float,,5.0,72.1007793556435,,,
BTN,1995,38.7,-0.9,,7.07411745757784,1.4,9.48754836789369,0,float,,5.0,83.8829086495551,,,
BTN,1996,36.8,2.6,,5.56517288179062,1.392,8.79001381935162,0,float,,5.0,84.629491433895,,,
BTN,1997,33.0,-1.9,,5.37383854585261,1.393,6.50548718269086,0,float,,5.0,85.2114372285036,,,
BTN,1998,36.4,1.3,,5.91403093576604,1.4,10.5855899892463,0,float,,5.0,85.5831350923996,,,
BTN,1999,39.2,-1.3,,7.98397179406629,1.4,6.77699393553632,0,float,,5.0,85.866205982457,,,
BTN,2000,44.0,-3.4,,3.35506838174288,1.655,4.01212081070342,0,float,,5.0,74.0264971104432,,,
BTN,2001,52.4,-12.2,,7.32837435673082,1.9,3.41478946111594,0,float,,5.0,71.0945747295588,,,
BTN,2002,57.7,-4.3,,10.4437797168913,1.854,2.45535714285714,0,float,,5.0,70.2833172005966,,,
BTN,2003,68.5,-10.2,,7.78656040877364,1.8,2.57230861693339,0,float,,5.0,72.8499006593611,,,
BTN,2004,76.0,1.8,,5.15725736177561,2.49,4.10593698272958,0,float,,5.0,89.0605518004294,,,
BTN,2005,80.8,-7.0,,6.93507146766659,3.1,5.3126310463775,0,float,,5.0,97.7434135429344,,,
BTN,2006,80.1,-0.1,,5.6408051539139,3.13,5.00045438022541,0,float,,5.0,108.157794891125,,,
BTN,2007,67.3,0.8,,16.1047836542012,3.7,5.15611138758463,0,float,,5.0,106.929022415,,,
BTN,2008,60.6,-2.6,,4.52944877696235,3.848,8.32716049382713,0,float,,5.0,101.954235669521,,,
BTN,2009,61.0,-0.8,,7.66749238553135,3.96,4.36112219119805,0,float,,5.0,101.559411565244,,,
BTN,2010,55.8,1.9,,11.9318738376229,3.32,7.03638316073019,0,float,,5.0,105.010666693593,,,
BTN,2011,62.3,-3.0,,8.4892584842808,3.23,8.848985699468,0,float,,5.0,102.795600221106,,,
BTN,2012,71.5,-2.1,,5.16482012683895,2.05,10.919656944683,0,float,,5.0,94.0450271469571,,,
BTN,2013,87.4,-4.5,,1.73634039505693,2.87,8.77638345268213,0,float,,5.0,95.0525382780424,,,
BTN,2014,89.8,2.5,,5.88108550658288,2.63,8.27106093949328,0,float,,5.0,87.9342562013295,,,
BTN,2015,90.2,-0.5,,6.66080128866197,2.45,4.54814395082205,0,float,,5.0,89.6391604595496,,,
BTN,2016,103.0,-2.3,,8.47594339232963,2.707,3.21988689395718,0,float,,5.0,76.3847528498375,,,
BTN,2017,104.1,-4.5,,2.08684522733067,3.027,4.95508366985129,0,float,,5.0,76.7884016850221,,,
BTN,2018,103.4,-1.5,,3.50187185732737,3.35,2.72396386183713,0,float,,5.0,79.7397203296083,,,
BTN,2019,100.8,-1.5,,5.75514851246506,2.72,2.72643037388832,0,float,,5.0,76.1235167041505,,,
BTN,2020,116.0,-1.8,,-10.2183974208569,5.03,5.62936522632508,0,float,,5.0,71.8303510394637,,,
BTN,2021,124.5,-5.8,,4.42136738945015,4.803,7.3468144053353,0,float,,5.0,77.5824482709826,,,
BTN,2022,119.9,-7.0,,5.21386783786224,5.947,5.6391667139637,0,float,,5.0,85.5712165226139,,,
BTN,2023,117.2,-4.7,,4.63215702969933,3.126,4.22934419929251,0,float,,5.0,81.7366278539811,,,
BWA,1998,11.3,,,0.443663586075374,20.86,6.66139865665752,0,float,,5.0,101.841039320292,,,
BWA,1999,9.3,5.9,,9.66724070276106,18.224,7.74929619202848,0,float,,5.0,98.9290812021418,,,
BWA,2000,8.2,8.7,,1.98769583378552,15.88,8.60148514851491,0,float,,5.0,91.924729689918,,,
BWA,2001,7.5,-2.9,,0.250573949689084,18.54,6.55903767014862,0,float,,5.0,87.5250655680957,,,
BWA,2002,8.4,-3.9,,6.06953087648317,21.277,8.03279662527486,0,float,,5.0,91.8357740585774,,,
BWA,2003,7.1,-0.2,,4.62589474959299,23.8,9.18990265632739,0,float,,5.0,85.8340425151264,,,
BWA,2004,10.7,1.3,,2.70582170611173,21.755,6.94570363654675,0,float,,5.0,90.9978228872631,,,
BWA,2005,7.5,10.3,,4.55664565323181,19.852,8.6102252854644,0,float,,5.0,88.5053520573505,,,
BWA,2006,6.1,13.3,,8.36387109282306,17.782,11.5552187914379,0,float,,5.0,86.612433913524,,,
BWA,2007,5.9,5.7,,5.79255577727118,16.976,7.08099847172693,0,float,,5.0,98.4965249407252,,,
BWA,2008,7.8,-7.6,,3.25207295796832,16.293,12.7021883920076,0,float,,5.0,99.008222007989,,,
BWA,2009,22.4,-13.8,,-14.1442346163423,16.169,8.02729703109582,0,float,,5.0,88.4807886337378,,,
BWA,2010,26.5,-8.0,,10.119723322694,17.86,6.94887658743103,0,float,,5.0,94.6390020873926,,,
BWA,2011,27.9,-0.1,,6.83841052493574,18.049,8.45987233408583,0,float,,5.0,98.9614677801469,,,
BWA,2012,26.4,0.9,,-0.170857099335691,17.916,7.53690261091916,0,float,,5.0,111.875280620952,,,
BWA,2013,23.8,5.8,,11.1029068737822,18.167,5.88460707056817,0,float,,5.0,125.78303991122,,,
BWA,2014,23.9,3.9,,5.69714422072884,18.484,4.40225309243427,0,float,,5.0,119.497541791464,,,
BWA,2015,24.5,-4.8,,-4.85132507409779,18.915,3.06203169580558,0,float,,5.0,112.900891016005,,,
BWA,2016,22.3,0.7,,7.20442475914267,19.328,2.81495791361944,0,float,,5.0,100.464689766026,,,
BWA,2017,19.6,-1.1,,4.11437856445083,19.671,3.30828076768219,0,float,,5.0,81.9239513763494,,,
BWA,2018,19.6,-5.0,,4.18869237159223,19.665,3.23801558947715,0,float,,5.0,87.4551039946493,,,
BWA,2019,21.5,-8.5,,3.0317733945467,20.094,2.77286442863321,0,float,,5.0,83.0929813601175,,,
BWA,2020,23.5,-10.9,,-8.72888243996397,21.017,1.8903591682421,0,float,,5.0,80.3250344865506,,,
BWA,2021,22.3,-2.3,,11.9162724376008,23.106,7.24097765588442,0,float,,5.0,91.0478497403998,,,
BWA,2022,21.0,0.0,,5.48601706446772,23.615,11.665567478802,0,float,,5.0,86.0696039867252,,,
BWA,2023,22.5,-4.2,,3.20806812224438,23.381,5.0676154934383,0,float,,5.0,70.1128327324509,,,
CAF,1997,96.1,-1.6,,5.29993601826074,5.797,1.61131347760911,0,float,,5.0,55.8185083614851,,,
CAF,1998,85.3,0.0,,4.70014237879329,5.773,-1.8852009615791,0,float,,5.0,51.0495318767161,,,
CAF,1999,84.2,-0.5,,3.59997490432274,5.767,-1.41420220082551,0,float,,5.0,43.212343897896,,,
CAF,2000,94.7,-2.0,,-2.48943244028874,5.722,3.20340091563112,0,float,,5.0,45.6597819937269,,,
CAF,2001,103.1,-0.9,,4.46473902640867,5.77,3.83486060237362,0,float,,5.0,39.7304997372329,,,
CAF,2002,98.5,-1.2,,3.61654219150596,5.809,2.33181703516235,0,float,,5.0,36.1085647794782,,,
CAF,2003,95.9,-3.1,,-5.39748521855877,5.809,4.13470905150996,0,float,,5.0,36.2312260023474,,,
CAF,2004,99.7,-1.7,,5.99488422798696,5.729,-2.06640601136303,0,float,,5.0,33.2439549188203,,,
CAF,2005,103.0,-4.4,,0.908210514871953,5.691,2.88352073359022,0,float,,5.0,35.0709368656226,,,
CAF,2006,46.7,8.6,,4.77108543044105,5.61,6.69526465773354,0,float,,5.0,36.3958702287378,,,
CAF,2007,47.9,1.0,,4.60753485452025,5.562,0.95991761945711,0,float,,5.0,37.5808990187896,,,
CAF,2008,35.8,-1.2,,2.05413096200485,5.51,9.25895099417076,0,float,,5.0,34.4375218095517,,,
CAF,2009,20.3,-0.5,,8.58726042640994,5.575,3.52126227238643,0,float,,5.0,31.4942464896799,,,
CAF,2010,19.9,-1.3,,4.63081843223307,5.658,1.49102370047802,0,float,,5.0,34.4304819543042,,,
CAF,2011,19.7,-2.1,,4.19461533741989,5.638,1.1944757244985,0,float,,5.0,34.4756183327299,,,
CAF,2012,31.5,-0.8,,5.05376125356918,5.58,5.47829594346117,0,float,,5.0,33.0594485943314,,,
CAF,2013,51.8,-2.3,,-36.3919770983887,5.566,6.98879341970198,0,float,,5.0,38.3992875721315,,,
CAF,2014,57.5,-3.0,,0.0810705153264877,5.633,14.898684179755,0,float,,5.0,53.0950920179825,,,
CAF,2015,54.4,-0.5,,4.33712103020231,5.775,1.40297017136816,0,float,,5.0,53.1451477769621,,,
CAF,2016,49.3,1.2,,4.75031684122342,5.793,4.94543276106518,0,float,,5.0,50.53064402191,,,
CAF,2017,47.4,-1.0,,4.52727821346231,5.836,4.18072331871267,0,float,,5.0,57.1435457117119,,,
CAF,2018,47.9,-0.9,,3.78944359275462,5.825,1.61215686991555,0,float,,5.0,49.6602000024318,,,
CAF,2019,44.9,1.3,,3.09999999999999,5.916,2.68537355266787,0,float,,5.0,50.0658000014868,,,
CAF,2020,42.4,-3.2,,0.899999996857062,6.519,1.71015659523153,0,float,,5.0,49.5210200011921,,,
CAF,2021,46.3,-5.7,,0.982919996264229,6.701,4.25936417542868,0,float,,5.0,44.159119995104,,,
CAF,2022,48.9,-5.1,,0.453901876447787,6.287,5.58316735183247,0,float,,5.0,45.23357000162,,,
CAF,2023,55.6,-3.4,,0.69996840076054,6.181,2.97913852618937,0,float,,5.0,43.480570208358,,,
CAN,1980,44.6,-4.0,,2.17719922747995,,10.1292205085453,0,float,,10.0,53.3179757243811,,,
CAN,1981,46.1,-2.9,,3.41506517464589,,12.4716124148372,0,float,,10.0,52.1025741262576,,,
CAN,1982,51.7,-6.9,,-3.16615029457148,,10.7689718997139,0,float,,10.0,46.6158827969427,,,
CAN,1983,57.2,-8.0,,2.56225365883793,,5.86358802977368,0,float,,10.0,46.7088835933124,,,
CAN,1984,60.2,-7.9,,5.89856946503677,,4.30477830391737,0,float,,10.0,52.4766984280909,,,
CAN,1985,65.2,-8.8,,4.73768071614444,,3.96203054065205,0,float,,10.0,52.8419465348871,,,
CAN,1986,69.3,-7.3,,2.12148088392294,,4.19478629085621,0,float,,10.0,53.0651501053871,,,
CAN,1987,69.8,-5.7,,4.07201567327779,,4.3561087122174,0,float,,10.0,50.8663917985291,,,
CAN,1988,69.7,-4.5,,4.41083906453277,,4.02823414871611,0,float,,10.0,51.3657811368429,,,
CAN,1989,71.0,-4.7,,2.33732982035617,,4.98362189985958,0,float,,10.0,50.0666340073171,,,
CAN,1990,73.7,-5.9,,0.202947848289654,,4.78047693336304,0,float,,10.0,49.9944644220497,,,
CAN,1991,81.7,-8.4,,-2.09105516498515,10.316,5.62586408593005,0,float,,10.0,49.2234668475419,,,
CAN,1992,88.2,-9.2,,0.890466243956382,11.197,1.49013290374545,0,float,,10.0,52.7380309449972,,,
CAN,1993,94.7,-8.9,,2.65770683842972,11.377,1.86507936507939,0,float,,10.0,58.2507961453047,,,
CAN,1994,97.5,-6.9,,4.49404933882288,10.395,0.165562913907291,0,float,,10.0,64.3915441455001,,,
CAN,1995,100.1,-5.5,,2.68232826962129,9.489,2.14876033057849,0,float,,10.0,69.0617480799547,,,
CAN,1996,100.2,-3.1,,1.68896122145787,9.62,1.57053112507138,0,float,,10.0,70.2600734560392,,,
CAN,1997,95.3,0.0,,4.28016680422402,9.1,1.62121638084531,0,float,,10.0,74.3365281134772,,,
CAN,1998,93.3,0.1,,3.89288658501088,8.278,0.99594245665802,0,float,,10.0,78.0812683804376,,,
CAN,1999,89.0,1.7,,5.14100348449622,7.583,1.73484295105918,0,float,,10.0,80.1147908564172,,,
CAN,2000,80.4,2.6,,5.13853918994158,6.829,2.71943995691976,0,float,,10.0,82.7653578503214,,,
CAN,2001,81.5,0.5,,1.87509813099847,7.219,2.52512013979906,0,float,,10.0,78.3442183943698,,,
CAN,2002,79.6,-0.2,,2.99925533832644,7.665,2.25839440940855,0,float,,10.0,75.7069052324349,,,
CAN,2003,75.9,-0.1,,1.8063851195103,7.574,2.75856321360112,0,float,,10.0,69.8399832953973,,,
CAN,2004,71.9,0.8,,3.09236381038156,7.185,1.85725871857256,0,float,,10.0,70.1923674409029,,,
CAN,2005,70.6,1.6,,3.21045441502793,6.758,2.21355203439767,0,float,,10.0,69.7585441602155,,,
CAN,2006,69.9,1.8,,2.63794375302722,6.484,2.00202539534161,0,float,,10.0,68.0508003453151,,,
CAN,2007,67.2,1.8,,2.04990459443619,6.156,2.13838399266837,0,float,,10.0,66.2834197482347,,,
CAN,2008,70.4,0.2,,0.995406371264522,6.284,2.37027067444299,0,float,,10.0,67.023446571123,,,
CAN,2009,81.8,-3.9,,-2.91508627059555,8.46,0.299466803009299,0,float,,10.0,58.4742801830543,,,
CAN,2010,84.0,-4.7,,3.09080633744851,8.178,1.77687154092627,0,float,,10.0,60.2079046752442,,,
CAN,2011,84.3,-3.3,,3.1371944343876,7.637,2.91213508872351,0,float,,10.0,62.4984217100546,,,
CAN,2012,87.0,-2.5,,1.75566133205234,7.392,1.51567823124517,0,float,,10.0,62.5957887432013,,,
CAN,2013,87.7,-1.5,,2.32581356612762,7.143,0.938291897815317,0,float,,10.0,62.2315329073432,,,
CAN,2014,85.8,0.2,,2.87346675579731,7.023,1.90663590717861,0,float,,10.0,64.3785976132125,,,
CAN,2015,92.3,-0.1,,0.64997101491096,6.945,1.12524136094277,0,float,,10.0,66.1648355844224,,,
CAN,2016,92.5,-0.5,,1.03855091989323,7.038,1.42875954701085,0,float,,10.0,65.3636199818813,,,
CAN,2017,91.0,-0.1,,3.03383491841392,6.426,1.59688412852977,0,float,,10.0,65.1009087910845,,,
CAN,2018,90.8,0.4,,2.74296341402246,5.837,2.26822567248103,0,float,,10.0,66.59982627163,,,
CAN,2019,90.1,0.0,,1.90843193887251,5.69,1.94926902411593,0,float,,10.0,66.1713422730605,,,
CAN,2020,118.1,-10.9,,-5.03823342794087,9.657,0.716999632307827,0,float,,10.0,61.1566883386797,,,
CAN,2021,112.6,-3.1,,5.95052804984759,7.527,3.39519318527528,0,float,,10.0,62.2468612630348,,,
CAN,2022,103.5,0.6,,4.69541985045903,5.279,6.80280115341613,0,float,,10.0,66.9531620692051,,,
CAN,2023,105.1,-0.2,,1.95308552199025,5.415,3.87900159788426,0,float,,10.0,66.5745425015033,,,
CAQ,2002,66.6,-8.7,,,,,0,float,,5.0,,,,
CAQ,2003,58.6,-5.9,,,,,0,float,,5.0,,,,
CAQ,2004,51.8,-3.1,,,,,0,float,,5.0,,,,
CAQ,2005,44.7,-0.1,,,,,0,float,,5.0,,,,
CAQ,2006,36.2,1.0,,,,,0,float,,5.0,,,,
CAQ,2007,29.8,-0.2,,,,,0,float,,5.0,,,,
CAQ,2008,29.5,-0.3,,,,,0,float,,5.0,,,,
CAQ,2009,33.5,-3.5,,,,,0,float,,5.0,,,,
CAQ,2010,30.6,-1.2,,,,,0,float,,5.0,,,,
CAQ,2011,27.1,1.5,,,,,0,float,,5.0,,,,
CAQ,2012,24.6,0.2,,,,,0,float,,5.0,,,,
CAQ,2013,23.9,0.2,,,,,0,float,,5.0,,,,
CAQ,2014,22.7,0.0,,,,,0,float,,5.0,,,,
CAQ,2015,24.0,-1.6,,,,,0,float,,5.0,,,,
CAQ,2016,24.7,-1.8,,,,,0,float,,5.0,,,,
CAQ,2017,25.7,-2.1,,,,,0,float,,5.0,,,,
CAQ,2018,26.7,-1.4,,,,,0,float,,5.0,,,,
CAQ,2019,28.2,-2.9,,,,,0,float,,5.0,,,,
CAQ,2020,34.9,-4.8,,,,,0,float,,5.0,,,,
CAQ,2021,34.9,-2.9,,,,,0,float,,5.0,,,,
CAQ,2022,27.4,-0.5,,,,,0,float,,5.0,,,,
CAQ,2023,27.0,-3.6,,,,,0,float,,5.0,,,,
CBQ,1999,49.3,-1.0,,,,,0,float,,5.0,,,,
CBQ,2000,53.2,-0.7,,,,,0,float,,5.0,,,,
CBQ,2001,57.5,-1.5,,,,,0,float,,5.0,,,,
CBQ,2002,62.7,-3.4,,,,,0,float,,5.0,,,,
CBQ,2003,63.0,-2.1,,,,,0,float,,5.0,,,,
CBQ,2004,59.2,-1.9,,,,,0,float,,5.0,,,,
CBQ,2005,57.4,-1.7,,,,,0,float,,5.0,,,,
CBQ,2006,54.4,-2.0,,,,,0,float,,5.0,,,,
CBQ,2007,49.9,-0.5,,,,,0,float,,5.0,,,,
CBQ,2008,50.4,-0.1,,,,,0,float,,5.0,,,,
CBQ,2009,55.7,-4.7,,,,,0,float,,5.0,,,,
CBQ,2010,57.1,-2.5,,,,,0,float,,5.0,,,,
CBQ,2011,59.7,-2.4,,,,,0,float,,5.0,,,,
CBQ,2012,58.8,-2.8,,,,,0,float,,5.0,,,,
CBQ,2013,58.5,-3.1,,,,,0,float,,5.0,,,,
CBQ,2014,58.8,-3.5,,,,,0,float,,5.0,,,,
CBQ,2015,60.7,-3.8,,,,,0,float,,5.0,,,,
CBQ,2016,64.7,-3.8,,,,,0,float,,5.0,,,,
CBQ,2017,64.2,-4.4,,,,,0,float,,5.0,,,,
CBQ,2018,62.4,-2.6,,,,,0,float,,5.0,,,,
CBQ,2019,64.4,-2.3,,,,,0,float,,5.0,,,,
CBQ,2020,78.9,-7.0,,,,,0,float,,5.0,,,,
CBQ,2021,72.7,-5.1,,,,,0,float,,5.0,,,,
CBQ,2022,63.9,-1.7,,,,,0,float,,5.0,,,,
CBQ,2023,63.1,-1.5,,,,,0,float,,5.0,,,,
CHE,1990,32.8,0.0,,0.754674850871268,,5.40395909218937,0,float,,10.0,81.3269867032983,,,
CHE,1991,34.6,-1.8,,-1.14597481735849,1.818,5.85959663468677,0,float,,10.0,77.0959452073654,,,
CHE,1992,38.9,-2.9,,-1.15859267203984,2.344,4.0370302077874,0,float,,10.0,77.737990004847,,,
CHE,1993,43.7,-3.1,,-2.06561631523785,3.551,3.29262180313607,0,float,,10.0,76.5352937767088,,,
CHE,1994,46.4,-2.6,,4.01576592867781,3.58,0.852116995120664,0,float,,10.0,75.041108275243,,,
CHE,1995,49.3,-1.8,,4.09438994746239,3.094,1.7998277686715,0,float,,10.0,75.1376882191202,,,
CHE,1996,50.6,-2.0,,0.560166924751584,3.684,0.811634064628187,0,float,,10.0,77.8113363495061,,,
CHE,1997,52.9,-2.3,,2.09761680316545,4.127,0.52022542273664,0,float,,10.0,87.7278967644152,,,
CHE,1998,55.3,-1.3,,2.77611373648112,3.568,0.0179384378439321,0,float,,10.0,87.5735021497451,,,
CHE,1999,52.0,-1.6,,1.68007571116809,3.053,0.806444380959459,0,float,,10.0,89.0947747052773,,,
CHE,2000,51.7,0.3,,3.63321673470911,2.658,1.55852919679008,0,float,,10.0,97.3533027751465,,,
CHE,2001,50.5,0.2,,1.59219781357001,2.49,0.989020329832545,0,float,,10.0,95.2126294750525,,,
CHE,2002,56.9,-1.7,,0.380410134195273,2.924,0.642711506543278,0,float,,10.0,90.8996540981166,,,
CHE,2003,56.2,-1.3,,-0.284222357857615,4.117,0.63827293088719,0,float,,10.0,89.7492121342442,,,
CHE,2004,57.1,-1.4,,2.58692895529093,4.316,0.802908730955226,0,float,,10.0,95.0327601603667,,,
CHE,2005,54.1,-0.6,,2.95208487460334,4.437,1.17195420333703,0,float,,10.0,101.668892487876,,,
CHE,2006,47.7,0.8,,4.13432251467916,3.995,1.05950928324805,0,float,,10.0,105.761916866753,,,
CHE,2007,44.0,1.5,,3.98319384807056,3.641,0.732350603122236,0,float,,10.0,112.709971761703,,,
CHE,2008,44.2,1.9,,2.53159615417233,3.35,2.42604117060157,0,float,,10.0,116.342641744869,,,
CHE,2009,42.4,0.5,,-1.93490944903913,4.109,-0.480481936423305,0,float,,10.0,109.062731270231,,,
CHE,2010,40.7,0.3,,3.26063082122047,4.808,0.688238707219975,0,float,,10.0,119.202460523177,,,
CHE,2011,41.2,0.7,,1.40766067483813,4.409,0.2313492076509,0,float,,10.0,125.047367558638,,,
CHE,2012,41.9,0.2,,1.12413575027705,4.491,-0.692552018105163,0,float,,10.0,125.865940588688,,,
CHE,2013,41.2,-0.4,,1.83612392927999,4.747,-0.217323155115673,0,float,,10.0,132.800535321539,,,
CHE,2014,41.2,-0.2,,2.54342347675991,4.826,-0.0132025387515946,0,float,,10.0,119.230530793932,,,
CHE,2015,41.4,0.5,,1.45450336491099,4.801,-1.14390867228178,0,float,,10.0,116.370019931647,,,
CHE,2016,40.3,0.2,,1.91159094214852,4.918,-0.434618664285815,0,float,,10.0,122.941735178779,,,
CHE,2017,41.1,1.1,,1.42034612231261,4.797,0.533787839825876,0,float,,10.0,122.948395589146,,,
CHE,2018,39.0,1.3,,3.32743256101493,4.713,0.936335464113572,0,float,,10.0,123.499829706856,,,
CHE,2019,38.8,1.3,,1.11532187197474,4.394,0.362886179940674,0,float,,10.0,123.022509832864,,,
CHE,2020,42.4,-3.0,,-2.2552579425106,4.817,-0.725874933313403,0,float,,10.0,121.451100609762,,,
CHE,2021,39.7,-0.3,,6.17622836050151,5.013,0.581814168489856,0,float,,10.0,128.004119652561,,,
CHE,2022,35.9,1.1,,3.53430286842426,4.122,2.83502798644451,0,float,,10.0,136.235871048363,,,
CHE,2023,37.3,0.1,,0.825560934124624,4.043,2.13540088016387,0,float,,10.0,129.7371945484,,,
CHL,1991,37.1,1.5,,7.75620189312957,5.23,21.7844124277757,0,float,,9.0,57.5075471638552,,,
CHL,1992,30.5,2.1,,11.5019314370192,4.35,15.4258064688928,0,float,,9.0,55.5417477003547,,,
CHL,1993,28.1,1.4,,6.6855844008042,4.49,12.7277669490964,0,float,,9.0,52.9138530560271,,,
CHL,1994,22.6,1.4,,5.07680374667352,5.87,11.4431196444973,0,float,,9.0,52.8076839539658,,,
CHL,1995,17.3,3.1,,9.25542757753573,4.7,8.23263034116114,0,float,,9.0,54.6874835998853,,,
CHL,1996,14.6,2.1,,7.1148626270751,7.414,7.35911781788767,0,float,,9.0,53.9207522864456,,,
CHL,1997,12.8,2.0,,7.3917392684331,7.136,6.13386464357927,0,float,,9.0,54.099302009374,,,
CHL,1998,12.1,0.4,,4.18088662700669,7.307,5.11024954517559,0,float,,9.0,53.8361806045338,,,
CHL,1999,13.3,-2.0,,-0.2736313981937,11.158,3.33687917526023,0,float,,9.0,54.6956096251975,,,
CHL,2000,13.1,-0.7,,4.9716214882971,10.491,3.84327295706565,0,float,,9.0,58.7119233335812,,,
CHL,2001,14.3,-0.5,,3.15403492459967,10.39,3.56910053001467,0,float,,9.0,62.144766332768,,,
CHL,2002,15.0,-1.2,,3.20279913520113,10.168,2.48939816650705,0,float,,9.0,62.4838547414591,,,
CHL,2003,12.6,-0.4,,4.72324526861041,9.765,2.8101787574361,0,float,,9.0,65.6934161956491,,,
CHL,2004,10.3,2.1,,6.67425416822923,10.162,1.05473871403517,0,float,,9.0,69.8893603825954,,,
CHL,2005,7.0,4.6,,5.83704571917758,9.34,3.05257621387849,0,float,,9.0,72.062533372953,,,
CHL,2006,5.0,7.5,,6.04999082563968,9.024,3.39201733699405,0,float,,9.0,73.7116341203328,,,
CHL,2007,3.9,8.0,,5.16823098528431,8.427,4.40779938398044,0,float,,9.0,76.9770240591423,,,
CHL,2008,4.9,3.9,,3.78939280635238,9.285,8.71626873039607,0,float,,9.0,80.676626653784,,,
CHL,2009,5.8,-4.3,,-1.11803723642878,11.313,0.353045178360937,0,float,,9.0,66.6860312494996,,,
CHL,2010,8.6,-0.4,,5.85165102224047,8.547,1.41071107954321,0,float,,9.0,69.7176802332624,,,
CHL,2011,11.1,1.4,,6.22389678509138,7.492,3.34121694259302,0,float,,9.0,72.481642209343,,,
CHL,2012,11.9,0.7,,6.15534001855494,6.79,3.00744840213047,0,float,,9.0,68.1561435339271,,,
CHL,2013,12.8,-0.5,,3.30850824710085,6.361,1.7895555398459,0,float,,9.0,65.1432877063737,,,
CHL,2014,15.0,-1.5,,1.79264947139259,6.761,4.71867527854672,0,float,,9.0,65.6346274347707,,,
CHL,2015,17.4,-2.1,,2.15194249981184,6.605,4.34877353217044,0,float,,9.0,59.3491105681231,,,
CHL,2016,21.1,-2.7,,1.753038749071,6.926,3.78619355893118,0,float,,9.0,56.0578603070995,,,
CHL,2017,23.7,-2.6,,1.35769537343957,7.257,2.18271846868519,0,float,,9.0,56.0261586393213,,,
CHL,2018,25.8,-1.5,,3.99002947789977,7.623,2.43488981353057,0,float,,9.0,58.1770513035882,,,
CHL,2019,28.3,-2.7,,0.644223402631923,7.493,2.55754475703327,0,float,,9.0,57.6069157856537,,,
CHL,2020,32.4,-7.1,,-6.1396969411886,10.934,3.04549084804326,0,float,,9.0,58.1687693933374,,,
CHL,2021,36.4,-7.5,,11.3374032409913,9.281,4.52456838259144,0,float,,9.0,64.8399924791736,,,
CHL,2022,37.9,1.4,,2.06391864254198,8.249,11.643866711056,0,float,,9.0,75.2334197533759,,,
CHL,2023,39.4,-2.3,,0.677024831595858,9.013,7.58168251407962,0,float,,9.0,60.6766444736157,,,
CHN,1995,21.4,-0.9,,11.0154136659719,3.0,16.7912268492666,0,float,,5.0,34.1049521589323,,,
CHN,1996,21.2,-0.7,,9.97328781228394,3.12,8.3131587270211,0,float,,5.0,33.6287512313005,,,
CHN,1997,20.4,-0.7,,9.29759460595947,3.23,2.78646505531882,0,float,,5.0,34.3135763220021,,,
CHN,1998,20.4,-1.1,,7.92354535108497,3.24,-0.773186011549318,0,float,,5.0,32.1717399357488,,,
CHN,1999,21.6,-2.3,,7.74123827728161,3.25,-1.40147268276465,0,float,,5.0,33.2255380760054,,,
CHN,2000,22.7,-2.8,,8.57357328926101,3.26,0.347811226864587,0,float,,5.0,39.0109424774998,,,
CHN,2001,24.3,-2.6,,8.32404695347056,3.8,0.719125609120114,0,float,,5.0,38.0826469518334,,,
CHN,2002,25.6,-2.8,,9.23604870383861,4.24,-0.731970902350244,0,float,,5.0,42.1944423387413,,,
CHN,2003,26.4,-2.4,,10.1138119025242,4.58,1.12760348729637,0,float,,5.0,51.0774801301803,,,
CHN,2004,26.0,-1.5,,10.1404291872206,4.49,3.82463743108159,0,float,,5.0,58.6403340408439,,,
CHN,2005,25.9,-1.4,,11.4535130030645,4.52,1.77641407667571,0,float,,5.0,61.3600749408237,,,
CHN,2006,25.2,-1.1,,12.6752842281595,4.43,1.6494309945586,0,float,,5.0,63.5695798621627,,,
CHN,2007,28.7,0.1,,14.1507710506103,4.35,4.81676767378834,0,float,,5.0,61.2664640006176,,,
CHN,2008,26.7,0.0,,9.66877608164454,4.59,5.92525137041092,0,float,,5.0,56.7111330003209,,,
CHN,2009,34.0,-1.7,,9.40610014336416,4.72,-0.728165250932898,0,float,,5.0,44.4197644331119,,,
CHN,2010,33.3,-0.4,,10.5916903885704,4.53,3.17532475269199,0,float,,5.0,49.8540722338977,,,
CHN,2011,33.2,-0.1,,9.46205248298186,4.55,5.55389892257493,0,float,,5.0,49.9458272253643,,,
CHN,2012,33.8,-0.3,,7.8578201481217,4.58,2.61952432645541,0,float,,5.0,47.4802130784317,,,
CHN,2013,36.4,-0.8,,7.77842954757257,4.6,2.62105001748115,0,float,,5.0,45.9160413795571,,,
CHN,2014,39.3,-0.7,,7.46100735778161,4.63,1.92164162788521,0,float,,5.0,44.0684564812532,,,
CHN,2015,40.8,-2.5,,6.98162255562367,4.65,1.43702380935655,0,float,,5.0,38.6971848362625,,,
CHN,2016,50.0,-3.3,,6.7736886867727,4.56,2.00000182191943,0,float,,5.0,36.177170692978,,,
CHN,2017,53.9,-3.3,,6.89123916636191,4.47,1.59313600071436,0,float,,5.0,36.95085261586,,,
CHN,2018,55.9,-4.2,,6.757806142324,4.31,2.07479039965576,0,float,,5.0,36.8943843914718,,,
CHN,2019,59.8,-6.0,,6.06737806333672,4.56,2.89923416358227,0,float,,5.0,35.4544350281407,,,
CHN,2020,70.1,-9.6,,2.33950385203023,5.0,2.41942189457782,0,float,,5.0,34.337778473884,,,
CHN,2021,72.1,-5.9,,8.57038414981781,4.55,0.981015135544882,0,float,,5.0,36.6428789643754,,,
CHN,2022,77.3,-7.3,,3.13385438394069,4.98,1.97357555739051,0,float,,5.0,37.512555678171,,,
CHN,2023,84.1,-6.7,,5.41600334492955,4.67,0.234836828893051,0,float,,5.0,36.7391496938394,,,
CIV,1997,84.2,-0.7,,9.6488400474633,3.964,4.02083333333306,0,float,,5.0,54.0062903380367,,,
CIV,1998,75.2,-0.7,,4.26390594437231,4.1,4.61144759515372,0,float,,5.0,53.6538337944761,,,
CIV,1999,78.0,-1.3,,1.16685998202273,4.421,0.702375805955961,0,float,,5.0,55.8935626908747,,,
CIV,2000,74.0,-0.8,,-0.265789462275947,4.835,2.53077516737997,0,float,,5.0,54.9639916295152,,,
CIV,2001,71.2,0.7,,-2.15401249077306,5.195,4.36152914007256,0,float,,5.0,53.1141047180447,,,
CIV,2002,63.0,-0.6,,-2.73052647441901,5.508,3.07726485157427,0,float,,5.0,55.9019482275388,,,
CIV,2003,56.4,-1.3,,-4.72586658630681,5.847,3.29680746974208,0,float,,5.0,53.260060681877,,,
CIV,2004,56.7,-1.0,,3.18503822575397,5.915,1.45798835600741,0,float,,5.0,58.1182963035946,,,
CIV,2005,58.2,-1.0,,0.996065564854788,6.023,3.88583039886482,0,float,,5.0,62.8209360402806,,,
CIV,2006,57.5,-1.0,,2.81557859252327,6.017,2.46719148596915,0,float,,5.0,63.690377061452,,,
CIV,2007,53.5,-0.4,,1.10142976793477,6.284,1.89200629349598,0,float,,5.0,61.4309423484426,,,
CIV,2008,51.2,-0.2,,4.7826659787672,6.382,6.30852769152578,0,float,,5.0,61.9406212969499,,,
CIV,2009,46.5,-1.0,,3.60332156667053,6.573,1.01950457731138,0,float,,5.0,66.6729037469185,,,
CIV,2010,45.6,-1.3,,6.84804939907013,6.607,1.2264561213548,0,float,,5.0,67.472940081257,,,
CIV,2011,50.0,-2.9,,-5.37044724000579,7.144,4.9124339505245,0,float,,5.0,64.7159030611345,,,
CIV,2012,24.7,-2.3,,7.62041176451649,7.223,1.30451119915606,0,float,,5.0,70.3010893191249,,,
CIV,2013,24.6,-1.6,,10.7602131311256,4.255,2.58117037252936,0,float,,5.0,58.3526792527234,,,
CIV,2014,26.7,-1.6,,9.37199994240375,3.274,0.448682076766141,0,float,,5.0,53.6804175610344,,,
CIV,2015,29.2,-2.0,,7.19494942728191,2.573,1.25149954781468,0,float,,5.0,52.7153604615931,,,
CIV,2016,31.1,-3.0,,7.17275963956332,1.896,0.723178457513308,0,float,,5.0,47.5655783613535,,,
CIV,2017,32.6,-3.3,,7.41076242592504,3.272,0.685881065304603,0,float,,5.0,48.6625074729482,,,
CIV,2018,35.3,-2.9,,4.84314605889178,2.852,0.401297817263547,0,float,,5.0,46.0375087102874,,,
CIV,2019,37.2,-2.2,,6.72137167584978,2.401,0.790855512053661,0,float,,5.0,44.6604105830795,,,
CIV,2020,46.3,-5.4,,0.699728593494228,2.588,2.41252617189053,0,float,,5.0,41.9426318190526,,,
CIV,2021,50.2,-4.9,,7.06253713446816,2.623,4.15919657911798,0,float,,5.0,45.1140327762435,,,
CIV,2022,56.0,-6.7,,6.39988362730921,2.31,5.23352856100843,0,float,,5.0,52.8663910413483,,,
CIV,2023,56.7,-5.1,,6.60000045209176,2.263,4.36972254867474,0,float,,5.0,48.8170039103332,,,
CMQ,2000,35.5,-1.1,,,,,0,float,,5.0,,,,
CMQ,2001,37.5,-2.0,,,,,0,float,,5.0,,,,
CMQ,2002,39.0,-2.7,,,,,0,float,,5.0,,,,
CMQ,2003,46.5,-3.2,,,,,0,float,,5.0,,,,
CMQ,2004,42.4,-2.6,,,,,0,float,,5.0,,,,
CMQ,2005,40.7,-1.5,,,,,0,float,,5.0,,,,
CMQ,2006,37.6,-1.4,,,,,0,float,,5.0,,,,
CMQ,2007,32.6,0.1,,,,,0,float,,5.0,,,,
CMQ,2008,30.7,-1.5,,,,,0,float,,5.0,,,,
CMQ,2009,33.9,-3.1,,,,,0,float,,5.0,,,,
CMQ,2010,34.3,-3.3,,,,,0,float,,5.0,,,,
CMQ,2011,34.5,-3.0,,,,,0,float,,5.0,,,,
CMQ,2012,36.0,-3.6,,,,,0,float,,5.0,,,,
CMQ,2013,37.8,-3.7,,,,,0,float,,5.0,,,,
CMQ,2014,38.0,-3.2,,,,,0,float,,5.0,,,,
CMQ,2015,38.9,-2.1,,,,,0,float,,5.0,,,,
CMQ,2016,40.3,-2.6,,,,,0,float,,5.0,,,,
CMQ,2017,41.9,-2.7,,,,,0,float,,5.0,,,,
CMQ,2018,44.0,-2.8,,,,,0,float,,5.0,,,,
CMQ,2019,46.9,-3.3,,,,,0,float,,5.0,,,,
CMQ,2020,59.5,-7.2,,,,,0,float,,5.0,,,,
CMQ,2021,56.1,-3.7,,,,,0,float,,5.0,,,,
CMQ,2022,52.9,-2.4,,,,,0,float,,5.0,,,,
CMQ,2023,51.9,-2.7,,,,,0,float,,5.0,,,,
CMR,1998,67.8,,,4.72553484802563,7.695,3.17075185386907,0,float,,5.0,42.2946538344074,,,
CMR,1999,68.4,,,4.51130422140731,7.595,1.87174500672008,0,float,,5.0,37.2383798464814,,,
CMR,2000,75.9,2.1,,3.83241779430614,7.533,1.22719012976132,0,float,,5.0,47.9279442460149,,,
CMR,2001,62.2,1.2,,4.32426119221549,7.46,4.41977245881146,0,float,,5.0,51.5722691890366,,,
CMR,2002,56.6,1.6,,4.47702683369155,6.711,2.83442260128067,0,float,,5.0,48.4817227279603,,,
CMR,2003,51.5,3.5,,5.45315368881347,5.908,0.623163557374316,0,float,,5.0,40.2431925894529,,,
CMR,2004,51.7,2.1,,7.04886281858374,5.087,0.233647380067584,0,float,,5.0,41.8377424272557,,,
CMR,2005,43.8,3.4,,2.22827020924117,4.4,2.01353950175986,0,float,,5.0,44.9976813478478,,,
CMR,2006,18.4,6.3,,3.80958327566137,3.729,5.11757816019469,0,float,,5.0,47.1044341803567,,,
CMR,2007,13.8,3.7,,4.32758900972871,3.063,0.921402245650095,0,float,,5.0,53.2156908605178,,,
CMR,2008,11.2,1.9,,2.8476778892105,3.386,5.33780627627498,0,float,,5.0,56.9244171562734,,,
CMR,2009,11.3,-0.1,,2.57925177738754,3.743,3.04361847939999,0,float,,5.0,42.1761073594765,,,
CMR,2010,14.0,-0.6,,2.89902472122014,4.11,1.27538046242338,0,float,,5.0,47.2385853965951,,,
CMR,2011,15.9,-1.5,,3.37921128506045,3.988,2.93969946305091,0,float,,5.0,51.521987603918,,,
CMR,2012,14.9,-1.2,,4.62597872209571,3.836,2.73529677529539,0,float,,5.0,50.0360127271229,,,
CMR,2013,17.5,-3.5,,4.99552916130783,3.686,2.05034718001741,0,float,,5.0,49.6745363462134,,,
CMR,2014,20.7,-3.4,,5.71981814509198,3.534,1.85489850366777,0,float,,5.0,50.8323893087648,,,
CMR,2015,31.6,-2.9,,5.66695298703932,3.518,2.676235314199,0,float,,5.0,45.5401468279393,,,
CMR,2016,32.1,-5.8,,4.53579423678801,3.529,0.874190383288856,0,float,,5.0,40.6386315268268,,,
CMR,2017,36.5,-3.7,,3.54117654926007,3.573,0.64040914988195,0,float,,5.0,39.1990216052629,,,
CMR,2018,38.3,-2.3,,3.95551423892049,3.608,1.0688581131292,0,float,,5.0,40.587602877028,,,
CMR,2019,41.6,-3.6,,3.47505998194981,3.632,2.45280214062732,0,float,,5.0,43.3785132480415,,,
CMR,2020,44.9,-3.5,,0.259932915907115,3.881,2.43760882182236,0,float,,5.0,33.7388313623871,,,
CMR,2021,47.2,-2.9,,3.33885747179505,3.976,2.27185762503637,0,float,,5.0,36.7308347188558,,,
CMR,2022,45.6,-1.1,,3.7367840056412,3.646,6.24767713343861,0,float,,5.0,41.2866025594679,,,
CMR,2023,43.6,-0.6,,3.34756290750219,3.607,7.38281384280984,0,float,,5.0,37.8903321242578,,,
COD,2000,135.0,-1.9,,-6.91092731714194,3.245,513.906843747535,0,float,,5.0,27.0144029227569,,,
COD,2001,185.4,-1.1,,-2.10017302429294,3.251,359.936614264586,0,float,,5.0,25.0419375138391,,,
COD,2002,136.0,0.9,,2.94776518253177,3.179,31.5225826025495,0,float,,5.0,29.3168456429821,,,
COD,2003,114.5,-3.9,,5.57782231227127,3.057,12.8739657187405,0,float,,5.0,54.0313561776419,,,
COD,2004,164.1,-0.2,,6.73837393320788,2.976,3.99438400815971,0,float,,5.0,49.3364146254994,,,
COD,2005,112.0,1.4,,6.1351511550716,2.948,21.3168167229341,0,float,,5.0,51.0276749145565,,,
COD,2006,107.5,2.1,,5.10894433184896,3.174,13.0526949745101,0,float,,5.0,44.7667089929736,,,
COD,2007,85.1,1.2,,8.58332298445387,3.404,16.945100654195,0,float,,5.0,72.9983031777719,,,
COD,2008,80.3,-0.3,,7.43333574200602,3.627,17.3013845700157,0,float,,5.0,72.9527093196566,,,
COD,2009,91.6,1.0,,0.541570197421564,3.882,2.79999999999982,0,float,,5.0,63.0860045505312,,,
COD,2010,31.8,-0.8,,8.61867717510543,4.098,7.10000000000037,0,float,,5.0,80.9975153909582,,,
COD,2011,7.8,-0.7,,-0.403164081254445,4.317,15.316515913949,0,float,,5.0,83.4133637998303,,,
COD,2012,7.6,1.9,,8.66859360586926,4.485,9.72182806273364,0,float,,5.0,66.7056747465748,,,
COD,2013,8.3,3.5,,17.5159124688348,4.469,0.808223101487111,0,float,,5.0,72.5557545139014,,,
COD,2014,8.7,3.9,,7.30227750870263,4.436,1.24303889760803,0,float,,5.0,74.1131729382021,,,
COD,2015,10.2,-1.2,,6.35973756164829,4.441,0.74419899478147,0,float,,5.0,57.7539236163245,,,
COD,2016,10.6,-0.9,,0.393832798154563,4.528,2.88585107289988,0,float,,5.0,68.0083342860132,,,
COD,2017,8.4,0.0,,4.24121047272719,4.613,,0,float,,5.0,65.9184525277578,,,
COD,2018,9.2,-1.3,,6.07168870646615,4.632,,0,float,,5.0,72.5591739081336,,,
COD,2019,9.7,-3.4,,0.555384294580819,4.605,,0,float,,5.0,60.9143523742792,,,
COD,2020,11.6,-3.5,,0.775427992354622,5.355,,0,float,,5.0,61.0284707727916,,,
COD,2021,14.0,-1.6,,6.42961005647355,5.289,,0,float,,5.0,75.3870523860732,,,
COD,2022,14.7,-0.9,,9.31116944064918,4.54,,0,float,,5.0,85.8221691879958,,,
COD,2023,15.7,-1.6,,8.5334898318451,4.469,,0,float,,5.0,86.7400581798289,,,
COG,1989,0.0,0.8,,2.59987651814491,,-1.79698882952885,0,float,,5.0,83.3530093224987,,,
COG,1990,0.0,-4.1,,1.00000356627487,,2.88905374216947,0,float,,5.0,70.8193543307087,,,
COG,1991,0.0,-11.2,,2.39536745255616,19.911,-1.67834968956537,0,float,,5.0,69.6845429946663,,,
COG,1992,0.0,-12.7,,2.61194805533871,19.916,-3.93546810070881,0,float,,5.0,57.1407058861412,,,
COG,1993,0.0,-11.3,,-0.979683208744774,19.99,4.92366412213743,0,float,,5.0,74.1761942770688,,,
COG,1994,0.0,-10.6,,-5.49307574541402,20.269,42.4396750333452,0,float,,5.0,132.736248422167,,,
COG,1995,0.0,-6.4,,3.9853243781107,20.226,9.41800743452228,0,float,,5.0,128.312504260557,,,
COG,1996,0.0,9.2,,4.29048155870402,20.049,10.0311203319503,0,float,,5.0,128.407663306917,,,
COG,1997,0.0,3.7,,-0.624812152260716,19.886,,0,float,,5.0,135.758179538246,,,
COG,1998,0.0,-5.2,,3.73755276980884,19.898,,0,float,,5.0,148.901662464134,,,
COG,1999,0.0,-4.7,,-2.58219935813743,20.141,4.14267137284048,0,float,,5.0,131.394190298765,,,
COG,2000,145.0,1.0,,7.5759803952642,19.872,-0.881991517025431,0,float,,5.0,123.909884405671,,,
COG,2001,180.1,-0.7,,3.80260189913561,19.88,0.0559899218140583,0,float,,5.0,130.732481081873,,,
COG,2002,163.5,-7.3,,4.58187006108889,19.644,4.37875971780873,0,float,,5.0,135.45607107226,,,
COG,2003,185.3,0.4,,0.813264076303781,19.877,-0.631844987363156,0,float,,5.0,156.861777335368,,,
COG,2004,122.6,3.3,,3.47663162118089,19.896,2.42976607961799,0,float,,5.0,131.368198717322,,,
COG,2005,99.8,13.4,,7.75575897806648,19.796,3.09449011456182,0,float,,5.0,119.552892262402,,,
COG,2006,94.7,16.0,,7.98623836334291,19.563,6.53784395299604,0,float,,5.0,125.600762974491,,,
COG,2007,93.8,9.0,,-6.61399480441001,19.909,2.65464645060703,0,float,,5.0,148.586625395069,,,
COG,2008,69.6,23.9,,6.30637595585259,19.962,4.95875092023152,0,float,,5.0,133.108486659608,,,
COG,2009,83.8,4.8,,11.6372888615758,19.844,4.41500374795223,0,float,,5.0,135.552365681975,,,
COG,2010,43.5,15.5,,9.93126543095578,19.3,0.391525011227612,0,float,,5.0,124.064754399607,,,
COG,2011,34.4,16.1,,2.20591936286718,19.435,1.75958704273803,0,float,,5.0,124.591742710141,,,
COG,2012,30.2,7.2,,9.94715314257564,19.491,5.01018773134471,0,float,,5.0,97.444435145443,,,
COG,2013,33.9,-2.8,,-0.712434451876447,19.845,4.63161619729461,0,float,,5.0,93.0028633915235,,,
COG,2014,42.3,-10.7,,6.64606540928447,19.696,0.912139545450097,0,float,,5.0,104.197620103417,,,
COG,2015,74.2,-17.8,,0.415193061293763,20.02,3.16909796750829,0,float,,5.0,117.320721558581,,,
COG,2016,84.5,-14.5,,-8.68524343913786,20.298,3.19056179723773,0,float,,5.0,122.259818284021,,,
COG,2017,88.5,-5.6,,-5.59477371915547,20.737,0.450063823285546,0,float,,5.0,94.6170952583422,,,
COG,2018,71.2,5.2,,-2.30431780125842,20.84,1.15277896375523,0,float,,5.0,100.583216779714,,,
COG,2019,77.6,4.3,,1.12447391976529,20.494,2.20607305781525,0,float,,5.0,91.5757547930374,,,
COG,2020,102.5,-1.1,,-6.26777227963225,22.286,1.79537147083108,0,float,,5.0,69.3066247188397,,,
COG,2021,97.8,1.6,,1.01507036990908,21.998,1.7156427545126,0,float,,5.0,85.5462031552188,,,
COG,2022,93.5,8.9,,1.47535613247133,20.131,3.04344334698478,0,float,,5.0,98.1613366922001,,,
COG,2023,102.9,5.8,,1.90686426346754,19.919,4.30174563591016,0,float,,5.0,96.2103944039618,,,
COL,1996,23.3,-2.5,,2.05585471287195,11.81,20.7975755127402,0,float,,7.0,36.0441071863282,,,
COL,1997,25.3,-3.2,,3.43029367788374,12.14,18.4700217119089,0,float,,7.0,35.5970680886793,,,
COL,1998,27.5,-3.9,,0.569784088434517,15.0,18.6769799276672,0,float,,7.0,35.9089230535138,,,
COL,1999,34.0,-5.4,,-4.20401524244947,20.06,10.8736870857471,0,float,,7.0,36.1492793141794,,,
COL,2000,38.0,-2.9,,2.92486148176778,20.52,9.22534818585366,0,float,,7.0,32.6670854693067,,,
COL,2001,41.1,-2.7,,1.67789830787579,15.04,7.96556090304834,0,float,,7.0,33.9011117949445,,,
COL,2002,47.5,-3.5,,2.50398046659659,14.481,6.35150728778872,0,float,,7.0,32.9826392144234,,,
COL,2003,45.0,-2.7,,3.91827190322513,13.221,7.1297886294186,0,float,,7.0,36.51618351723,,,
COL,2004,41.5,-1.3,,5.33302206759905,13.717,5.90402005546502,0,float,,7.0,35.8634269337995,,,
COL,2005,38.5,0.0,,4.82876110773741,11.062,5.05101962689696,0,float,,7.0,37.422697494955,,,
COL,2006,36.0,-1.0,,6.71686869844402,11.088,4.29342363628927,0,float,,7.0,39.6413559606293,,,
COL,2007,32.7,-0.8,,6.73819469090975,11.204,5.54438485815156,0,float,,7.0,37.0988970982903,,,
COL,2008,32.4,0.0,,3.28344618616541,11.273,6.99688495554511,0,float,,7.0,39.1676494164355,,,
COL,2009,35.4,-2.7,,1.13964864548062,12.066,4.20251661216482,0,float,,7.0,35.1561285074585,,,
COL,2010,36.5,-3.3,,4.49465897070922,11.153,2.27200227892008,0,float,,7.0,34.2646031687681,,,
COL,2011,35.8,-2.0,,6.94789198173555,10.288,3.4150334477625,0,float,,7.0,39.4704235545367,,,
COL,2012,34.0,0.2,,3.91263576716115,9.959,3.16930188840055,0,float,,7.0,38.835151018669,,,
COL,2013,37.6,-1.0,,5.13399351995672,9.246,2.01699224310383,0,float,,7.0,37.9866487978457,,,
COL,2014,43.3,-1.7,,4.49903000110972,8.799,2.89883787761738,0,float,,7.0,37.4874656411103,,,
COL,2015,50.4,-3.5,,2.95590137527523,8.572,4.9898311584953,0,float,,7.0,38.3607641184453,,,
COL,2016,49.9,-2.3,,2.08738250162794,8.922,7.51346024627675,0,float,,7.0,36.202652984202,,,
COL,2017,49.4,-2.5,,1.35936086788746,9.086,4.31431325695011,0,float,,7.0,35.2829149424588,,,
COL,2018,51.8,-4.7,,2.56432428277704,9.36,3.24056932930569,0,float,,7.0,36.5347527968973,,,
COL,2019,51.0,-3.5,,3.18685539245533,10.28,3.52301932741447,0,float,,7.0,37.558533980839,,,
COL,2020,65.3,-7.1,,-7.18591413760859,15.983,2.52663500084706,0,float,,7.0,34.0555709680101,,,
COL,2021,64.4,-7.3,,10.8011981904878,13.898,3.49505757399448,0,float,,7.0,40.0591463936128,,,
COL,2022,61.3,-6.4,,7.32827729427979,10.541,10.1772313546166,0,float,,7.0,48.2826551123359,,,
COL,2023,55.4,-2.9,,0.841819555752039,9.591,11.7359044948689,0,float,,7.0,40.1333165322581,,,
COM,1984,150.1,-5.7,,4.16654475231881,,,0,float,,5.0,35.7565919904837,,,
COM,1985,142.8,-5.0,,2.77913541754444,,,0,float,,5.0,35.757685475385,,,
COM,1986,136.6,-4.8,,2.07103502558049,,,0,float,,5.0,35.7566167116572,,,
COM,1987,128.8,-3.1,,2.07774404121217,,,0,float,,5.0,35.7568169719435,,,
COM,1988,119.9,-2.7,,4.9705961043117,,,0,float,,5.0,35.7565312388164,,,
COM,1989,113.7,-1.3,,-0.917059811290571,,,0,float,,5.0,35.7577593566687,,,
COM,1990,108.1,-1.0,,7.33881096130857,,,0,float,,5.0,35.7570317175345,,,
COM,1991,103.9,-2.3,,-6.16697445150861,4.795,,0,float,,5.0,35.75721110708,,,
COM,1992,101.0,-2.0,,7.35801529393501,4.528,,0,float,,5.0,35.757355539978,,,
COM,1993,95.7,1.3,,2.5473458344995,4.571,,0,float,,5.0,35.7569519162497,,,
COM,1994,87.8,-3.7,,-3.98651752857747,4.566,,0,float,,5.0,35.7572794061551,,,
COM,1995,77.7,-4.1,,5.63727928670581,4.675,,0,float,,5.0,35.7572385369768,,,
COM,1996,75.4,-3.4,,-0.510368828932258,4.774,,0,float,,5.0,35.7578150774993,,,
COM,1997,70.9,-1.3,,4.41042562590719,4.561,,0,float,,5.0,35.7570438604224,,,
COM,1998,69.4,-2.0,,0.0250407992332242,4.614,,0,float,,5.0,35.7572500543394,,,
COM,1999,64.5,-0.5,,2.69768646408839,4.544,,0,float,,5.0,35.7571570476989,,,
COM,2000,60.7,-1.1,,-1.00701887109655,4.4,,0,float,,5.0,35.7574785306267,,,
COM,2001,53.0,-2.1,,5.41959971808741,4.379,5.55459394816812,0,float,,5.0,35.7572288509346,,,
COM,2002,48.2,-2.1,,4.59768263263243,4.372,3.53304214308078,0,float,,5.0,35.7571190335913,,,
COM,2003,44.4,-2.0,,1.93442812313498,4.559,3.799081366719,0,float,,5.0,35.7569591176854,,,
COM,2004,42.4,-1.0,,3.10041210399676,4.571,4.47499289078107,0,float,,5.0,35.7570631253248,,,
COM,2005,39.9,-1.4,,5.66520240193151,4.527,3.0133239505812,0,float,,5.0,35.7574093238258,,,
COM,2006,38.5,-1.5,,-1.75444679449394,4.482,3.37436360121204,0,float,,5.0,35.7572745739842,,,
COM,2007,36.2,-1.2,,0.803599788247752,4.474,4.46616710098132,0,float,,5.0,33.1561792127495,,,
COM,2008,33.4,-1.5,,3.96461118871815,4.416,1.7007817628453,0,float,,5.0,36.2185263542809,,,
COM,2009,31.8,0.4,,3.24074074074075,4.303,4.36234829325719,0,float,,5.0,37.8969223253542,,,
COM,2010,30.1,4.2,,3.77776673684423,4.19,3.35475770328919,0,float,,5.0,39.5501057977388,,,
COM,2011,27.6,0.9,,4.14350668765977,4.12,1.8426630075619,0,float,,5.0,40.0009485841888,,,
COM,2012,25.0,2.0,,3.1684098843342,4.091,6.31474450315177,0,float,,5.0,40.8104424055408,,,
COM,2013,10.5,10.5,,4.46624729869704,3.98,-4.29487331536756,0,float,,5.0,39.2433304243612,,,
COM,2014,12.0,-0.3,,2.10665760321017,3.984,7.54755379096711,0,float,,5.0,39.2358265722767,,,
COM,2015,13.6,2.6,,1.14735632260047,4.031,-0.11717388419007,0,float,,5.0,37.8049520714563,,,
COM,2016,15.7,-5.5,,3.3204465548877,4.117,0.797517430888487,0,float,,5.0,37.1328797158337,,,
COM,2017,19.4,-0.1,,3.81576287489548,4.049,-0.237362224154613,0,float,,5.0,40.164358921352,,,
COM,2018,17.5,-1.3,,3.64245114733689,3.975,2.15155084413033,0,float,,5.0,42.996153341343,,,
COM,2019,22.4,-4.3,,1.76078023564568,3.926,3.58213544469211,0,float,,5.0,42.2680785350184,,,
COM,2020,25.5,-0.5,,-0.195556841918759,4.468,0.786641929499151,0,float,,5.0,33.7299346157491,,,
COM,2021,27.9,-2.8,,2.04245238320844,4.394,-0.00441793682346988,0,float,,5.0,42.0677236496077,,,
COM,2022,30.2,-3.9,,2.45381174550259,3.879,12.5320314570999,0,float,,5.0,50.3887704882382,,,
COM,2023,31.5,-1.3,,3.1866131800554,3.833,8.37373955490996,0,float,,5.0,44.4398634497089,,,
CPV,1997,79.3,-10.2,,11.1184260583756,13.01,8.55606258148634,0,float,,5.0,85.979346154719,,,
CPV,1998,72.9,-3.2,,12.5172857879884,13.055,4.39423509983477,0,float,,5.0,81.8814137506275,,,
CPV,1999,66.4,-10.9,,11.2226484455351,13.071,4.35643374510453,0,float,,5.0,80.9690199640443,,,
CPV,2000,71.9,-15.5,,14.2848688450919,13.024,-2.47745668519835,0,float,,5.0,87.5206083614917,,,
CPV,2001,62.2,-5.0,,2.23165454528898,13.242,3.34996472317894,0,float,,5.0,92.1637224974152,,,
CPV,2002,64.7,-6.1,,5.25089116960211,13.379,1.88453410076765,0,float,,5.0,101.089702293616,,,
CPV,2003,65.6,-3.6,,4.17625932578332,13.604,1.18817038620528,0,float,,5.0,98.7683808076547,,,
CPV,2004,67.8,-3.0,,10.197072633926,13.456,-1.8908217230618,0,float,,5.0,101.567169989502,,,
CPV,2005,66.7,-4.7,,6.91245795720201,13.439,0.41889161285517,0,float,,5.0,104.343839857053,,,
CPV,2006,66.2,-4.3,,7.98375044795048,13.378,5.36907687065549,0,float,,5.0,117.816697232822,,,
CPV,2007,59.6,-0.9,,15.1706879735517,13.294,4.41099704193489,0,float,,5.0,94.2062075432498,,,
CPV,2008,57.5,-1.4,,7.03901129565128,13.307,6.77443546371143,0,float,,5.0,90.9663882722365,,,
CPV,2009,58.8,-5.3,,-1.50358672385678,13.517,0.991103480568085,0,float,,5.0,80.4609561322904,,,
CPV,2010,66.2,-9.6,,1.83641914989978,10.67,2.07866470906424,0,float,,5.0,85.5484498816191,,,
CPV,2011,71.6,-7.0,,3.92471821338283,10.956,4.47388342165023,0,float,,5.0,90.5564501122747,,,
CPV,2012,82.9,-9.4,,1.08364848376166,11.145,2.54039644167109,0,float,,5.0,90.649916554117,,,
CPV,2013,93.5,-8.5,,0.632136727385131,11.398,1.50654285701407,0,float,,5.0,86.1698600308418,,,
CPV,2014,105.7,-6.9,,0.696666840118581,11.689,-0.238778144990624,0,float,,5.0,91.3038524117221,,,
CPV,2015,115.7,-4.2,,0.936026507808833,11.923,0.131187999024545,0,float,,5.0,94.0084870167993,,,
CPV,2016,115.6,-2.7,,4.28071482662371,12.085,-1.40781637091706,0,float,,5.0,95.3781398609533,,,
CPV,2017,113.0,-2.6,,4.5513148102974,12.24,0.784415251101334,0,float,,5.0,100.052133904219,,,
CPV,2018,112.3,-2.4,,3.70696458310842,12.17,1.25699566690509,0,float,,5.0,105.867524052105,,,
CPV,2019,109.8,-1.6,,6.94782634051859,12.123,1.10666674296063,0,float,,5.0,103.602656463726,,,
CPV,2020,149.1,-9.3,,-20.8052758990735,14.65,0.605795808395385,0,float,,5.0,78.3934545931901,,,
CPV,2021,149.5,-7.5,,7.03353010694514,13.932,1.86215297494647,0,float,,5.0,77.4550586265341,,,
CPV,2022,127.6,-4.3,,15.843675684642,12.239,7.93092925430087,0,float,,5.0,96.9941368513357,,,
CPV,2023,117.5,-0.3,,4.7947613911073,11.882,3.72437517668748,0,float,,5.0,95.0324943346692,,,
CRI,1996,33.7,-4.3,,1.35045951266757,6.16,17.5114524814591,0,float,,5.0,84.05715799017,,,
CRI,1997,30.6,-3.4,,5.47616597492105,5.68,13.2480440791191,0,float,,5.0,87.6131965012773,,,
CRI,1998,40.7,-3.0,,7.08853729218445,5.33,11.6592997742233,0,float,,5.0,92.0380202177963,,,
CRI,1999,39.0,-2.9,,4.147800457203,5.9,10.0452817292494,0,float,,5.0,87.5386136418898,,,
CRI,2000,38.9,-3.7,,3.80207210664838,5.08,10.9615496593622,0,float,,5.0,86.5249233826171,,,
CRI,2001,39.6,-3.5,,3.49117013515725,6.051,11.2556157091172,0,float,,5.0,80.8527575070405,,,
CRI,2002,41.4,-5.0,,3.41687615891895,6.396,9.16752048509119,0,float,,5.0,80.4139436754132,,,
CRI,2003,40.6,-3.4,,4.31718000096654,6.654,9.44758091616984,0,float,,5.0,83.3277075502937,,,
CRI,2004,41.0,-3.4,,4.42459978667458,6.445,12.3148150178852,0,float,,5.0,85.2564775039755,,,
CRI,2005,37.3,-2.1,,3.97666631433462,6.749,13.7982949108987,0,float,,5.0,89.2226646399546,,,
CRI,2006,33.0,-1.0,,7.3266951372695,5.926,11.4705968149052,0,float,,5.0,89.814554322106,,,
CRI,2007,27.0,0.6,,8.21513209207497,4.557,9.35724456417157,0,float,,5.0,86.4565956113537,,,
CRI,2008,24.0,0.2,,4.73817511214847,4.934,13.4244635507284,0,float,,5.0,86.4015124904847,,,
CRI,2009,26.0,-3.3,,-0.87345608994562,7.824,7.84270167700654,0,float,,5.0,69.7593172897331,,,
CRI,2010,28.1,-5.0,,5.36034347722267,7.171,5.66275708420021,0,float,,5.0,67.5120894036891,,,
CRI,2011,29.5,-3.9,,4.40315921836142,9.518,4.87799830970702,0,float,,5.0,68.6391459050112,,,
CRI,2012,33.7,-4.2,,4.88259252932575,9.11,4.49545314354605,0,float,,5.0,67.0485391393947,,,
CRI,2013,35.1,-5.2,,2.49476596233289,8.218,5.23133614174428,0,float,,5.0,64.0664108162845,,,
CRI,2014,37.4,-5.5,,3.54210997703849,8.499,4.51920098516954,0,float,,5.0,65.1912422181011,,,
CRI,2015,39.8,-5.5,,3.65208093006359,8.415,0.801982005099623,0,float,,5.0,60.7535621474841,,,
CRI,2016,44.1,-5.1,,4.20432320775184,8.085,-0.0174788505908217,0,float,,5.0,62.178478293067,,,
CRI,2017,47.1,-5.9,,4.15769914676933,7.729,1.62590692991732,0,float,,5.0,65.0719536997344,,,
CRI,2018,51.7,-5.6,,2.85285959760458,9.01,2.22111461526581,0,float,,5.0,66.7874137887726,,,
CRI,2019,56.1,-6.6,,2.70813912948329,10.807,2.09604635327807,0,float,,5.0,65.4194732486775,,,
CRI,2020,66.5,-8.3,,-4.14159340574358,16.432,0.724911478131376,0,float,,5.0,59.7463550719484,,,
CRI,2021,67.0,-5.0,,8.21817953969082,15.139,1.72647755109241,0,float,,5.0,70.103693305909,,,
CRI,2022,61.4,-2.7,,5.46119455235068,11.325,8.27477490232654,0,float,,5.0,79.0523903153884,,,
CRI,2023,60.4,-3.2,,4.79187732359398,8.325,0.525193508693455,0,float,,5.0,71.4380310340536,,,
CYP,1995,46.7,-0.7,,8.36246885710111,2.6,2.61581787956336,0,fixed,,5.0,134.390514064609,,,
CYP,1996,48.8,-3.0,,1.24854147527125,3.1,2.97892486481266,0,fixed,,5.0,140.848983444568,,,
CYP,1997,53.5,-4.8,,2.64093066351474,3.4,3.6053444436463,0,fixed,,5.0,139.762976603986,,,
CYP,1998,55.0,-3.9,,6.11088294947106,3.3,2.22770732654316,0,fixed,,5.0,134.909736760687,,,
CYP,1999,55.7,-4.1,,4.99795469482918,5.532,1.62999999999997,0,fixed,,5.0,131.209333344294,,,
CYP,2000,56.0,-2.2,,5.96530445494226,4.766,4.14165764702055,0,fixed,,5.0,137.494903248556,,,
CYP,2001,57.5,-2.1,,3.95256258200938,4.043,1.97304191729917,0,fixed,,5.0,131.849067868114,,,
CYP,2002,61.0,-4.1,,3.72297491128981,3.336,2.80115505180745,0,fixed,,5.0,123.64133212338,,,
CYP,2003,63.0,-5.9,,2.62329962315329,4.153,4.13906538686852,0,fixed,,5.0,114.004632981485,,,
CYP,2004,64.7,-3.7,,5.02627226665527,4.77,2.28621706801678,0,fixed,,5.0,113.903613489207,,,
CYP,2005,64.0,-2.2,,4.85298762175586,5.481,2.56016132330235,0,fixed,,5.0,111.917065271958,,,
CYP,2006,59.0,-1.0,,4.71378358593959,4.593,2.30468732978553,0,fixed,,5.0,109.806498040343,,,
CYP,2007,53.1,3.2,,5.09822614854798,3.946,2.37265183669718,0,fixed,,5.0,111.275122844623,,,
CYP,2008,44.1,0.9,,3.64698922103939,3.756,4.66900841902491,1,fixed,,5.0,112.925930874708,,,
CYP,2009,52.8,-5.4,,-2.01508203683694,5.594,0.326276652249793,1,fixed,,5.0,102.7910918992,,,
CYP,2010,55.3,-4.7,,2.28267100119788,6.359,2.43004084102251,1,fixed,,5.0,108.901699269523,,,
CYP,2011,64.8,-5.7,,0.416711868408683,7.942,3.2894493956421,1,fixed,,5.0,110.617131287039,,,
CYP,2012,79.2,-5.6,,-3.44738151374587,12.097,2.38905410042326,1,fixed,,5.0,112.344273297273,,,
CYP,2013,102.7,-5.2,,-6.58747751118347,16.131,-0.399357676464425,1,fixed,,5.0,120.926200639389,,,
CYP,2014,113.0,-8.8,,-1.77605867728616,16.277,-1.35498885446315,1,fixed,,5.0,130.84436307939,,,
CYP,2015,111.6,-0.8,,3.41892038889013,15.026,-2.0969976905312,1,fixed,,5.0,137.276426477193,,,
CYP,2016,106.8,0.5,,6.57359080924678,13.006,-1.42916666666665,1,fixed,,5.0,139.022098457248,,,
CYP,2017,96.4,2.1,,5.75083236554525,11.155,0.531766496174467,1,fixed,,5.0,148.013355558135,,,
CYP,2018,100.7,-3.4,,6.27166360056404,8.504,1.43549119531759,1,fixed,,5.0,147.623567410054,,,
CYP,2019,92.3,1.0,,5.87559583386607,7.155,0.250370996758493,1,fixed,,5.0,150.50616312951,,,
CYP,2020,113.6,-5.6,,-3.22063018637567,7.755,-0.638422797978861,1,fixed,,5.0,160.66871645997,,,
CYP,2021,96.5,-1.6,,11.3975590801512,7.513,2.44608867175474,1,fixed,,5.0,176.82773681987,,,
CYP,2022,80.3,2.7,,8.73854684881674,6.806,8.39548297993334,1,fixed,,5.0,205.753530252705,,,
CYP,2023,71.1,1.7,,3.62045368236082,5.835,3.54134188751646,1,fixed,,5.0,190.740957956519,,,
CZE,1995,13.5,-12.3,,6.22140598863832,4.082,8.99052361478449,0,float,,9.0,82.9009990725253,,,
CZE,1996,11.5,-3.0,,4.16858426915319,3.852,8.75877472878111,0,float,,9.0,80.59955795966,,,
CZE,1997,12.1,-3.1,,-0.595838414214853,4.674,8.59615666715564,0,float,,9.0,84.1532306677233,,,
CZE,1998,13.9,-4.1,,-0.393150193750415,6.455,10.6983655274888,0,float,,9.0,83.9386523207327,,,
CZE,1999,15.1,-3.1,,1.37836060943835,8.702,2.1354484441733,0,float,,9.0,85.4571236396114,,,
CZE,2000,16.9,-3.5,,4.010669619984,8.764,3.77538829151729,0,float,,9.0,97.4983956327874,,,
CZE,2001,22.6,-5.8,,2.9172195289956,8.128,4.66267556988258,0,float,,9.0,98.5368737300189,,,
CZE,2002,25.7,-6.3,,1.51345949139996,7.28,1.90298097019027,0,float,,9.0,90.8792715456582,,,
CZE,2003,28.1,-6.9,,3.300836832613,7.777,0.118739205526815,0,float,,9.0,94.6468600665608,,,
CZE,2004,28.3,-2.4,,4.73633969683438,8.298,2.76010781671153,0,float,,9.0,113.173975970415,,,
CZE,2005,27.7,-3.1,,6.37502886086791,7.927,1.85709789109228,0,float,,9.0,121.191287316105,,,
CZE,2006,27.6,-2.2,,6.62317299177447,7.141,2.53399258343633,0,float,,9.0,127.051015055016,,,
CZE,2007,27.3,-0.7,,5.48882595164517,5.316,2.8531243721117,0,float,,9.0,129.876739504889,,,
CZE,2008,28.2,-2.0,,2.61226807205139,4.392,6.3586638015237,0,float,,9.0,123.904809929948,,,
CZE,2009,33.4,-5.5,,-4.79832416684926,6.662,1.0193773532923,0,float,,9.0,113.049254784875,,,
CZE,2010,36.7,-4.1,,2.71466509907701,7.281,1.47272727272728,0,float,,9.0,126.756480116798,,,
CZE,2011,39.4,-2.7,,1.77238085338473,6.712,1.9172191363555,0,float,,9.0,136.750855542438,,,
CZE,2012,43.8,-3.9,,-0.770668190622743,6.979,3.28762306610411,0,float,,9.0,145.480195396935,,,
CZE,2013,44.1,-1.3,,-0.0418124160447491,6.953,1.4382978723404,0,float,,9.0,145.502230624961,,,
CZE,2014,41.5,-2.1,,2.24521219862635,6.108,0.343988589646794,0,float,,9.0,156.415122826886,,,
CZE,2015,39.5,-0.7,,4.95875848915604,5.048,0.309364548494975,0,float,,9.0,154.018400997633,,,
CZE,2016,36.2,0.7,,2.58087013921376,3.952,0.683504209385703,0,float,,9.0,148.547004664435,,,
CZE,2017,33.8,1.5,,5.17356529967881,2.893,2.4505339846014,0,float,,9.0,147.750834854762,,,
CZE,2018,31.7,0.9,,2.83030588267866,2.246,2.14949494949493,0,float,,9.0,145.141717890789,,,
CZE,2019,29.6,0.3,,3.56577658128261,2.015,2.84787595918041,0,float,,9.0,138.154609993871,,,
CZE,2020,36.9,-5.6,,-5.30487955463876,2.55,3.1612952849781,0,float,,9.0,128.780430305965,,,
CZE,2021,40.7,-5.0,,4.02901832055149,2.803,3.83984491500146,0,float,,9.0,137.378116302868,,,
CZE,2022,42.5,-3.1,,2.8471706583814,2.224,15.1001651468371,0,float,,9.0,144.011494109397,,,
CZE,2023,42.2,-3.7,,0.0475803308973752,2.579,10.6612601372427,0,float,,9.0,131.892598295876,,,
DA,2000,43.4,-4.0,,,,,0,float,,5.0,,,,
DA,2001,43.8,-4.3,,,,,0,float,,5.0,,,,
DA,2002,44.4,-4.5,,,,,0,float,,5.0,,,,
DA,2003,44.6,-3.9,,,,,0,float,,5.0,,,,
DA,2004,43.5,-2.9,,,,,0,float,,5.0,,,,
DA,2005,41.7,-2.2,,,,,0,float,,5.0,,,,
DA,2006,38.9,-1.6,,,,,0,float,,5.0,,,,
DA,2007,40.3,-0.9,,,,,0,float,,5.0,,,,
DA,2008,36.4,-1.4,,,,,0,float,,5.0,,,,
DA,2009,41.2,-3.2,,,,,0,float,,5.0,,,,
DA,2010,39.9,-2.1,,,,,0,float,,5.0,,,,
DA,2011,39.0,-1.5,,,,,0,float,,5.0,,,,
DA,2012,39.0,-1.6,,,,,0,float,,5.0,,,,
DA,2013,40.7,-1.8,,,,,0,float,,5.0,,,,
DA,2014,42.7,-1.7,,,,,0,float,,5.0,,,,
DA,2015,44.1,-3.1,,,,,0,float,,5.0,,,,
DA,2016,50.7,-3.7,,,,,0,float,,5.0,,,,
DA,2017,53.8,-3.6,,,,,0,float,,5.0,,,,
DA,2018,55.3,-4.1,,,,,0,float,,5.0,,,,
DA,2019,58.6,-5.6,,,,,0,float,,5.0,,,,
DA,2020,69.0,-9.4,,,,,0,float,,5.0,,,,
DA,2021,70.6,-6.2,,,,,0,float,,5.0,,,,
DA,2022,73.9,-7.0,,,,,0,float,,5.0,,,,
DA,2023,78.9,-6.3,,,,,0,float,,5.0,,,,
DEU,1991,39.0,-3.2,,5.10826150190911,5.316,4.04703259753466,0,fixed,,10.0,47.6354131979568,,,
DEU,1992,41.4,-2.6,,2.01361340926105,6.323,5.05697796731731,0,fixed,,10.0,44.6840440028306,,,
DEU,1993,45.1,-3.1,,-0.973033082340891,7.675,4.47457650752808,0,fixed,,10.0,39.7493939704326,,,
DEU,1994,47.5,-2.5,,2.59685569693275,8.727,2.69305639854954,0,fixed,,10.0,41.0957443335763,,,
DEU,1995,54.9,-9.4,,1.50499384201356,8.158,1.70616041317076,0,fixed,,10.0,42.6061486475818,,,
DEU,1996,57.7,-3.6,,1.0378755674358,8.822,1.44972701963239,0,fixed,,10.0,43.903586095325,,,
DEU,1997,58.8,-3.0,,1.85432238398302,9.861,1.93936968221574,0,fixed,,10.0,48.380321068738,,,
DEU,1998,59.4,-2.6,,2.09561231172233,9.787,0.911184687196224,0,fixed,,10.0,50.1554657792327,,,
DEU,1999,60.3,-1.9,,2.12957016297766,8.854,0.585434192138622,1,fixed,,10.0,51.519227436406,,,
DEU,2000,59.2,-1.7,,2.8765231247659,7.917,1.44026838719741,1,fixed,,10.0,59.1955992975405,,,
DEU,2001,58.1,-3.1,,1.63614170690956,7.773,1.98385731334471,1,fixed,,10.0,59.5592863682118,,,
DEU,2002,59.8,-4.1,,-0.228255715793637,8.482,1.42080615551526,1,fixed,,10.0,58.3325687248129,,,
DEU,2003,63.3,-3.8,,-0.529801394291297,9.779,1.03422218628562,1,fixed,,10.0,58.9145442942507,,,
DEU,2004,65.0,-3.4,,1.16208684507278,10.727,1.66573696655992,1,fixed,,10.0,62.9064909465164,,,
DEU,2005,67.1,-3.4,,0.885485292551564,11.193,1.54691114751328,1,fixed,,10.0,66.9531024934321,,,
DEU,2006,66.4,-1.8,,3.86668241523209,10.277,1.57742642840563,1,fixed,,10.0,72.7591934646234,,,
DEU,2007,63.7,0.2,,2.8891174138025,8.732,2.29834400700951,1,fixed,,10.0,74.8838416816798,,,
DEU,2008,65.2,-0.3,,0.887902330743628,7.508,2.62837981637219,1,fixed,,10.0,76.1131665945746,,,
DEU,2009,72.4,-3.2,,-5.54455451920674,7.88,0.312739007368447,1,fixed,,10.0,66.1391275757126,,,
DEU,2010,81.0,-4.4,,4.13463778522758,7.043,1.1038103778926,1,fixed,,10.0,73.8852351200263,,,
DEU,2011,78.5,-0.8,,3.75796884489337,5.967,2.07517283735874,1,fixed,,10.0,78.433002901442,,,
DEU,2012,79.8,-0.1,,0.463512036709204,5.372,2.00848884782956,1,fixed,,10.0,79.3316495670315,,,
DEU,2013,77.5,0.1,,0.396995583779145,5.316,1.50472330251876,1,fixed,,10.0,77.5860288576931,,,
DEU,2014,74.5,0.7,,2.18018602168017,4.979,0.906794000434246,1,fixed,,10.0,76.8483516336234,,,
DEU,2015,71.2,0.9,,1.66300602334775,4.612,0.514426137125456,1,fixed,,10.0,77.7565815686922,,,
DEU,2016,68.3,1.1,,2.22222216259371,4.104,0.491747008445174,1,fixed,,10.0,76.0059902166055,,,
DEU,2017,64.0,1.3,,2.797906720551,3.781,1.50949485109628,1,fixed,,10.0,77.4548394742448,,,
DEU,2018,60.8,1.9,,1.13569604599849,3.384,1.73216879766942,1,fixed,,10.0,79.1252260463654,,,
DEU,2019,58.7,1.3,,0.977734697038784,3.163,1.44565976888253,1,fixed,,10.0,79.0732427175683,,,
DEU,2020,68.0,-4.4,,-4.13191443239947,3.881,0.144877925813982,1,fixed,,10.0,72.9335327120137,,,
DEU,2021,67.9,-3.2,,3.90999994204108,3.594,3.06666666666673,1,fixed,,10.0,79.9195348609851,,,
DEU,2022,64.4,-1.9,,1.8092581243061,3.137,6.87257438551097,1,fixed,,10.0,88.7857542130501,,,
DEU,2023,62.3,-2.5,,-0.869647578573321,3.071,5.94643667725823,1,fixed,,10.0,81.9625483787634,,,
DJI,2009,29.5,-3.9,,,26.325,1.67549587285963,0,float,,5.0,,,,
DJI,2010,27.9,-1.0,,,26.368,3.95007875923886,0,float,,5.0,,,,
DJI,2011,25.7,-1.2,,,26.31,5.0687139477798,0,float,,5.0,,,,
DJI,2012,25.0,-2.0,,,26.179,3.73120950756887,0,float,,5.0,,,,
DJI,2013,24.6,-0.3,,,26.149,2.70603242872186,0,float,,5.0,347.720317058403,,,
DJI,2014,26.9,-6.9,,7.19298728463697,26.16,1.34186494340162,0,float,,5.0,298.564535821251,,,
DJI,2015,40.3,-15.5,,7.30898563450799,26.063,-0.522166521445793,0,float,,5.0,268.363456254629,,,
DJI,2016,45.9,-0.8,,7.1234323372872,25.982,2.4025290543489,0,float,,5.0,213.071998607921,,,
DJI,2017,48.0,-0.2,,5.458091517212,26.064,0.577285724560661,0,float,,5.0,305.967966403468,,,
DJI,2018,47.5,-2.0,,4.77433934943193,26.18,0.138836400011405,0,float,,5.0,300.398900523844,,,
DJI,2019,41.1,-1.0,,5.54508081154978,26.257,3.31763203299603,0,float,,5.0,320.93923036418,,,
DJI,2020,42.1,-2.6,,1.2021151728969,27.701,1.77900535643955,0,float,,5.0,225.744871323723,,,
DJI,2021,40.3,-3.1,,4.40715667561153,27.628,1.18086783934059,0,float,,5.0,263.477728733891,,,
DJI,2022,38.3,-1.5,,5.16653702854374,26.272,5.17222088647606,0,float,,5.0,302.285409231545,,,
DJI,2023,35.6,-3.5,,6.80733529403308,26.074,1.44905087029086,0,float,,5.0,285.902043800644,,,
DMA,1990,54.1,-4.7,,5.41798351146888,,3.19092323226821,0,float,,5.0,,,,
DMA,1991,56.9,-3.0,,1.3477691598669,,5.55706153429132,0,float,,5.0,,,,
DMA,1992,54.0,-2.2,,2.02941338180298,,5.47182559344178,0,float,,5.0,,,,
DMA,1993,53.4,-1.4,,2.16142138921818,,1.56902604224498,0,float,,5.0,,,,
DMA,1994,55.9,-3.4,,0.034477526872962,,0.0151367351744227,0,float,,5.0,,,,
DMA,1995,57.4,-2.9,,3.0308658627128,,1.3175374577497,0,float,,5.0,,,,
DMA,1996,53.7,-1.6,,3.10419572470771,,1.67716450485913,0,float,,5.0,,,,
DMA,1997,47.7,-2.2,,2.18562742404438,,2.43629715479674,0,float,,5.0,,,,
DMA,1998,56.3,-6.0,,3.77423043853915,,0.999147457910748,0,float,,5.0,,,,
DMA,1999,61.8,-9.2,,0.354077659205259,,1.17947787394175,0,float,,5.0,,,,
DMA,2000,68.9,-8.7,,2.3402193777688,,0.856946805358483,0,float,,5.0,,,,
DMA,2001,98.5,-6.5,,-0.0638434428881567,,1.3038940346596,0,float,,5.0,,,,
DMA,2002,97.9,-4.1,,-3.08742052359268,,0.170055330197681,0,float,,5.0,,,,
DMA,2003,94.9,0.8,,5.80495468629533,,1.45336800437251,0,float,,5.0,,,,
DMA,2004,86.2,-0.7,,4.09783662273917,,2.39410982050298,0,float,,5.0,,,,
DMA,2005,82.0,0.9,,0.915286472779144,,1.68190079877553,0,float,,5.0,,,,
DMA,2006,77.4,2.9,,4.40077479812059,,2.2023913263167,0,float,,5.0,,,,
DMA,2007,71.8,1.8,,5.3579375575878,,3.63222129317821,0,float,,5.0,,,,
DMA,2008,64.4,0.7,,7.12131217762231,,6.35992183336295,0,float,,5.0,,,,
DMA,2009,62.5,-0.3,,-1.13575145648322,,0.00626357107066859,0,float,,5.0,,,,
DMA,2010,66.8,-3.4,,-0.105610857694984,,2.99936630549,0,float,,5.0,,,,
DMA,2011,69.7,-4.4,,0.0427388878891435,,1.1312313652648,0,float,,5.0,,,,
DMA,2012,73.1,-5.4,,-0.15739179314221,,1.3567714780886,0,float,,5.0,,,,
DMA,2013,73.9,-2.9,,0.0045039972976042,,-0.0464116468805992,0,float,,5.0,,,,
DMA,2014,71.3,-5.5,,2.33521742067693,,0.799250372687492,0,float,,5.0,,,,
DMA,2015,68.2,11.4,,-3.37338262476895,,-0.84382698463833,0,float,,5.0,,,,
DMA,2016,76.9,11.6,,1.44724556489263,,0.141816225732312,0,float,,5.0,,,,
DMA,2017,84.2,-3.3,,-7.5443637547282,,0.296252889279487,0,float,,5.0,,,,
DMA,2018,85.7,-17.2,,2.964010610466,,0.98919111918989,0,float,,5.0,,,,
DMA,2019,97.8,-8.7,,3.94809757938053,,1.50462353858141,0,float,,5.0,,,,
DMA,2020,118.4,-7.5,,-15.7064024545862,,1.22026442242476,0,float,,5.0,,,,
DMA,2021,116.3,-8.2,,5.37983838954712,,2.22891330700344,0,float,,5.0,,,,
DMA,2022,110.0,-7.2,,10.3968076616121,,2.88490226829353,0,float,,5.0,,,,
DMA,2023,101.3,-4.5,,3.65221012208734,,5.08677483158112,0,float,,5.0,,,,
DNK,1992,66.7,-2.6,,2.0228112415746,9.027,2.09604442933214,0,float,,10.0,66.9797006123946,,,
DNK,1993,78.7,-3.7,,-0.078900412805325,10.719,1.2578566795326,0,float,,10.0,65.643583372576,,,
DNK,1994,75.3,-3.9,,5.29469615156448,8.036,1.99201463809517,0,float,,10.0,67.8432179369762,,,
DNK,1995,71.5,-3.5,,3.03802150461165,6.992,2.08360842382855,0,float,,10.0,68.5733146504851,,,
DNK,1996,68.3,-2.4,,2.89575069230459,6.844,2.12629802275577,0,float,,10.0,68.5264824216641,,,
DNK,1997,64.4,-1.2,,3.16848143784479,5.4,2.1821667790712,0,float,,10.0,71.2901759751981,,,
DNK,1998,60.3,-0.3,,2.32630274538961,5.039,1.84565122007883,0,float,,10.0,71.345417498121,,,
DNK,1999,56.8,1.1,,2.96730536257029,5.141,2.49779544404529,0,float,,10.0,72.7288566436859,,,
DNK,2000,53.6,1.8,,3.72400899471576,4.476,2.90328203236461,0,float,,10.0,83.0420859548864,,,
DNK,2001,50.1,1.1,,0.95003224600012,4.164,2.33787000255263,0,float,,10.0,83.922664599029,,,
DNK,2002,50.3,0.3,,0.456530018779986,4.274,2.42443661219695,0,float,,10.0,84.4845925538271,,,
DNK,2003,48.2,0.1,,0.441091006625101,5.398,2.07507820646506,0,float,,10.0,80.7613001763544,,,
DNK,2004,46.2,2.2,,2.77635180744053,5.204,1.15435693124934,0,float,,10.0,82.0077308240144,,,
DNK,2005,39.4,5.2,,2.35960882992528,4.83,1.81781458291254,0,float,,10.0,89.3987952460671,,,
DNK,2006,33.2,5.3,,3.81648769908172,3.897,1.92422138464584,0,float,,10.0,97.4298607727841,,,
DNK,2007,29.5,5.3,,0.987173815945127,3.801,1.69326586220324,0,float,,10.0,100.047674594039,,,
DNK,2008,35.5,3.5,,-0.417178439991005,3.683,3.41626794258374,0,float,,10.0,104.470310168489,,,
DNK,2009,43.0,-2.7,,-4.97447905669058,6.409,1.30470991024336,0,float,,10.0,89.3948566562728,,,
DNK,2010,46.1,-2.5,,1.58289703108802,7.746,2.31092436974786,0,float,,10.0,94.3877282319057,,,
DNK,2011,50.0,-1.8,,1.3108037609606,7.769,2.7586822605125,0,float,,10.0,102.012930474308,,,
DNK,2012,48.7,-3.2,,-0.00543230161670749,7.798,2.3979148566464,0,float,,10.0,104.362280505171,,,
DNK,2013,47.8,-0.9,,1.39267343161971,7.384,0.789071780078062,0,float,,10.0,103.612813249189,,,
DNK,2014,48.7,1.4,,1.27799983192831,6.925,0.56402054044954,0,float,,10.0,103.210859225139,,,
DNK,2015,44.6,-0.9,,2.10441456445301,6.278,0.452034153691575,0,float,,10.0,105.130362453899,,,
DNK,2016,41.7,0.3,,3.07304549209093,5.989,0.250000000000031,0,float,,10.0,101.452783808643,,,
DNK,2017,40.2,1.7,,3.05647723922718,5.833,1.14713216957602,0,float,,10.0,104.215676920442,,,
DNK,2018,38.5,0.8,,1.8600074900921,5.131,0.813609467455631,0,float,,10.0,108.813985501909,,,
DNK,2019,38.3,4.3,,1.71140093932736,5.018,0.75813157251162,0,float,,10.0,111.891475065653,,,
DNK,2020,45.2,0.4,,-1.78010601831291,5.644,0.420711974110025,0,float,,10.0,104.433432671151,,,
DNK,2021,39.6,4.1,,6.50025445756295,5.065,1.85304543989689,0,float,,10.0,112.321472697291,,,
DNK,2022,33.3,3.4,,0.443832614908331,4.434,7.6965669988926,0,float,,10.0,131.995824909071,,,
DNK,2023,33.0,3.4,,0.604587766175584,5.094,3.30517811237606,0,float,,10.0,129.625337431278,,,
DOM,1997,13.8,-0.6,,8.89955230035797,6.323,8.29656754792046,0,float,,5.0,74.2332371692166,,,
DOM,1998,13.2,-0.3,,6.70585570778992,6.304,4.83166558591895,0,float,,5.0,75.9113027135939,,,
DOM,1999,16.0,-0.8,,5.95651024999543,6.312,6.47054186846928,0,float,,5.0,76.3027532814337,,,
DOM,2000,16.7,-0.9,,4.65172550299128,6.432,7.72413566181616,0,float,,5.0,79.3003930961432,,,
DOM,2001,20.4,-0.7,,2.46937023763239,7.262,8.88306848812961,0,float,,5.0,70.5105678080061,,,
DOM,2002,21.5,-2.3,,4.48650367045651,6.779,5.22336769759447,0,float,,5.0,68.7232829028777,,,
DOM,2003,48.2,-4.2,,-1.34935744782766,6.938,27.4497127394395,0,float,,5.0,84.4495031861592,,,
DOM,2004,34.3,-3.6,,2.58556667449577,6.303,51.4608598338065,0,float,,5.0,81.3514229381911,,,
DOM,2005,38.3,-0.7,,9.43178931977285,6.587,4.19020260472056,0,float,,5.0,61.6535587358027,,,
DOM,2006,36.0,-1.7,,9.17120650955299,5.654,7.57280523853074,0,float,,5.0,63.7664826351505,,,
DOM,2007,32.9,0.3,,7.41840577774235,5.158,6.14356655248047,0,float,,5.0,61.229259153164,,,
DOM,2008,33.6,-3.4,,3.26808671288212,4.764,10.6446210953712,0,float,,5.0,61.4285058325394,,,
DOM,2009,36.8,-2.9,,1.00345293018719,5.467,1.44215131834353,0,float,,5.0,50.6509376792025,,,
DOM,2010,37.4,-3.0,,8.40114541209596,5.212,6.32993220146146,0,float,,5.0,56.0573964175321,,,
DOM,2011,39.1,-3.1,,3.19196227475523,6.087,5.79676809206533,0,float,,5.0,59.0692578401698,,,
DOM,2012,42.4,-6.3,,2.77567100848816,6.722,3.69449707884777,0,float,,5.0,58.5062536731089,,,
DOM,2013,46.8,-4.4,,4.93473300709881,7.351,4.830950967408,0,float,,5.0,56.8137658014945,,,
DOM,2014,45.0,-2.8,,7.11122629673892,6.719,2.99864226125219,0,float,,5.0,55.6601041506633,,,
DOM,2015,44.8,0.0,,6.98771131236387,7.605,0.836746346724557,0,float,,5.0,52.3471238667007,,,
DOM,2016,46.7,-3.1,,6.71974078681295,7.284,1.61416607245223,0,float,,5.0,51.7306571245477,,,
DOM,2017,49.5,-3.1,,3.93386176401576,5.832,3.27955694678546,0,float,,5.0,50.7595355508472,,,
DOM,2018,50.8,-2.2,,7.09751640210159,5.861,3.56443426013508,0,float,,5.0,52.3351709577013,,,
DOM,2019,53.5,-3.5,,4.8940301149584,6.356,1.81060377042959,0,float,,5.0,50.912982200697,,,
DOM,2020,71.8,-7.9,,-7.92905234231061,6.126,3.78103179915517,0,float,,5.0,44.7331613466756,,,
DOM,2021,62.8,-2.9,,14.0124289062207,7.702,8.24300347981809,0,float,,5.0,51.9500227303115,,,
DOM,2022,59.6,-3.2,,5.23795652902595,5.504,8.81109209279587,0,float,,5.0,54.3781976712844,,,
DOM,2023,60.5,-3.3,,2.19229848237939,5.555,4.78561281021135,0,float,,5.0,49.8436131764417,,,
DZA,1991,86.1,1.5,,-1.2000005864423,20.6,25.8863869348514,0,float,,5.0,52.7175867077307,,,
DZA,1992,69.3,-1.0,,1.80000230253509,24.38,31.6696619117149,0,float,,5.0,49.1890842360411,,,
DZA,1993,76.8,-7.8,,-2.10000075697259,26.23,20.5403261235827,0,float,,5.0,44.9228133698634,,,
DZA,1994,106.3,-4.1,,-0.899996552970833,27.74,29.0476561173071,0,float,,5.0,48.5844377877809,,,
DZA,1995,95.9,-1.3,,3.79999479063817,31.84,29.7796264864999,0,float,,5.0,55.1910052081435,,,
DZA,1996,90.7,2.7,,4.09999847167964,28.268,18.6790758601749,0,float,,5.0,53.7051478767794,,,
DZA,1997,79.6,2.2,,1.09999993684249,25.43,5.73352275357187,0,float,,5.0,52.2439115059386,,,
DZA,1998,79.9,-3.5,,5.10000361107312,26.85,4.95016163793114,0,float,,5.0,45.0944505585079,,,
DZA,1999,69.7,-1.8,,3.20000155319546,28.575,2.64551113392799,0,float,,5.0,50.9291093379713,,,
DZA,2000,53.4,8.9,,3.80000000158476,29.77,0.339163189071768,0,float,,5.0,62.8583436360347,,,
DZA,2001,50.0,3.2,,2.99999999863043,27.3,4.22598834854673,0,float,,5.0,54.5296491177208,,,
DZA,2002,47.3,0.2,,5.40000000000001,25.9,1.41830192345051,0,float,,5.0,56.5896052814114,,,
DZA,2003,38.2,7.2,,6.50000000062043,23.72,4.268953958395,0,float,,5.0,57.7691353044878,,,
DZA,2004,32.7,6.4,,4.49999999976698,17.65,3.96180030257187,0,float,,5.0,61.3579975707176,,,
DZA,2005,25.4,11.4,,5.39999999969525,15.27,1.38244656662118,0,float,,5.0,66.8404602203906,,,
DZA,2006,22.5,12.9,,2.89999999905852,12.27,2.31149918514424,0,float,,5.0,65.9152919677621,,,
DZA,2007,12.8,4.6,,3.10000000128674,13.79,3.67899574741699,0,float,,5.0,67.5454733939763,,,
DZA,2008,7.6,7.8,,2.49999999929371,11.33,4.85859062814939,0,float,,5.0,71.0284922505261,,,
DZA,2009,8.9,-6.5,,1.19999999969519,10.16,5.73706036145628,0,float,,5.0,64.2847547238993,,,
DZA,2010,9.5,-1.3,,4.80000000093564,9.96,3.91106195534028,0,float,,5.0,63.4912159928425,,,
DZA,2011,8.5,-1.1,,2.99999999941909,9.96,4.5242115050527,0,float,,5.0,62.2200899610479,,,
DZA,2012,8.6,-4.0,,2.40000000034432,10.97,8.89145091062317,0,float,,5.0,60.7576393340605,,,
DZA,2013,6.5,-0.8,,2.60000000061164,9.82,3.25423910998847,0,float,,5.0,59.151008157244,,,
DZA,2014,6.9,-7.1,,4.09999999866501,10.207,2.91692692067458,0,float,,5.0,56.9235419669867,,,
DZA,2015,7.7,-13.9,,3.20000000089023,11.206,4.78444700693889,0,float,,5.0,53.2046225904145,,,
DZA,2016,18.1,-11.8,,3.90000000017621,10.202,6.39769480268757,0,float,,5.0,49.7609327925216,,,
DZA,2017,24.0,-7.5,,1.49999999895587,12.0,5.59111590961664,0,float,,5.0,49.8208161712587,,,
DZA,2018,34.5,-6.2,,1.40000000088281,12.112,4.26999020467084,0,float,,5.0,52.4361676779223,,,
DZA,2019,40.9,-8.5,,0.899999999219148,12.302,1.95176821052892,0,float,,5.0,46.5068426081672,,,
DZA,2020,46.0,-10.5,,-4.99999999908597,14.08,2.41513094083414,0,float,,5.0,40.3897565625388,,,
DZA,2021,55.1,-6.3,,3.79999999900707,13.656,7.22606307415477,0,float,,5.0,46.8370592599607,,,
DZA,2022,48.1,-3.0,,3.60000000094915,12.382,9.26551551551553,0,float,,5.0,51.1900893683897,,,
DZA,2023,47.7,-5.5,,4.10000000005964,11.645,9.32217375928322,0,float,,5.0,43.7397984507007,,,
EAQ,1995,68.3,-3.4,,,,,0,float,,5.0,,,,
EAQ,1996,69.2,-3.6,,,,,0,float,,5.0,,,,
EAQ,1997,70.1,-2.5,,,,,0,float,,5.0,,,,
EAQ,1998,77.6,-7.2,,,,,0,float,,5.0,,,,
EAQ,1999,86.5,-5.0,,,,,0,float,,5.0,,,,
EAQ,2000,89.5,-5.3,,,,,0,float,,5.0,,,,
EAQ,2001,92.3,-4.6,,,,,0,float,,5.0,,,,
EAQ,2002,94.1,-5.1,,,,,0,float,,5.0,,,,
EAQ,2003,97.2,-5.1,,,,,0,float,,5.0,,,,
EAQ,2004,98.9,-3.7,,,,,0,float,,5.0,,,,
EAQ,2005,96.8,-2.8,,,,,0,float,,5.0,,,,
EAQ,2006,89.9,-1.7,,,,,0,float,,5.0,,,,
EAQ,2007,83.8,-0.9,,,,,0,float,,5.0,,,,
EAQ,2008,83.1,-1.8,,,,,0,float,,5.0,,,,
EAQ,2009,94.3,-5.1,,,,,0,float,,5.0,,,,
EAQ,2010,93.5,-3.9,,,,,0,float,,5.0,,,,
EAQ,2011,94.6,-3.5,,,,,0,float,,5.0,,,,
EAQ,2012,93.9,-3.1,,,,,0,float,,5.0,,,,
EAQ,2013,86.1,-2.8,,,,,0,float,,5.0,,,,
EAQ,2014,83.8,-1.9,,,,,0,float,,5.0,,,,
EAQ,2015,79.4,-2.5,,,,,0,float,,5.0,,,,
EAQ,2016,88.7,-2.8,,,,,0,float,,5.0,,,,
EAQ,2017,88.3,-2.6,,,,,0,float,,5.0,,,,
EAQ,2018,87.4,-3.1,,,,,0,float,,5.0,,,,
EAQ,2019,90.6,-4.6,,,,,0,float,,5.0,,,,
EAQ,2020,101.8,-8.7,,,,,0,float,,5.0,,,,
EAQ,2021,97.8,-5.4,,,,,0,float,,5.0,,,,
EAQ,2022,98.9,-6.2,,,,,0,float,,5.0,,,,
EAQ,2023,102.0,-5.4,,,,,0,float,,5.0,,,,
ECU,2001,63.8,0.0,,4.20627185748789,4.252,37.6767454518094,0,fixed,,5.0,56.128486744205,,,
ECU,2002,55.0,0.7,,4.92809549611376,4.825,12.4835980082095,0,fixed,,5.0,54.7966439366136,,,
ECU,2003,47.2,1.0,,2.88450036512064,5.662,7.92936487461556,0,fixed,,5.0,52.3575426975979,,,
ECU,2004,40.2,1.9,,6.83239736646514,5.002,2.74323198926704,0,fixed,,5.0,56.0745467239942,,,
ECU,2005,35.8,0.7,,5.39862243994342,3.779,2.1682770118372,0,fixed,,5.0,61.9581507902572,,,
ECU,2006,33.1,2.9,,4.34113198577639,3.55,3.29874846258215,0,fixed,,5.0,65.8423556166562,,,
ECU,2007,29.6,2.7,,1.90242859700484,3.142,2.27618478002121,0,fixed,,5.0,68.8505854462677,,,
ECU,2008,24.9,0.6,,6.56492068224719,3.917,8.40009593987462,0,fixed,,5.0,74.5902963648439,,,
ECU,2009,19.7,-3.7,,1.0910129698311,4.608,5.15996829181047,0,fixed,,5.0,57.3473460627608,,,
ECU,2010,18.4,-1.4,,4.02913787986621,4.088,3.55437734567843,0,fixed,,5.0,65.7773849135062,,,
ECU,2011,18.6,-0.1,,8.48147656332823,3.458,4.4745326579584,0,fixed,,5.0,70.0356837525249,,,
ECU,2012,19.3,-2.8,,5.783212336172,3.235,5.10172180958666,0,fixed,,5.0,67.0029290916898,,,
ECU,2013,23.4,-8.2,,7.21123653679159,3.083,2.72177577710371,0,fixed,,5.0,63.4333003342414,,,
ECU,2014,28.2,-8.1,,4.22606520388456,3.48,3.58922016616663,0,fixed,,5.0,61.4263766217565,,,
ECU,2015,36.4,-6.9,,0.119692109287612,3.616,3.96664623255358,0,fixed,,5.0,47.8280397077826,,,
ECU,2016,46.1,-10.3,,-0.687954245877947,4.597,1.72826463324533,0,fixed,,5.0,40.5344917996647,,,
ECU,2017,47.4,-5.8,,5.97039880954841,3.836,0.417335588666825,0,fixed,,5.0,43.6177233172817,,,
ECU,2018,49.5,-2.8,,1.04429460679607,3.53,-0.224103246005552,0,fixed,,5.0,48.0093476154836,,,
ECU,2019,52.1,-3.5,,0.1654044646003,3.812,0.266012515466155,0,fixed,,5.0,48.0828494933307,,,
ECU,2020,63.6,-7.4,,-9.24509619165865,6.116,-0.338872392562139,0,fixed,,5.0,43.9893109378389,,,
ECU,2021,61.8,-1.6,,9.42189269033631,4.504,0.133251386096389,0,fixed,,5.0,53.261275610573,,,
ECU,2022,57.2,0.0,,5.86842354862311,3.713,3.46616972213077,0,fixed,,5.0,61.880792818786,,,
ECU,2023,54.5,-3.5,,1.8328406107788,3.51,2.21568764237058,0,fixed,,5.0,57.1626938264309,,,
EDE,2000,50.5,-3.0,,,,,0,float,,5.0,,,,
EDE,2001,50.1,-3.2,,,,,0,float,,5.0,,,,
EDE,2002,47.6,-4.3,,,,,0,float,,5.0,,,,
EDE,2003,43.4,-3.2,,,,,0,float,,5.0,,,,
EDE,2004,37.1,-0.9,,,,,0,float,,5.0,,,,
EDE,2005,32.0,1.6,,,,,0,float,,5.0,,,,
EDE,2006,26.8,2.2,,,,,0,float,,5.0,,,,
EDE,2007,23.2,1.3,,,,,0,float,,5.0,,,,
EDE,2008,23.4,0.3,,,,,0,float,,5.0,,,,
EDE,2009,28.9,-5.9,,,,,0,float,,5.0,,,,
EDE,2010,28.5,-4.0,,,,,0,float,,5.0,,,,
EDE,2011,27.2,-0.6,,,,,0,float,,5.0,,,,
EDE,2012,25.9,-1.1,,,,,0,float,,5.0,,,,
EDE,2013,26.8,-1.8,,,,,0,float,,5.0,,,,
EDE,2014,29.0,-1.6,,,,,0,float,,5.0,,,,
EDE,2015,30.8,-2.3,,,,,0,float,,5.0,,,,
EDE,2016,31.6,-2.6,,,,,0,float,,5.0,,,,
EDE,2017,29.7,-1.7,,,,,0,float,,5.0,,,,
EDE,2018,29.4,0.3,,,,,0,float,,5.0,,,,
EDE,2019,28.9,-0.7,,,,,0,float,,5.0,,,,
EDE,2020,37.6,-5.3,,,,,0,float,,5.0,,,,
EDE,2021,35.0,-1.6,,,,,0,float,,5.0,,,,
EDE,2022,30.8,-2.5,,,,,0,float,,5.0,,,,
EDE,2023,32.7,-4.4,,,,,0,float,,5.0,,,,
EEQ,1999,56.6,-3.3,,,,,0,float,,5.0,,,,
EEQ,2000,45.7,-1.5,,,,,0,float,,5.0,,,,
EEQ,2001,40.3,-1.5,,,,,0,float,,5.0,,,,
EEQ,2002,38.2,-2.8,,,,,0,float,,5.0,,,,
EEQ,2003,35.2,-2.3,,,,,0,float,,5.0,,,,
EEQ,2004,30.4,-0.3,,,,,0,float,,5.0,,,,
EEQ,2005,26.4,1.6,,,,,0,float,,5.0,,,,
EEQ,2006,22.4,2.1,,,,,0,float,,5.0,,,,
EEQ,2007,20.3,1.6,,,,,0,float,,5.0,,,,
EEQ,2008,20.8,0.5,,,,,0,float,,5.0,,,,
EEQ,2009,26.6,-6.1,,,,,0,float,,5.0,,,,
EEQ,2010,27.6,-4.5,,,,,0,float,,5.0,,,,
EEQ,2011,27.5,-1.2,,,,,0,float,,5.0,,,,
EEQ,2012,27.4,-1.3,,,,,0,float,,5.0,,,,
EEQ,2013,29.1,-2.1,,,,,0,float,,5.0,,,,
EEQ,2014,32.4,-2.0,,,,,0,float,,5.0,,,,
EEQ,2015,35.1,-2.7,,,,,0,float,,5.0,,,,
EEQ,2016,35.6,-2.5,,,,,0,float,,5.0,,,,
EEQ,2017,32.8,-1.2,,,,,0,float,,5.0,,,,
EEQ,2018,31.4,1.0,,,,,0,float,,5.0,,,,
EEQ,2019,30.1,0.3,,,,,0,float,,5.0,,,,
EEQ,2020,39.3,-5.5,,,,,0,float,,5.0,,,,
EEQ,2021,36.5,-1.8,,,,,0,float,,5.0,,,,
EEQ,2022,33.6,-2.8,,,,,0,float,,5.0,,,,
EEQ,2023,36.0,-4.0,,,,,0,float,,5.0,,,,
EGY,1998,73.8,,,5.575497460986,8.03,3.8725754642749,0,peg,,2.0,41.9276270006959,,,
EGY,1999,72.4,2.1,,6.05343878467555,7.95,3.07949912638332,0,peg,,2.0,38.3615084525358,,,
EGY,2000,71.7,1.3,,6.37000382991766,8.98,2.68380535348546,0,peg,,2.0,39.0179359012055,,,
EGY,2001,79.1,-1.1,,3.53525197391507,9.26,2.26975720475956,0,peg,,2.0,39.8104265402844,,,
EGY,2002,85.8,-6.8,,2.39020402675627,10.01,2.73723855000334,0,peg,,2.0,40.9870678279229,,,
EGY,2003,97.1,-5.7,,3.19345473756772,10.91,4.50777636319304,0,peg,,2.0,46.1796407185629,,,
EGY,2004,96.5,-5.8,,4.09207161019908,10.32,11.270619332052,0,peg,,2.0,57.8199052132701,,,
EGY,2005,98.3,-6.7,,4.4717444710621,11.049,4.86939696871988,0,peg,,2.0,62.9526462395543,,,
EGY,2006,85.9,-7.4,,6.84383819369884,10.49,7.64452644526434,0,peg,,2.0,61.5185365063947,,,
EGY,2007,76.3,-4.9,,7.08782742675582,8.8,9.3189690579923,0,peg,,2.0,65.077873254565,,,
EGY,2008,66.8,-6.0,,7.15628356711522,8.517,18.3168316831684,0,peg,,2.0,71.6806253489671,,,
EGY,2009,69.5,-6.2,,4.67359980000663,9.087,11.7634954386443,0,peg,,2.0,56.5534446363462,,,
EGY,2010,69.6,-7.4,,5.14723485746742,8.757,11.2651882653185,0,peg,,2.0,47.9363500745898,,,
EGY,2011,72.8,-9.6,,1.76457194806041,11.849,10.0649259874818,0,peg,,2.0,45.2556341623514,,,
EGY,2012,69.9,-9.5,,2.22619979818487,12.597,7.11172943343083,0,peg,,2.0,40.7117692721084,,,
EGY,2013,79.8,-12.3,,2.18546605363386,13.154,9.46971981064921,0,peg,,2.0,40.373038056332,,,
EGY,2014,80.9,-10.7,,2.91591188052836,13.105,10.0702154687481,0,peg,,2.0,36.9201877934272,,,
EGY,2015,83.8,-10.4,,4.37201907781687,13.052,10.370490343517,0,peg,,2.0,34.8459429600229,,,
EGY,2016,91.6,-11.8,,4.34664345601914,12.45,13.813606214829,0,peg,,2.0,30.2465490514505,,,
EGY,2017,97.8,-9.9,,4.18122099961562,11.767,29.5066083940039,0,peg,,2.0,42.8321343581608,,,
EGY,2018,87.9,-9.0,,5.33110861887155,9.855,14.4014657807422,0,peg,,2.0,45.9110196733959,,,
EGY,2019,80.1,-7.6,,5.55209307084222,7.851,9.15279959324804,0,peg,,2.0,41.1240171551108,,,
EGY,2020,86.2,-7.5,,3.55016483883115,7.974,5.04493288977539,0,peg,,2.0,32.1262555667523,,,
EGY,2021,89.9,-7.0,,3.29064601193245,7.441,5.21404940513043,0,peg,,2.0,29.8569734808122,,,
EGY,2022,88.5,-5.7,,6.58784560870467,6.546,13.8956609775178,0,peg,,2.0,36.9831048772713,,,
EGY,2023,95.9,-5.8,,3.76028052279247,6.753,33.8847763115546,0,peg,,2.0,40.4504007720031,,,
ERI,2000,219.1,-25.4,,-3.14198590251638,5.656,,0,float,,5.0,67.8813619265146,,,
ERI,2001,238.6,-9.6,,8.75543552816325,5.74,,0,float,,5.0,72.0627109589752,,,
ERI,2002,243.4,-13.3,,3.0054291917378,5.794,,0,float,,5.0,76.5901636574451,,,
ERI,2003,264.0,6.2,,-2.65551592487554,5.79,,0,float,,5.0,74.0078242901552,,,
ERI,2004,193.5,-7.7,,1.45173556595506,5.704,,0,float,,5.0,65.570906849032,,,
ERI,2005,205.4,-31.0,,2.57444955124846,5.721,,0,float,,5.0,61.1060310218073,,,
ERI,2006,199.0,-15.5,,-0.969217110711355,5.707,,0,float,,5.0,45.2608460537354,,,
ERI,2007,201.3,-19.8,,1.42682221120323,5.719,,0,float,,5.0,34.5595595326375,,,
ERI,2008,259.7,-38.0,,-9.78303001782456,5.683,,0,float,,5.0,30.5609500494496,,,
ERI,2009,207.1,-22.2,,3.8765015275421,5.757,,0,float,,5.0,27.9721416148149,,,
ERI,2010,201.8,-16.5,,2.19419034888082,5.854,,0,float,,5.0,37.4714654565691,,,
ERI,2011,171.6,-5.5,,8.67980010138049,5.801,,0,float,,5.0,47.3937901188684,,,
ERI,2012,171.6,-5.2,,,5.692,,0,float,,5.0,,,,
ERI,2013,232.4,-7.6,,,5.624,,0,float,,5.0,,,,
ERI,2014,204.5,-0.1,,,5.637,,0,float,,5.0,,,,
ERI,2015,271.4,-2.8,,,5.751,,0,float,,5.0,,,,
ERI,2016,251.2,-1.4,,,5.772,,0,float,,5.0,,,,
ERI,2017,290.4,-5.7,,,5.804,,0,float,,5.0,,,,
ERI,2018,267.1,5.2,,,5.756,,0,float,,5.0,,,,
ERI,2019,260.4,2.7,,,5.812,,0,float,,5.0,,,,
ESP,1980,16.1,-2.0,,2.20872810257116,,15.5619020957245,0,fixed,,9.0,31.5983694308493,,,
ESP,1981,19.4,-2.4,,-0.13246859717357,,14.5493457170323,0,fixed,,9.0,35.4228067524618,,,
ESP,1982,24.4,-5.5,,1.2464617922282,,14.4150020548327,0,fixed,,9.0,36.5726058076023,,,
ESP,1983,29.5,-4.7,,1.77011581051299,,12.17407273517,0,fixed,,9.0,39.817262967199,,,
ESP,1984,36.0,-5.4,,1.78468751370853,,11.2802765604036,0,fixed,,9.0,41.5938348404492,,,
ESP,1985,40.9,-6.8,,2.3214357659951,,8.81445506678391,0,fixed,,9.0,40.9180792623493,,,
ESP,1986,42.1,-5.9,,3.25332169179885,,8.79493932290324,0,fixed,,9.0,35.3920090023813,,,
ESP,1987,41.9,-3.3,,5.54712273579352,,5.24801863489591,0,fixed,,9.0,36.3648005439518,,,
ESP,1988,38.5,-3.4,,5.09432412898086,,4.83727066490357,0,fixed,,9.0,36.7581428262889,,,
ESP,1989,39.9,-3.0,,4.82703031299745,,6.791435840251,0,fixed,,9.0,37.4285579561832,,,
ESP,1990,41.3,-3.9,,3.7813935513235,,6.72181952228664,0,fixed,,9.0,35.652904977259,,,
ESP,1991,41.9,-4.6,,2.54600049647455,15.929,5.9342134433593,0,fixed,,9.0,35.5206586037759,,,
ESP,1992,44.1,-4.3,,0.929215482921151,17.697,5.92453126228488,0,fixed,,9.0,36.020774482446,,,
ESP,1993,54.6,-6.9,,-1.03149183695307,22.156,4.56907173681805,0,fixed,,9.0,36.9951619593819,,,
ESP,1994,57.0,-6.3,,2.38319537908909,24.209,4.71841373967333,0,fixed,,9.0,41.6958801099563,,,
ESP,1995,61.6,-6.8,,2.75749400293542,22.675,4.67380337624701,0,fixed,,9.0,44.8306279725111,,,
ESP,1996,65.4,-5.9,,2.60741117110229,22.142,3.55884559338561,0,fixed,,9.0,46.2977506718533,,,
ESP,1997,64.3,-3.9,,3.58729972356299,20.698,1.97107395582926,0,fixed,,9.0,51.2271398594527,,,
ESP,1998,62.4,-2.6,,4.30197745333581,18.673,1.83432999908414,0,fixed,,9.0,52.730313072059,,,
ESP,1999,60.9,-1.2,,4.40886545305924,15.475,2.31034813987063,1,fixed,,9.0,54.6969131882495,,,
ESP,2000,57.8,-1.2,,5.20064125553942,13.785,3.43351563418764,1,fixed,,9.0,60.1216241049216,,,
ESP,2001,54.1,-0.5,,3.91908880808811,10.348,3.58983413338117,1,fixed,,9.0,58.0138895625701,,,
ESP,2002,51.2,-0.3,,2.75545611564098,11.146,3.06565685902211,1,fixed,,9.0,55.1021415309759,,,
ESP,2003,47.7,-0.4,,2.9392895953076,11.283,3.03888839396661,1,fixed,,9.0,53.4357897202258,,,
ESP,2004,45.3,-0.1,,3.1145314799161,11.09,3.03924881090924,1,fixed,,9.0,54.4795182656074,,,
ESP,2005,42.4,1.2,,3.5512255846125,9.146,3.36881409750383,1,fixed,,9.0,54.6991667043772,,,
ESP,2006,39.0,2.1,,4.04343515605099,8.452,3.51557576832123,1,fixed,,9.0,56.0839263823216,,,
ESP,2007,35.7,1.9,,3.53350013165972,8.232,2.7867974580495,1,fixed,,9.0,57.6269487657546,,,
ESP,2008,39.6,-4.6,,0.767165748290694,11.254,4.0753433595734,1,fixed,,9.0,55.8281315172523,,,
ESP,2009,53.1,-11.2,,-3.76813306940053,17.857,-0.287813083535241,1,fixed,,9.0,46.8366899971109,,,
ESP,2010,60.3,-9.5,,0.0941223116369514,19.86,1.79986457728769,1,fixed,,9.0,52.6933699734019,,,
ESP,2011,69.5,-9.7,,-0.639920636520344,21.39,3.19610188833792,1,fixed,,9.0,58.5118228859632,,,
ESP,2012,89.6,-11.5,,-2.86511368637748,24.789,2.44612782366809,1,fixed,,9.0,60.5540346961864,,,
ESP,2013,100.0,-7.5,,-1.42732224757626,26.094,1.40858109183009,1,fixed,,9.0,61.6687726441327,,,
ESP,2014,104.4,-6.1,,1.52048593647231,24.441,-0.151114837527235,1,fixed,,9.0,63.39926213895,,,
ESP,2015,102.4,-5.3,,4.06086672473866,22.057,-0.500365709903243,1,fixed,,9.0,63.5820412248232,,,
ESP,2016,102.0,-4.3,,2.91515598595787,19.635,-0.202598000426358,1,fixed,,9.0,63.1886778507294,,,
ESP,2017,101.1,-3.1,,2.89604207865007,17.224,1.95607633363954,1,fixed,,9.0,66.167446137857,,,
ESP,2018,99.7,-2.6,,2.39541124478878,15.255,1.67498136863799,1,fixed,,9.0,67.0094103982921,,,
ESP,2019,97.6,-3.0,,1.96117850841711,14.104,0.699518994458648,1,fixed,,9.0,66.3662250440692,,,
ESP,2020,119.2,-10.0,,-10.9400706350371,15.532,-0.322753017299649,1,fixed,,9.0,59.4461280147076,,,
ESP,2021,115.6,-6.7,,6.68314420473001,14.914,3.09313511976402,1,fixed,,9.0,66.524588943191,,,
ESP,2022,109.2,-4.6,,6.37031712129601,13.033,8.39057634118637,1,fixed,,9.0,78.4657338703054,,,
ESP,2023,105.1,-3.3,,2.46085796805582,12.179,3.53236133492433,1,fixed,,9.0,71.7976366055733,,,
EST,1995,8.7,-0.3,,4.52668338927012,9.659,28.7766137208514,0,fixed,,10.0,139.087473677663,,,
EST,1996,7.3,-0.9,,4.94301226131752,9.915,23.050343349517,0,fixed,,10.0,132.977442750892,,,
EST,1997,6.0,3.0,,13.0500207047869,10.369,10.5818789322146,0,fixed,,10.0,151.051344390403,,,
EST,1998,5.4,0.6,,4.33982761193587,9.51,8.20833333333298,0,fixed,,10.0,156.838235827521,,,
EST,1999,5.9,-3.4,,-0.425025372086623,11.573,3.29611089718909,0,fixed,,10.0,144.116453592933,,,
EST,2000,5.1,-0.1,,10.0876385800462,13.36,4.01848952508763,0,fixed,,10.0,126.495626368659,,,
EST,2001,4.9,0.4,,5.88074589534277,13.134,5.74827981651373,0,fixed,,10.0,126.546640067292,,,
EST,2002,5.7,0.3,,6.93300082616575,10.026,3.57191270164027,0,fixed,,10.0,123.28234538757,,,
EST,2003,5.6,1.7,,7.59630181032645,11.288,1.33499116549955,0,fixed,,10.0,122.744772807796,,,
EST,2004,5.2,2.3,,6.80070110758655,10.248,3.04811107523416,0,fixed,,10.0,129.949500077661,,,
EST,2005,4.7,1.1,,9.52305386462066,8.033,4.07971423199849,0,fixed,,10.0,135.912792115107,,,
EST,2006,4.7,2.7,,9.76257131206653,5.915,4.43762042389213,0,fixed,,10.0,136.620737662645,,,
EST,2007,3.9,2.5,,7.57091879311882,4.592,6.60132603055637,0,fixed,,10.0,133.980829235754,,,
EST,2008,4.7,-2.9,,-5.12531154308803,5.455,10.3623580313683,0,fixed,,10.0,136.681988157836,,,
EST,2009,8.0,-3.4,,-14.6302225427906,13.548,-0.0784083112809768,0,fixed,,10.0,116.759079859802,,,
EST,2010,8.0,-1.1,,2.4497502063999,16.707,2.97204512015694,0,fixed,,10.0,143.671762256978,,,
EST,2011,7.6,0.1,,7.60697458913162,12.328,4.9819013145361,1,fixed,,10.0,166.7460724339,,,
EST,2012,11.1,-0.9,,3.67201872506541,10.021,3.93339987296985,1,fixed,,10.0,169.156067773865,,,
EST,2013,11.4,-0.7,,1.75649379621869,8.631,2.78056658954988,1,fixed,,10.0,164.601632156916,,,
EST,2014,11.6,0.4,,3.32278988182702,7.352,-0.10617514652171,1,fixed,,10.0,157.953944842229,,,
EST,2015,10.8,-0.2,,1.83815262882932,6.412,-0.49232600654737,1,fixed,,10.0,148.507157123558,,,
EST,2016,10.2,-0.6,,3.09301920751959,6.882,0.148684907627373,1,fixed,,10.0,147.7462327097,,,
EST,2017,9.4,-1.1,,5.63467248963991,5.807,3.41723549488054,1,fixed,,10.0,144.635650944133,,,
EST,2018,8.5,-1.1,,3.69969756161726,5.412,3.43632688420446,1,fixed,,10.0,143.485224864735,,,
EST,2019,9.0,-0.1,,3.72664943466884,4.514,2.27725931243522,1,fixed,,10.0,140.352147998549,,,
EST,2020,19.1,-5.4,,-2.88380751483778,6.956,-0.44453109767983,1,fixed,,10.0,137.392641283846,,,
EST,2021,18.4,-2.6,,8.25488044580031,6.178,4.65316673847473,1,fixed,,10.0,160.471922305927,,,
EST,2022,19.2,-1.1,,-1.22616966587796,5.571,19.3982634080616,1,fixed,,10.0,175.68711950524,,,
EST,2023,20.2,-3.1,,-2.74421914571231,6.378,9.15922507983982,1,fixed,,10.0,154.592617111149,,,
ETH,1992,87.9,-4.9,,-8.6724801143672,3.416,10.5274440119592,0,float,,1.0,,,,
ETH,1993,141.0,-4.1,,13.1428339363255,3.252,3.54306596166032,0,float,,1.0,,,,
ETH,1994,155.2,-5.4,,3.18996458331273,3.1,7.59387600185337,0,float,,1.0,,,,
ETH,1995,146.6,-2.8,,6.12751141587474,3.005,10.0221733553239,0,float,,1.0,,,,
ETH,1996,132.8,-3.9,,12.4261737814951,3.121,-8.48424868948825,0,float,,1.0,,,,
ETH,1997,80.3,-1.8,,3.1339068517801,3.227,2.39520958083829,0,float,,1.0,,,,
ETH,1998,89.3,-3.6,,-3.4581391346848,3.481,0.894801693964107,0,float,,1.0,,,,
ETH,1999,97.8,-8.5,,5.16214582255112,3.714,7.94144864137325,0,float,,1.0,,,,
ETH,2000,93.6,-8.9,,6.07321748125295,3.499,0.662458109266482,0,float,,1.0,,,,
ETH,2001,97.3,-3.8,,8.30130632267965,3.16,-8.23784453391137,0,float,,1.0,,,,
ETH,2002,107.4,-5.8,,1.51472570667433,3.054,0.675089102170801,0,float,,1.0,,,,
ETH,2003,103.7,-5.6,,-2.16135972256865,3.008,13.6740452028272,0,float,,1.0,,,,
ETH,2004,103.1,-2.7,,13.5726031401471,2.776,3.32737047894847,0,float,,1.0,,,,
ETH,2005,78.2,-4.1,,11.8187659491625,2.497,9.96997123512892,0,float,,1.0,,,,
ETH,2006,79.6,-3.8,,10.8347270679373,2.337,12.2994763114825,0,float,,1.0,,,,
ETH,2007,55.7,-3.6,,11.4561670019891,2.337,17.2404008340898,0,float,,1.0,,,,
ETH,2008,56.1,-2.9,,10.7885216870332,2.326,44.3566858766952,0,float,,1.0,,,,
ETH,2009,30.0,-0.9,,8.8025531990487,2.326,8.48364404530282,0,float,,1.0,,,,
ETH,2010,39.4,-1.3,,12.5505383347633,2.295,8.14926402965082,0,float,,1.0,,,,
ETH,2011,44.6,-1.6,,11.1782962297008,2.27,33.2499598823344,0,float,,1.0,48.232935411689,,,
ETH,2012,39.4,-1.2,,8.64781163513926,2.252,23.600417677317,0,float,,1.0,45.3979041835072,,,
ETH,2013,44.1,-1.9,,10.5822700502552,2.251,7.46402192944517,0,float,,1.0,41.4717870807625,,,
ETH,2014,44.2,-2.6,,10.2574929627477,2.361,6.89001951597192,0,float,,1.0,40.7410841498626,,,
ETH,2015,50.7,-1.9,,10.3924630141307,2.442,9.56889955968623,0,float,,1.0,39.6561241449515,,,
ETH,2016,51.8,-2.3,,9.43348265981905,2.556,6.62813337230924,0,float,,1.0,34.8990210816111,,,
ETH,2017,55.3,-3.2,,9.56418965754014,2.665,10.6871150284238,0,float,,1.0,31.1036494929016,,,
ETH,2018,58.4,-3.0,,6.81614778557282,2.811,13.8330356586661,0,float,,1.0,31.1993689777881,,,
ETH,2019,54.7,-2.5,,8.36408573111346,2.928,15.8096321719344,0,float,,1.0,28.8152939292608,,,
ETH,2020,53.2,-2.8,,6.05953089248577,3.998,20.3563468559061,0,float,,1.0,24.0061143414049,,,
ETH,2021,53.8,-2.8,,5.64153069324176,3.935,26.8395221557722,0,float,,1.0,24.3450574655662,,,
ETH,2022,46.9,-4.2,,5.32175988485454,3.386,33.8898797100898,0,float,,1.0,26.5954996964257,,,
ETH,2023,38.7,-2.6,,6.59424599054353,3.375,30.2188278135278,0,float,,1.0,20.5982015071406,,,
EU,1995,70.6,-7.2,,,,,0,float,,5.0,,,,
EU,1996,72.6,-4.3,,,,,0,float,,5.0,,,,
EU,1997,72.0,-3.0,,,,,0,float,,5.0,,,,
EU,1998,70.5,-2.4,,,,,0,float,,5.0,,,,
EU,1999,69.6,-1.5,,,,,0,float,,5.0,,,,
EU,2000,66.6,-1.2,,,,,0,float,,5.0,,,,
EU,2001,65.6,-2.0,,,,,0,float,,5.0,,,,
EU,2002,65.6,-2.8,,,,,0,float,,5.0,,,,
EU,2003,66.9,-3.1,,,,,0,float,,5.0,,,,
EU,2004,67.0,-2.7,,,,,0,float,,5.0,,,,
EU,2005,67.2,-2.4,,,,,0,float,,5.0,,,,
EU,2006,64.9,-1.4,,,,,0,float,,5.0,,,,
EU,2007,62.3,-0.6,,,,,0,float,,5.0,,,,
EU,2008,65.5,-2.1,,,,,0,float,,5.0,,,,
EU,2009,75.6,-6.0,,,,,0,float,,5.0,,,,
EU,2010,80.5,-6.0,,,,,0,float,,5.0,,,,
EU,2011,82.5,-4.0,,,,,0,float,,5.0,,,,
EU,2012,86.6,-3.6,,,,,0,float,,5.0,,,,
EU,2013,88.8,-2.9,,,,,0,float,,5.0,,,,
EU,2014,89.1,-2.5,,,,,0,float,,5.0,,,,
EU,2015,87.0,-1.9,,,,,0,float,,5.0,,,,
EU,2016,86.0,-1.4,,,,,0,float,,5.0,,,,
EU,2017,83.3,-0.9,,,,,0,float,,5.0,,,,
EU,2018,81.3,-0.4,,,,,0,float,,5.0,,,,
EU,2019,79.1,-0.5,,,,,0,float,,5.0,,,,
EU,2020,91.3,-6.7,,,,,0,float,,5.0,,,,
EU,2021,88.4,-4.6,,,,,0,float,,5.0,,,,
EU,2022,83.9,-3.1,,,,,0,float,,5.0,,,,
EU,2023,81.8,-3.4,,,,,0,float,,5.0,,,,
EUQ,1997,65.3,,,,,,0,float,,5.0,,,,
EUQ,1998,66.5,-2.1,,,,,0,float,,5.0,,,,
EUQ,1999,64.0,-1.0,,,,,0,float,,5.0,,,,
EUQ,2000,60.3,-0.3,,,,,0,float,,5.0,,,,
EUQ,2001,58.6,-1.1,,,,,0,float,,5.0,,,,
EUQ,2002,58.7,-2.3,,,,,0,float,,5.0,,,,
EUQ,2003,59.9,-2.8,,,,,0,float,,5.0,,,,
EUQ,2004,59.7,-2.2,,,,,0,float,,5.0,,,,
EUQ,2005,59.1,-1.6,,,,,0,float,,5.0,,,,
EUQ,2006,56.8,-0.6,,,,,0,float,,5.0,,,,
EUQ,2007,54.4,-0.1,,,,,0,float,,5.0,,,,
EUQ,2008,57.4,-1.5,,,,,0,float,,5.0,,,,
EUQ,2009,67.7,-6.0,,,,,0,float,,5.0,,,,
EUQ,2010,71.6,-5.6,,,,,0,float,,5.0,,,,
EUQ,2011,72.5,-3.4,,,,,0,float,,5.0,,,,
EUQ,2012,74.9,-3.2,,,,,0,float,,5.0,,,,
EUQ,2013,76.7,-2.7,,,,,0,float,,5.0,,,,
EUQ,2014,78.6,-2.4,,,,,0,float,,5.0,,,,
EUQ,2015,78.9,-2.1,,,,,0,float,,5.0,,,,
EUQ,2016,78.5,-1.6,,,,,0,float,,5.0,,,,
EUQ,2017,75.7,-0.9,,,,,0,float,,5.0,,,,
EUQ,2018,74.1,-0.2,,,,,0,float,,5.0,,,,
EUQ,2019,72.2,-0.4,,,,,0,float,,5.0,,,,
EUQ,2020,84.8,-7.1,,,,,0,float,,5.0,,,,
EUQ,2021,81.5,-4.1,,,,,0,float,,5.0,,,,
EUQ,2022,75.9,-2.4,,,,,0,float,,5.0,,,,
EUQ,2023,76.0,-3.3,,,,,0,float,,5.0,,,,
EURO,1995,71.6,-7.3,,,,,0,float,,5.0,,,,
EURO,1996,73.7,-4.4,,,,,0,float,,5.0,,,,
EURO,1997,73.2,-3.1,,,,,0,float,,5.0,,,,
EURO,1998,72.8,-2.5,,,,,0,float,,5.0,,,,
EURO,1999,71.7,-1.6,,,,,0,float,,5.0,,,,
EURO,2000,69.2,-1.3,,,,,0,float,,5.0,,,,
EURO,2001,68.2,-2.0,,,,,0,float,,5.0,,,,
EURO,2002,68.1,-2.8,,,,,0,float,,5.0,,,,
EURO,2003,69.4,-3.2,,,,,0,float,,5.0,,,,
EURO,2004,69.6,-2.9,,,,,0,float,,5.0,,,,
EURO,2005,70.2,-2.6,,,,,0,float,,5.0,,,,
EURO,2006,68.2,-1.6,,,,,0,float,,5.0,,,,
EURO,2007,65.8,-0.7,,,,,0,float,,5.0,,,,
EURO,2008,69.4,-2.2,,,,,0,float,,5.0,,,,
EURO,2009,79.8,-6.2,,,,,0,float,,5.0,,,,
EURO,2010,85.2,-6.3,,,,,0,float,,5.0,,,,
EURO,2011,87.0,-4.2,,,,,0,float,,5.0,,,,
EURO,2012,90.5,-3.8,,,,,0,float,,5.0,,,,
EURO,2013,92.4,-3.0,,,,,0,float,,5.0,,,,
EURO,2014,92.7,-2.5,,,,,0,float,,5.0,,,,
EURO,2015,90.7,-2.0,,,,,0,float,,5.0,,,,
EURO,2016,89.7,-1.5,,,,,0,float,,5.0,,,,
EURO,2017,87.2,-1.0,,,,,0,float,,5.0,,,,
EURO,2018,85.2,-0.4,,,,,0,float,,5.0,,,,
EURO,2019,83.3,-0.5,,,,,0,float,,5.0,,,,
EURO,2020,96.1,-7.0,,,,,0,float,,5.0,,,,
EURO,2021,93.4,-5.1,,,,,0,float,,5.0,,,,
EURO,2022,88.9,-3.4,,,,,0,float,,5.0,,,,
EURO,2023,86.5,-3.5,,,,,0,float,,5.0,,,,
FIN,1980,10.9,2.9,,5.38904748575388,,11.5946192492107,0,fixed,,10.0,62.9411764705882,,,
FIN,1981,11.5,4.8,,1.28938426892493,,11.3057566509548,0,fixed,,10.0,61.6063687238906,,,
FIN,1982,13.9,2.4,,3.08671541654802,,9.58492764677448,0,fixed,,10.0,57.5902037764068,,,
FIN,1983,15.4,0.4,,3.10384880639285,,8.36629260645639,0,fixed,,10.0,57.4388302329479,,,
FIN,1984,15.2,2.7,,3.22653291609758,,7.06765638328179,0,fixed,,10.0,56.6183900303132,,,
FIN,1985,15.8,2.6,,3.54005438717211,,5.19562195429426,0,fixed,,10.0,55.3267496779734,,,
FIN,1986,16.4,3.3,,2.75509931172768,,2.93357920442334,0,fixed,,10.0,49.9968089858957,,,
FIN,1987,17.6,0.7,,3.56103297195551,,4.11302886205063,0,fixed,,10.0,49.4947853576388,,,
FIN,1988,16.5,4.9,,5.23111280719965,,5.08592861394877,0,fixed,,10.0,48.1664472226205,,,
FIN,1989,14.3,7.1,,5.08392955255206,,6.59290980189123,0,fixed,,10.0,47.8829940844939,,,
FIN,1990,13.9,6.6,,0.691649917806032,,6.14956531179858,0,fixed,,10.0,45.8390132360055,,,
FIN,1991,21.9,0.3,,-5.88059618513641,6.503,4.31021289843461,0,fixed,,10.0,43.4814124469297,,,
FIN,1992,39.3,-4.9,,-3.31137361706595,11.595,2.91932319285019,0,fixed,,10.0,50.2394263203831,,,
FIN,1993,54.2,-8.1,,-0.779815061561479,16.201,2.19065319556431,0,fixed,,10.0,58.2315150099287,,,
FIN,1994,56.2,-6.4,,3.96437283726799,16.426,1.08855677589402,0,fixed,,10.0,62.4991726055204,,,
FIN,1995,55.2,-6.0,,4.23436710187066,17.005,0.79123940693846,0,fixed,,10.0,64.1355353769273,,,
FIN,1996,55.4,-3.4,,3.66265716987186,15.572,0.629194238121054,0,fixed,,10.0,65.7903252694235,,,
FIN,1997,52.2,-1.3,,6.39770068404337,14.967,1.19255883425843,0,fixed,,10.0,68.2478061464014,,,
FIN,1998,46.8,1.5,,5.45427021765444,13.214,1.39947378579837,0,fixed,,10.0,66.9910571198446,,,
FIN,1999,44.0,1.6,,4.38928070374669,11.693,1.16223155669441,1,fixed,,10.0,66.254492150558,,,
FIN,2000,42.4,6.7,,5.75373770498848,11.134,3.04210080667792,1,fixed,,10.0,74.9255788717317,,,
FIN,2001,40.9,4.9,,2.64026205699308,10.29,2.57844080098903,1,fixed,,10.0,70.2841376639721,,,
FIN,2002,40.1,4.0,,1.68732644358099,10.423,1.5712201278938,1,fixed,,10.0,69.3209377526273,,,
FIN,2003,42.7,2.3,,2.01179992738312,10.469,0.877440386254729,1,fixed,,10.0,68.0715029595159,,,
FIN,2004,42.6,2.2,,4.00537952277651,10.358,0.187120559084474,1,fixed,,10.0,70.967802899062,,,
FIN,2005,39.9,2.6,,2.77730918518017,9.602,0.623874450025224,1,fixed,,10.0,76.5889740444293,,,
FIN,2006,38.0,3.9,,4.01957326515895,8.935,1.56666380704379,1,fixed,,10.0,82.0005669294983,,,
FIN,2007,33.9,5.1,,5.31280176694145,6.854,2.5106656524034,1,fixed,,10.0,82.8631608209175,,,
FIN,2008,32.6,4.2,,0.784431235717051,6.369,4.06595355358383,1,fixed,,10.0,86.1896598765527,,,
FIN,2009,41.5,-2.5,,-8.07603116552393,8.249,-9.17360424903996e-07,1,fixed,,10.0,70.1279335295898,,,
FIN,2010,50.1,-2.6,,3.1682879121621,8.394,1.18413523154651,1,fixed,,10.0,75.4612085231229,,,
FIN,2011,52.0,-1.0,,2.39039455396828,7.781,3.4168075425521,1,fixed,,10.0,78.7159444486606,,,
FIN,2012,57.9,-2.2,,-1.52284013040689,7.689,2.80833622561574,1,fixed,,10.0,79.4303765882482,,,
FIN,2013,60.8,-2.5,,-0.979741024949618,8.193,1.4782861568881,1,fixed,,10.0,77.485171771574,,,
FIN,2014,64.8,-3.0,,-0.4780684247837,8.663,1.0411962117843,1,fixed,,10.0,74.6277719754196,,,
FIN,2015,68.8,-2.4,,0.466503766322674,9.376,-0.207928839905177,1,fixed,,10.0,71.9618253787014,,,
FIN,2016,68.6,-1.7,,2.57193414898754,8.818,0.356684500891695,1,fixed,,10.0,71.7222101178859,,,
FIN,2017,66.6,-0.6,,3.30337003591039,8.64,0.754015047084438,1,fixed,,10.0,75.9387822310041,,,
FIN,2018,65.3,-0.9,,1.19297759742292,7.361,1.08382098409296,1,fixed,,10.0,79.1436148422846,,,
FIN,2019,65.3,-0.9,,1.34973845741737,6.695,1.02409392963431,1,fixed,,10.0,80.5641502947367,,,
FIN,2020,75.3,-5.5,,-2.49103605535707,7.759,0.290554555653239,1,fixed,,10.0,72.1845955995888,,,
FIN,2021,73.1,-2.7,,2.67634641498897,7.617,2.19457432339998,1,fixed,,10.0,79.7892781913782,,,
FIN,2022,74.0,-0.2,,0.763041912763526,6.719,7.12350773301412,1,fixed,,10.0,94.5625340522667,,,
FIN,2023,77.0,-2.9,,-1.28973484453397,7.149,6.25064322154763,1,fixed,,10.0,85.5141847218915,,,
FJI,1992,44.3,-2.2,,6.10000158039144,4.64,4.88302271568615,0,float,,5.0,106.790552275096,,,
FJI,1993,45.9,-1.9,,2.13003299416839,4.694,5.20658925195765,0,float,,5.0,111.781962338949,,,
FJI,1994,48.8,-0.2,,5.09999825114068,4.598,0.816666666667011,0,float,,5.0,115.843028693277,,,
FJI,1995,49.1,0.8,,2.49999899666315,4.651,2.16564721441537,0,float,,5.0,114.143419105706,,,
FJI,1996,50.3,-3.5,,4.80000119270963,4.623,3.05016181229798,0,float,,5.0,121.726031065881,,,
FJI,1997,54.4,-4.5,,-2.19999958040422,4.725,3.36814006437944,0,float,,5.0,119.697773064687,,,
FJI,1998,37.9,5.4,,1.29999962239084,4.746,5.71168160413118,0,float,,5.0,119.369767087837,,,
FJI,1999,34.7,1.2,,8.79999882804397,4.698,1.96867366000919,0,float,,5.0,122.802233816628,,,
FJI,2000,35.9,-1.3,,-1.69999776168213,4.697,1.09216459977388,0,float,,5.0,135.895641463483,,,
FJI,2001,41.9,-4.5,,2.00000027123612,4.692,4.27267024465105,0,float,,5.0,129.997341839447,,,
FJI,2002,44.5,-3.7,,3.19999861722759,4.772,0.762032085561206,0,float,,5.0,126.052579068143,,,
FJI,2003,46.4,-3.5,,0.999998995078172,4.74,4.17274777763034,0,float,,5.0,128.975969916537,,,
FJI,2004,45.9,-1.0,,5.30000086613597,4.7,2.82748519391201,0,float,,5.0,125.121987598815,,,
FJI,2005,45.3,-1.2,,0.699999592969263,3.886,2.36576453830434,0,float,,5.0,117.740079365079,,,
FJI,2006,50.3,-0.8,,1.85248357237371,3.957,2.49083638787079,0,float,,5.0,118.048331674709,,,
FJI,2007,46.4,0.4,,-0.8506533546566,4.109,4.80370641306989,0,float,,5.0,110.389514898623,,,
FJI,2008,47.9,1.6,,1.03279368777636,4.187,7.73227857918422,0,float,,5.0,130.997847976458,,,
FJI,2009,51.5,-2.8,,-1.38603752085589,4.309,3.13103559015967,0,float,,5.0,108.869117411674,,,
FJI,2010,53.4,-1.3,,2.95467268842502,4.345,3.68901229670761,0,float,,5.0,121.227903395671,,,
FJI,2011,51.0,-0.7,,2.70514231228027,4.406,7.278117827085,0,float,,5.0,124.476834805196,,,
FJI,2012,48.6,-0.7,,1.41131415220703,4.375,3.42337523401979,0,float,,5.0,125.285791685112,,,
FJI,2013,47.4,-0.1,,4.7342203729816,4.356,2.91354193603992,0,float,,5.0,126.348386724849,,,
FJI,2014,46.2,-3.5,,5.60351397766961,4.323,0.519306474579107,0,float,,5.0,110.812306063192,,,
FJI,2015,44.3,-3.9,,4.50120064471365,4.288,1.37488542621447,0,float,,5.0,101.189048956211,,,
FJI,2016,44.6,-5.7,,2.44565202449249,4.319,3.86322538221278,0,float,,5.0,97.1744905841206,,,
FJI,2017,43.4,-2.3,,5.35336434979577,4.418,3.34757834757831,0,float,,5.0,97.0216625258442,,,
FJI,2018,45.8,-4.8,,3.812350939512,4.523,4.08147637644543,0,float,,5.0,103.235419948556,,,
FJI,2019,49.5,-3.7,,-0.581946590349759,4.661,1.79388647514555,0,float,,5.0,110.696192117501,,,
FJI,2020,65.8,-8.3,,-17.1835352599354,5.054,-1.70014167847318,0,float,,5.0,78.0763651830605,,,
FJI,2021,86.7,-14.2,,-4.3459619989752,5.225,1.53454853751592,0,float,,5.0,87.2159321837078,,,
FJI,2022,91.5,-12.3,,17.7451269773594,5.403,6.07882431529725,0,float,,5.0,119.213746657784,,,
FJI,2023,82.9,-7.2,,9.44245856738313,5.316,2.97544080604539,0,float,,5.0,126.282134510517,,,
FRA,1980,21.3,0.8,,1.67641337198611,,13.5625788483016,0,fixed,,9.0,45.2426904107299,,,
FRA,1981,22.6,-1.2,,1.18831474293866,,13.3144055680073,0,fixed,,9.0,47.3463750243705,,,
FRA,1982,26.2,-1.7,,2.44251268690125,,11.9784719523805,0,fixed,,9.0,47.1430337256332,,,
FRA,1983,27.7,-2.6,,1.26205761797051,,9.45954847235315,0,fixed,,9.0,46.9844451630132,,,
FRA,1984,30.2,-2.8,,1.60947146551595,,7.67380262247318,0,fixed,,9.0,49.4016956923205,,,
FRA,1985,31.9,-3.0,,1.56907436604108,,5.83109973854514,0,fixed,,9.0,48.8838798836634,,,
FRA,1986,32.4,-3.2,,2.38953554470334,,2.53852591781413,0,fixed,,9.0,42.5039101426742,,,
FRA,1987,34.8,-2.0,,2.55274621143047,,3.28889821400136,0,fixed,,9.0,42.0234951539124,,,
FRA,1988,34.7,-2.6,,4.81422400170246,,2.70081527508114,0,fixed,,9.0,43.2246223742353,,,
FRA,1989,35.5,-1.8,,4.40516927190527,,3.49830220700752,0,fixed,,9.0,46.0051158705752,,,
FRA,1990,36.8,-2.5,,2.82962715326478,,3.19428338029482,0,fixed,,9.0,44.5862869486888,,,
FRA,1991,37.8,-2.9,,1.23666248297356,9.134,3.21340732409677,0,fixed,,9.0,44.9537001550562,,,
FRA,1992,41.7,-4.6,,1.5160611169627,10.203,2.36376046269356,0,fixed,,9.0,43.963354493583,,,
FRA,1993,48.2,-6.4,,-0.35899781051468,11.32,2.10446277124642,0,fixed,,9.0,41.7256163123108,,,
FRA,1994,51.6,-5.5,,2.38366086110145,12.593,1.65551532926999,0,fixed,,9.0,43.7513491504061,,,
FRA,1995,57.8,-5.1,,2.30479278392259,11.834,1.79648142095589,0,fixed,,9.0,45.4316616938638,,,
FRA,1996,60.6,-3.9,,1.39707987198881,12.367,1.98288365089739,0,fixed,,9.0,46.1124801589641,,,
FRA,1997,62.0,-3.7,,2.5270616339357,12.566,1.20394294026964,0,fixed,,9.0,49.803453474736,,,
FRA,1998,62.1,-2.4,,3.45259434279616,12.074,0.651126867833073,0,fixed,,9.0,51.4214328030771,,,
FRA,1999,61.4,-1.5,,3.39930808809441,11.981,0.537141639134596,1,fixed,,9.0,51.6706614638734,,,
FRA,2000,59.7,-1.3,,4.14099996402915,10.218,1.67595988720928,1,fixed,,9.0,57.7860470318197,,,
FRA,2001,59.3,-1.4,,1.89946701186636,8.61,1.63478079549599,1,fixed,,9.0,56.8932328560722,,,
FRA,2002,61.3,-3.2,,1.06775027069419,8.702,1.92341228727064,1,fixed,,9.0,55.1325248503102,,,
FRA,2003,65.4,-4.1,,0.967827182558352,8.306,2.09847219146919,1,fixed,,9.0,52.5988822870657,,,
FRA,2004,66.9,-3.6,,2.86825052501032,8.914,2.14208964640239,1,fixed,,9.0,53.7497648292028,,,
FRA,2005,68.2,-3.5,,1.88856584109286,8.882,1.74586936380487,1,fixed,,9.0,55.8228361241299,,,
FRA,2006,65.4,-2.7,,2.71406448755236,8.832,1.67512449608726,1,fixed,,9.0,57.8692775292673,,,
FRA,2007,65.5,-3.0,,2.53048188351066,8.008,1.4879980595386,1,fixed,,9.0,58.1525611309659,,,
FRA,2008,69.8,-3.5,,0.380171435849121,7.386,2.81286194914785,1,fixed,,9.0,59.1797928411748,,,
FRA,2009,84.1,-7.4,,-2.82455153714783,9.122,0.0876204781574653,1,fixed,,9.0,52.1991123027613,,,
FRA,2010,86.3,-7.2,,2.00032476039051,9.279,1.53112270420919,1,fixed,,9.0,56.587555247796,,,
FRA,2011,88.7,-5.3,,2.43757653729007,9.228,2.11159795175,1,fixed,,9.0,60.6056354816406,,,
FRA,2012,91.7,-5.2,,0.183835264973013,9.841,1.9541953161351,1,fixed,,9.0,61.6589570771102,,,
FRA,2013,94.6,-4.9,,0.781756446231,9.913,0.863715497861804,1,fixed,,9.0,61.8192338733962,,,
FRA,2014,96.2,-4.6,,0.997832947295251,10.273,0.50775882293799,1,fixed,,9.0,62.1992669379507,,,
FRA,2015,97.0,-3.9,,1.06675474783462,10.354,0.0375143805125182,1,fixed,,9.0,63.5046871956484,,,
FRA,2016,98.1,-3.8,,0.860031075424033,10.057,0.183334861123765,1,fixed,,9.0,63.3427564383351,,,
FRA,2017,98.8,-3.4,,2.08361485997399,9.409,1.03228275064681,1,fixed,,9.0,65.3958481559711,,,
FRA,2018,98.5,-2.3,,1.64590872395887,9.018,1.85081508315493,1,fixed,,9.0,66.8022607812266,,,
FRA,2019,98.2,-2.4,,2.02744646419237,8.415,1.10825492288294,1,fixed,,9.0,66.4289607281749,,,
FRA,2020,114.9,-8.9,,-7.44064589948231,8.009,0.476498852725065,1,fixed,,9.0,58.8388907240647,,,
FRA,2021,112.8,-6.6,,6.88233783360239,7.871,1.64233141038394,1,fixed,,9.0,63.788482630872,,,
FRA,2022,111.4,-4.7,,2.71676264185913,7.303,5.22236748369725,1,fixed,,9.0,75.9630077981996,,,
FRA,2023,109.6,-5.4,,1.43921494437743,7.335,4.8783572650844,1,fixed,,9.0,70.6261450610225,,,
FSM,1995,53.9,-0.5,,7.01446304315432,,,0,float,,5.0,90.9380257354613,,,
FSM,1996,43.4,2.3,,-3.33905355928999,,,0,float,,5.0,102.980429100514,,,
FSM,1997,47.2,2.6,,-6.21109742847426,,,0,float,,5.0,107.144324873335,,,
FSM,1998,42.1,-3.3,,2.83681803499502,,,0,float,,5.0,102.530659900259,,,
FSM,1999,35.9,-5.2,,1.12881559676377,,,0,float,,5.0,95.7647575563228,,,
FSM,2000,27.1,-3.5,,4.62454546471687,,2.15851810619419,0,float,,5.0,91.8922308820609,,,
FSM,2001,23.8,-5.5,,1.82016351571185,,0.502497351294027,0,float,,5.0,97.2977866445674,,,
FSM,2002,24.3,7.2,,0.4432199530481,,-0.111442426432945,0,float,,5.0,91.7298782306905,,,
FSM,2003,24.9,2.6,,1.76275629920303,,0.126643348208903,0,float,,5.0,96.7006004152731,,,
FSM,2004,25.7,-15.6,,-3.19037831026102,,2.27669698247304,0,float,,5.0,95.5259467576583,,,
FSM,2005,25.0,-5.6,,2.7434627349036,,4.25769978210942,0,float,,5.0,93.9271255060729,,,
FSM,2006,25.4,-5.4,,-0.413223140495873,,4.63737008585635,0,float,,5.0,96.8,,,
FSM,2007,26.0,-3.5,,-1.65975103734441,,3.30634278002699,0,float,,5.0,100.395256916996,,,
FSM,2008,29.2,-1.6,,-2.53164556962025,,8.42372566246186,0,float,,5.0,109.961685823755,,,
FSM,2009,31.1,1.8,,1.29870129870129,,6.39360257735201,0,float,,5.0,110.108303249097,,,
FSM,2010,29.4,0.4,,1.7094017094017,,3.31370963136217,0,float,,5.0,107.534246575342,,,
FSM,2011,28.6,-0.6,,3.78151260504202,,5.08259403890371,0,float,,5.0,108.116883116883,,,
FSM,2012,27.3,0.8,,-1.61943319838058,,5.01850353045616,0,float,,5.0,112.654320987654,,,
FSM,2013,27.9,2.8,,-3.70370370370371,,1.75232737350762,0,float,,5.0,114.331210191083,,,
FSM,2014,28.4,11.0,,-2.56410256410257,,0.650284891767944,0,float,,5.0,106.645569620253,,,
FSM,2015,26.0,10.4,,4.3859649122807,,-0.2981158373807,0,float,,5.0,106.410256410256,,,
FSM,2016,24.6,7.1,,1.26050420168067,,-1.03746806405349,0,float,,5.0,100.611620795107,,,
FSM,2017,23.9,14.3,,2.07468879668049,,0.58225373525489,0,float,,5.0,102.216066481994,,,
FSM,2018,21.0,24.4,,0.406504065040664,,1.49840023593737,0,float,,5.0,105.837563451777,,,
FSM,2019,19.8,19.3,,3.64372469635627,,1.92385170787923,0,float,,5.0,106.582278481013,,,
FSM,2020,21.5,6.2,,-2.05703124999999,,0.554594630853174,0,float,,5.0,93.858263831289,,,
FSM,2021,17.0,4.2,,3.09969928290539,,3.19128406597466,0,float,,5.0,90.3979270784948,,,
FSM,2022,15.1,16.8,,-3.11412501063803,,5.40874375479067,0,float,,5.0,104.760485019371,,,
FSM,2023,12.8,-1.8,,1.13097800090873,,,0,float,,5.0,95.2648407722683,,,
GAB,1990,90.0,-3.8,,5.19223727652398,,7.72532188841208,0,float,,5.0,76.8974453905961,,,
GAB,1991,89.3,-2.0,,6.11250348301178,17.224,-11.6861126920888,0,float,,5.0,80.5349385481311,,,
GAB,1992,87.9,-4.9,,-3.09014565154393,17.716,-9.54291330336575,0,float,,5.0,79.868842088552,,,
GAB,1993,90.1,-5.4,,3.94655500790242,17.78,0.533746556474191,0,float,,5.0,83.3430365420292,,,
GAB,1994,71.3,-1.5,,3.71275484108966,17.804,36.1162456962985,0,float,,5.0,99.9266868001633,,,
GAB,1995,73.4,2.6,,4.97384776335103,17.388,9.64653104079616,0,float,,5.0,95.1346961861668,,,
GAB,1996,64.5,2.1,,3.62504902027987,17.325,0.689693377281638,0,float,,5.0,95.6709008514144,,,
GAB,1997,57.0,1.4,,5.73836739483843,17.166,3.973450075453,0,float,,5.0,98.5362645138464,,,
GAB,1998,87.6,-13.1,,3.47783358718901,17.152,1.44873854294598,0,float,,5.0,95.9747826086956,,,
GAB,1999,73.1,1.1,,-8.93262280230105,17.599,-1.93660397603626,0,float,,5.0,97.7314524555904,,,
GAB,2000,72.5,11.1,,-1.88296639760897,17.848,0.504920025834859,0,float,,5.0,101.701928939637,,,
GAB,2001,81.0,4.1,,2.13523342197423,17.827,2.13762052701465,0,float,,5.0,83.6386132424108,,,
GAB,2002,81.1,3.7,,-0.249033168543434,17.376,0.0366828893971394,0,float,,5.0,84.7590815376223,,,
GAB,2003,70.2,7.8,,2.2473300115045,17.126,2.23535313551536,0,float,,5.0,80.3026082056312,,,
GAB,2004,60.3,7.0,,0.689543058464849,17.108,0.40820530743925,0,float,,5.0,81.7675371418698,,,
GAB,2005,41.7,8.0,,2.67620333310926,16.91,3.70833333333304,0,float,,5.0,83.9495998399241,,,
GAB,2006,34.9,8.7,,-2.80657835569052,17.805,-1.4094013660098,0,float,,5.0,88.6494092562519,,,
GAB,2007,39.2,8.1,,6.00810802487668,18.257,5.03031883679951,0,float,,5.0,85.1324791636578,,,
GAB,2008,20.1,11.0,,-3.30843064878751,19.212,5.26430145575285,0,float,,5.0,88.9988725945748,,,
GAB,2009,26.0,6.8,,0.130331119816617,19.76,1.88570754577918,0,float,,5.0,83.5045774235636,,,
GAB,2010,21.3,2.7,,7.08988731455126,20.39,1.46154402720469,0,float,,5.0,89.1576627248353,,,
GAB,2011,21.4,1.4,,7.09175334258654,19.895,1.26331707837421,0,float,,5.0,90.4983773331323,,,
GAB,2012,21.4,6.2,,5.25107691750407,19.661,2.65241828695626,0,float,,5.0,92.3428089420545,,,
GAB,2013,31.1,-3.1,,5.63869900338696,19.736,0.505441058915615,0,float,,5.0,90.6350361478645,,,
GAB,2014,34.1,6.0,,4.31496444107469,19.873,4.69045751826284,0,float,,5.0,73.5203290162438,,,
GAB,2015,44.7,-1.1,,3.8788993950789,19.943,-0.338795188753406,0,float,,5.0,73.9497814588281,,,
GAB,2016,64.5,-4.7,,2.09144220829562,20.117,2.10670712784054,0,float,,5.0,70.1333810645308,,,
GAB,2017,62.9,-1.7,,0.472642030911146,20.307,2.65192583143902,0,float,,5.0,75.0687404456638,,,
GAB,2018,62.3,-0.2,,0.83791658082157,20.459,4.74906652083221,0,float,,5.0,77.0365976973024,,,
GAB,2019,59.8,2.1,,3.92080879452831,20.371,2.46456756151187,0,float,,5.0,73.4280894486644,,,
GAB,2020,83.0,-2.2,,-1.8377610635094,21.279,1.35276110675333,0,float,,5.0,70.1140546463796,,,
GAB,2021,72.9,-1.9,,1.46795731508091,21.223,1.0869074651941,0,float,,5.0,85.3483122054787,,,
GAB,2022,65.6,-0.9,,3.03761449525692,20.319,4.23124798274579,0,float,,5.0,92.0630888496921,,,
GAB,2023,70.6,1.8,,2.43893665041031,20.161,3.62901534185376,0,float,,5.0,91.4786533179144,,,
GBR,1980,42.5,-2.8,,-2.17910220206564,,17.9659242656857,0,float,,10.0,51.3102802584976,,,
GBR,1981,44.7,-3.8,,-1.3234581733779,,11.8766265142296,0,float,,10.0,49.3910296003122,,,
GBR,1982,42.9,-2.3,,2.09306886432368,,8.59886383332186,0,float,,10.0,49.6135434545171,,,
GBR,1983,41.8,-2.9,,3.62434641923983,,4.60930327269779,0,float,,10.0,50.8133148194588,,,
GBR,1984,42.1,-3.2,,2.67092491032817,,4.96071097821927,0,float,,10.0,55.4082940861114,,,
GBR,1985,41.2,-2.5,,3.59938143817158,,6.07139434015119,0,float,,10.0,54.950881440311,,,
GBR,1986,41.2,-2.3,,4.01232987098167,,3.42760940369314,0,float,,10.0,50.5278201169357,,,
GBR,1987,39.2,-1.7,,4.56208082572655,,4.14892232052945,0,float,,10.0,49.8948735100282,,,
GBR,1988,37.0,0.2,,5.0321018040183,,4.15535171583102,0,float,,10.0,47.3603219647,,,
GBR,1989,32.4,0.5,,2.28144671930745,,5.76024909185262,0,float,,10.0,48.6770133730618,,,
GBR,1990,28.4,-1.5,,0.779266119883417,,8.06346090938833,0,float,,10.0,48.2498264500798,,,
GBR,1991,28.4,-2.8,,-1.29243974751705,8.55,7.46178295746934,0,float,,10.0,45.3156600809302,,,
GBR,1992,33.1,-5.4,,1.29472849604493,9.772,4.59154929577461,0,float,,10.0,46.3059467099097,,,
GBR,1993,37.8,-6.6,,3.49048744653493,10.346,2.55857796929705,0,float,,10.0,49.7481967801462,,,
GBR,1994,40.6,-5.7,,4.95341092800692,9.648,2.21901260504205,0,float,,10.0,51.886107010773,,,
GBR,1995,43.5,-5.0,,3.53339096338078,8.694,2.69749518304432,0,float,,10.0,50.8300766971451,,,
GBR,1996,43.5,-3.6,,2.61491606949487,8.189,2.85178236397749,0,float,,10.0,52.0576088895797,,,
GBR,1997,43.9,-2.0,,4.8799853038024,7.072,2.20114313510882,0,float,,10.0,50.7045618383811,,,
GBR,1998,41.8,-0.2,,3.24631482881618,6.198,1.82056163731557,0,float,,10.0,49.1409088914683,,,
GBR,1999,40.3,0.8,,2.94445869854798,6.042,1.7529508005142,0,float,,10.0,49.4683905163429,,,
GBR,2000,37.5,1.4,,4.52438074810904,5.558,1.18295624210408,0,float,,10.0,52.3380212335903,,,
GBR,2001,34.8,0.3,,2.39102229602824,4.696,1.53234960272418,0,float,,10.0,52.6342367336438,,,
GBR,2002,35.3,-1.9,,1.70902736258567,5.037,1.52040245947455,0,float,,10.0,51.2361820991323,,,
GBR,2003,36.6,-3.2,,3.21851612669614,4.807,1.37650038542013,0,float,,10.0,50.0681187039704,,,
GBR,2004,39.7,-3.1,,2.32601853325993,4.594,1.39039756680422,0,float,,10.0,50.2885521756133,,,
GBR,2005,40.9,-3.1,,2.7906547174688,4.884,2.0891364902507,0,float,,10.0,52.5442740383211,,,
GBR,2006,41.9,-2.7,,2.18982132415704,5.472,2.4556616643929,0,float,,10.0,56.7047791729812,,,
GBR,2007,43.0,-2.6,,2.93091133582351,5.399,2.38656150773327,0,float,,10.0,52.7493524964733,,,
GBR,2008,50.6,-5.0,,-0.0494116727402769,5.748,3.52140856342539,0,float,,10.0,56.4365501052604,,,
GBR,2009,64.5,-10.0,,-4.58740819226323,7.683,1.96173173560109,0,float,,10.0,54.6537301085991,,,
GBR,2010,75.5,-9.2,,2.26054460931586,7.973,2.49265472467065,0,float,,10.0,59.0511802227821,,,
GBR,2011,81.1,-7.4,,0.851437739020326,8.195,3.8561124468282,0,float,,10.0,63.3240615708901,,,
GBR,2012,84.1,-8.0,,1.52826034721852,8.279,2.5732347965453,0,float,,10.0,61.9688704472535,,,
GBR,2013,84.9,-5.3,,1.71846961308464,7.752,2.29166666666659,0,float,,10.0,61.7195395154583,,,
GBR,2014,86.5,-5.5,,3.16017351468152,6.398,1.45112016293279,0,float,,10.0,58.8210228333296,,,
GBR,2015,87.3,-4.5,,2.14040560033371,5.552,0.36804684232536,0,float,,10.0,57.125044605439,,,
GBR,2016,87.3,-3.3,,2.20652020635357,4.909,1.0084173681141,0,float,,10.0,59.8395315138259,,,
GBR,2017,86.1,-2.5,,3.02322219840339,4.501,2.55775577557747,0,float,,10.0,63.1899245764158,,,
GBR,2018,85.6,-2.2,,1.55133095078786,4.145,2.29283990345938,0,float,,10.0,64.9097721959201,,,
GBR,2019,84.9,-2.4,,1.25629899760824,3.657,1.73810460086513,0,float,,10.0,65.0035664177054,,,
GBR,2020,104.8,-12.9,,-10.047896637362,4.472,0.989486703772491,0,float,,10.0,59.1598893030611,,,
GBR,2021,103.4,-7.5,,8.5431118453255,4.864,2.51837109614213,0,float,,10.0,58.53838629291,,,
GBR,2022,97.5,-4.6,,5.14970388522993,3.768,7.92204883147902,0,float,,10.0,69.1989264413981,,,
GBR,2023,98.9,-6.0,,0.271650048355255,4.025,6.79396706793963,0,float,,10.0,64.9923841747803,,,
GEO,2000,58.5,-1.9,,1.84038117927339,10.82,4.06396201382596,0,float,,5.0,62.6613956413099,,,
GEO,2001,53.0,-0.7,,4.80729867243699,11.16,4.64604442058634,0,float,,5.0,63.3299250824094,,,
GEO,2002,50.3,-0.2,,5.47402488700408,12.59,5.58783730000794,0,float,,5.0,71.6291255364807,,,
GEO,2003,54.6,-0.5,,11.0570310020104,11.51,0.837734531536568,0,float,,5.0,77.6333765369391,,,
GEO,2004,44.3,3.6,,5.79268292682926,12.62,5.65632636191132,0,float,,5.0,79.0407459055607,,,
GEO,2005,35.3,2.1,,9.59113832853026,13.81,8.24709043114158,0,float,,5.0,84.5295975354749,,,
GEO,2006,28.3,3.3,,9.42148081189909,13.57,9.16096508394497,0,float,,5.0,89.125374368197,,,
GEO,2007,22.5,0.8,,12.5755698246405,13.28,9.24489745592404,0,float,,5.0,88.3934140686603,,,
GEO,2008,26.3,-1.9,,2.42161440960641,17.87,9.99948761552747,0,float,,5.0,86.2982243681487,,,
GEO,2009,33.6,-6.4,,-3.65075229596822,20.71,1.7275146113791,0,float,,5.0,78.1930390303569,,,
GEO,2010,31.4,-4.5,,6.24640865303363,20.203,7.11017897486099,0,float,,5.0,81.6733870603639,,,
GEO,2011,27.7,-0.8,,7.9343365253078,19.632,8.5429333333333,0,float,,5.0,85.4659350932986,,,
GEO,2012,28.1,-0.7,,6.57883101954195,19.653,-0.943658853270964,0,float,,5.0,89.7348800946338,,,
GEO,2013,28.9,-1.2,,5.13288531209382,19.416,-0.512058410947092,0,float,,5.0,93.8139137895532,,,
GEO,2014,30.3,-1.8,,4.09049059581743,17.439,3.06881210379543,0,float,,5.0,94.9506979383393,,,
GEO,2015,36.0,-1.2,,3.35102350265353,16.506,4.00357820695097,0,float,,5.0,97.0163115086257,,,
GEO,2016,39.5,-1.5,,3.45021517996871,16.604,2.13492713939121,0,float,,5.0,94.9262528383443,,,
GEO,2017,38.9,-0.5,,5.15990261658827,13.939,6.03531725272117,0,float,,5.0,102.584277697146,,,
GEO,2018,38.2,-0.8,,6.062036412677,12.667,2.6152447139767,0,float,,5.0,109.847740556266,,,
GEO,2019,40.0,-1.8,,5.38071926589951,11.565,4.85289821696723,0,float,,5.0,117.810080239714,,,
GEO,2020,59.6,-9.2,,-6.2904717853839,11.734,5.2024648897534,0,float,,5.0,92.8910841752194,,,
GEO,2021,49.1,-6.0,,10.6442336580969,11.785,9.56691433824769,0,float,,5.0,101.60090754891,,,
GEO,2022,39.2,-2.2,,10.9585321385624,11.621,11.8981654203198,0,float,,5.0,114.695437688718,,,
GEO,2023,38.9,-2.3,,7.83220126555726,11.549,2.48776056578715,0,float,,5.0,107.151179161579,,,
GHA,1990,17.8,-1.9,,3.32881788321653,,37.2590664855671,0,float,,8.0,42.7281781307805,,,
GHA,1991,17.3,-1.5,,5.28182639834429,3.489,18.0314390089849,0,float,,8.0,42.4883492637987,,,
GHA,1992,21.3,-4.5,,3.87941908037517,4.7,10.0561167448841,0,float,,8.0,45.9935958613923,,,
GHA,1993,34.1,-5.4,,4.85000055379412,5.231,24.9598424742497,0,float,,8.0,56.6691201156995,,,
GHA,1994,50.6,-5.0,,3.29999973947747,5.9,24.8702554369576,0,float,,8.0,62.0211527377522,,,
GHA,1995,47.6,-4.5,,4.11241897162861,6.484,59.4615536991446,0,float,,8.0,57.4230942889947,,,
GHA,1996,42.9,-5.6,,4.60246115564627,7.091,46.5610196762282,0,float,,8.0,72.2049441293975,,,
GHA,1997,45.2,-6.1,,4.19635744019571,7.639,27.8852086407527,0,float,,8.0,85.4018379695892,,,
GHA,1998,37.6,-5.3,,4.70039078427911,8.2,14.6241666666675,0,float,,8.0,80.5995432469935,,,
GHA,1999,51.7,-5.6,,4.39999682545296,10.1,4.86539785077528,0,float,,8.0,81.7051040340528,,,
GHA,2000,74.5,-4.0,,3.70000008164408,10.456,40.240933123914,0,float,,8.0,116.048430162968,,,
GHA,2001,57.8,-3.6,,4.00000012807919,9.615,41.509496287803,0,float,,8.0,110.045854160811,,,
GHA,2002,54.1,-2.7,,4.49999955900331,8.711,9.36093239560313,0,float,,8.0,97.4892431746551,,,
GHA,2003,49.3,-2.0,,5.200000133101,7.728,29.7729797160384,0,float,,8.0,97.2871457139532,,,
GHA,2004,38.4,-2.0,,5.59999999077445,6.758,18.0427388232565,0,float,,8.0,99.6703343472122,,,
GHA,2005,31.7,-1.9,,5.90000381855104,5.816,15.4389920155908,0,float,,8.0,98.1715141146279,,,
GHA,2006,17.3,-3.1,,6.39991260618034,4.897,11.6791839392492,0,float,,8.0,64.5190542439152,,,
GHA,2007,21.1,-4.9,,4.34681910440079,5.104,10.7342665456292,0,float,,8.0,65.3543222852532,,,
GHA,2008,23.2,-5.6,,9.14979893831817,5.144,16.494639613412,0,float,,8.0,69.5142256111434,,,
GHA,2009,25.4,-5.0,,4.84448705175076,5.362,19.2469482220857,0,float,,8.0,71.5947385281523,,,
GHA,2010,32.9,-7.1,,7.89971194051621,5.384,10.7333898354915,0,float,,8.0,75.3778157916824,,,
GHA,2011,31.2,-5.5,,14.0471235803149,4.213,8.7284593709302,0,float,,8.0,86.2954538549695,,,
GHA,2012,35.5,-8.4,,9.2927894063005,3.126,11.1863409441067,0,float,,8.0,93.1680351286831,,,
GHA,2013,42.9,-9.1,,7.31252501678145,2.173,11.6661923071729,0,float,,8.0,60.7593219028775,,,
GHA,2014,50.1,-7.8,,2.85624016330883,4.403,15.4896160333318,0,float,,8.0,63.8365624430783,,,
GHA,2015,53.9,-4.0,,2.12075933817334,6.806,17.1499695007878,0,float,,8.0,76.5212709243242,,,
GHA,2016,55.9,-6.7,,3.37346574966936,5.256,17.4546347070868,0,float,,8.0,67.8769994445865,,,
GHA,2017,57.0,-4.0,,8.12889488100956,3.369,12.3719215507048,0,float,,8.0,70.5483652904116,,,
GHA,2018,62.0,-6.8,,6.20007768127284,3.204,7.80876516610703,0,float,,8.0,67.9585174644902,,,
GHA,2019,62.9,-7.5,,6.5077747939152,3.067,7.14364003330857,0,float,,8.0,76.824802732152,,,
GHA,2020,79.1,-17.4,,0.513941670628171,3.178,9.88728956269944,0,float,,8.0,66.5754987162431,,,
GHA,2021,86.9,-12.0,,5.07646643533542,3.2,9.9710886750444,0,float,,8.0,62.7078309128346,,,
GHA,2022,92.7,-11.8,,3.80484978178042,2.87,31.2558951049016,0,float,,8.0,70.1154557937915,,,
GHA,2023,79.1,-3.4,,3.14009100080186,2.829,38.1069656296501,0,float,,8.0,64.3878615301086,,,
GIN,1990,71.6,-3.8,,4.3240627548313,,,0,float,,5.0,44.2481030022452,,,
GIN,1991,70.9,-3.2,,2.61342300409642,4.56,,0,float,,5.0,41.7787115678445,,,
GIN,1992,62.0,-0.9,,3.2709473025656,4.58,,0,float,,5.0,34.9419059949339,,,
GIN,1993,68.9,-2.3,,5.04414454071403,4.561,,0,float,,5.0,37.4482435133692,,,
GIN,1994,71.3,-2.6,,3.97009910590064,4.527,,0,float,,5.0,33.3418125019301,,,
GIN,1995,66.5,-1.1,,4.60767320245354,4.494,,0,float,,5.0,31.3044291693273,,,
GIN,1996,67.7,-2.2,,4.46157508517599,4.509,,0,float,,5.0,29.861424528614,,,
GIN,1997,67.9,0.1,,5.18160345773762,4.477,,0,float,,5.0,29.0897874940253,,,
GIN,1998,75.9,2.5,,3.64412124205991,4.501,,0,float,,5.0,33.0646236252079,,,
GIN,1999,92.3,-1.3,,3.81200403347202,4.517,,0,float,,5.0,32.6958994059117,,,
GIN,2000,91.5,-2.4,,2.50306056299607,4.586,,0,float,,5.0,36.6796954912881,,,
GIN,2001,90.4,-3.2,,3.65834646929586,4.584,,0,float,,5.0,40.1878781394378,,,
GIN,2002,82.6,-3.4,,5.16460946696631,4.549,,0,float,,5.0,38.0284032674396,,,
GIN,2003,81.6,-4.7,,1.24860125923698,4.628,,0,float,,5.0,35.0751269891585,,,
GIN,2004,86.9,-3.8,,2.34011731288737,4.709,,0,float,,5.0,34.5950959210535,,,
GIN,2005,97.9,-1.1,,2.99727256275818,4.814,31.3733025877534,0,float,,5.0,47.9377003917167,,,
GIN,2006,95.2,-2.1,,1.18960211693242,4.863,34.6952705997072,0,float,,5.0,69.3862937148949,,,
GIN,2007,60.8,1.3,,6.81747111070281,4.787,18.1755656108597,0,float,,5.0,71.1210322265015,,,
GIN,2008,58.5,0.4,,4.13301615965833,4.803,23.065612938798,0,float,,5.0,64.1842433909581,,,
GIN,2009,61.3,-4.9,,-1.12264204848687,4.914,4.68438868976504,0,float,,5.0,69.8153454158123,,,
GIN,2010,71.1,-9.7,,4.81336016967553,5.018,15.0502688559001,0,float,,5.0,73.5465739340387,,,
GIN,2011,53.8,-0.9,,5.61211177430975,5.024,21.3169268542577,0,float,,5.0,85.9546732708386,,,
GIN,2012,26.9,23.7,,5.91528626133322,4.874,15.2262941038638,0,float,,5.0,86.6743318322581,,,
GIN,2013,30.5,-3.9,,3.94568708624053,4.944,11.8875884481828,0,float,,5.0,80.4264477180461,,,
GIN,2014,32.1,-3.0,,3.69655311664086,5.044,6.1505055670642,0,float,,5.0,76.7719658952305,,,
GIN,2015,41.5,-6.5,,3.82591056949435,5.15,11.7800825029834,0,float,,5.0,72.4427307469345,,,
GIN,2016,40.6,-0.1,,10.82062719659,4.997,8.17268112275132,0,float,,5.0,111.839467415368,,,
GIN,2017,39.9,-2.0,,10.3000053427355,4.86,8.91435947913097,0,float,,5.0,101.251633768429,,,
GIN,2018,37.5,-1.0,,6.35849192736715,4.835,9.82761701259191,0,float,,5.0,88.984111543709,,,
GIN,2019,37.3,-0.2,,5.61691446889876,5.018,9.47001039253012,0,float,,5.0,78.4153132285974,,,
GIN,2020,45.3,-3.1,,4.70459096113575,6.007,10.6016203387167,0,float,,5.0,115.765259518929,,,
GIN,2021,40.6,-1.7,,5.5823328114905,5.815,12.5972882566934,0,float,,5.0,115.195532789356,,,
GIN,2022,37.2,-1.9,,3.97240784200721,5.174,10.4930409984424,0,float,,5.0,94.1652726931221,,,
GIN,2023,39.8,-3.9,,5.54172668627702,5.141,7.80497591927973,0,float,,5.0,95.829526758227,,,
GMB,2000,73.3,-0.1,,5.50000021632955,9.722,0.8449695667737,0,float,,5.0,56.3598198850954,,,
GMB,2001,75.2,-2.5,,5.80000024323377,9.64,4.49259609239754,0,float,,5.0,46.9292631865623,,,
GMB,2002,93.9,0.1,,-3.25000014970206,10.039,8.60912474386327,0,float,,5.0,59.642950918834,,,
GMB,2003,91.7,-1.7,,6.86999962173842,9.991,17.0328665431988,0,float,,5.0,68.8587930342232,,,
GMB,2004,81.3,-1.8,,7.05000000064635,9.948,14.2067432845569,0,float,,5.0,49.9342995615683,,,
GMB,2005,82.6,-3.3,,-2.35172936176019,9.92,4.83862177543157,0,float,,5.0,50.0187233950976,,,
GMB,2006,87.3,-3.2,,-0.555580977246521,10.241,2.0565034236599,0,float,,5.0,50.374468581975,,,
GMB,2007,38.0,0.3,,3.04324950829739,10.425,5.36913473801957,0,float,,5.0,44.2938444656791,,,
GMB,2008,39.5,-0.5,,6.25590553394287,10.065,4.4436549094501,0,float,,5.0,39.0890994561344,,,
GMB,2009,38.9,-1.6,,6.6657243078367,9.778,4.56150687670983,0,float,,5.0,41.7773944257977,,,
GMB,2010,42.9,-2.9,,5.90833580968288,9.673,5.04968075857402,0,float,,5.0,41.0125150279466,,,
GMB,2011,49.2,-3.0,,-8.13044422315659,10.276,4.7958826618311,0,float,,5.0,42.6397020468894,,,
GMB,2012,49.5,-2.8,,5.24156924630741,10.346,4.25432199813899,0,float,,5.0,47.7006731141985,,,
GMB,2013,58.2,-5.1,,2.872768790327,9.454,5.69912989637382,0,float,,5.0,45.4619193623296,,,
GMB,2014,71.1,-3.9,,-1.40738249510954,8.191,5.94799935696626,0,float,,5.0,58.2579307752264,,,
GMB,2015,69.4,-5.4,,4.0580738039996,7.226,6.8084549457961,0,float,,5.0,44.5223730803813,,,
GMB,2016,79.5,-6.2,,1.94335965478776,6.244,7.22879272057922,0,float,,5.0,38.1140879565948,,,
GMB,2017,87.0,-4.3,,4.8226112492757,5.097,8.03418974545911,0,float,,5.0,55.7335796090833,,,
GMB,2018,83.6,-3.9,,7.23489033258579,4.055,6.52096823946573,0,float,,5.0,64.8124640003735,,,
GMB,2019,83.0,-2.7,,6.22205315994859,4.481,7.11567625631192,0,float,,5.0,55.9979116186993,,,
GMB,2020,85.9,-2.4,,0.591487287873974,5.84,5.93127636562441,0,float,,5.0,47.3955201736291,,,
GMB,2021,83.1,-4.8,,5.25596878816744,6.213,7.37034758876618,0,float,,5.0,42.0979827971754,,,
GMB,2022,83.9,-5.7,,5.49299823010114,6.067,11.5131198380505,0,float,,5.0,44.7219215369466,,,
GMB,2023,77.4,-3.6,,5.91679576551141,6.479,16.9742129632327,0,float,,5.0,39.9620173467122,,,
GNB,1997,94.3,-2.6,,6.49999999321456,2.951,49.1009235769531,0,float,,5.0,69.4903546403129,,,
GNB,1998,109.1,-6.0,,-22.4457270657526,3.349,8.01375518965603,0,float,,5.0,43.5009973080258,,,
GNB,1999,109.9,-4.1,,16.8150212692905,3.269,-2.08630513223527,0,float,,5.0,49.0994892293696,,,
GNB,2000,217.1,-2.8,,1.10027815777423,3.358,8.63632094930278,0,float,,5.0,52.7373461180145,,,
GNB,2001,204.4,-1.8,,4.7859716500482,2.958,3.34812265527108,0,float,,5.0,47.5832172774612,,,
GNB,2002,197.5,-3.7,,3.65393603642713,3.146,3.30012175283752,0,float,,5.0,39.6760635550924,,,
GNB,2003,183.4,-5.6,,-0.285931052286514,3.169,-3.50258551103421,0,float,,5.0,38.0334709318917,,,
GNB,2004,202.0,-5.9,,1.17189152277038,3.226,0.883302696930943,0,float,,5.0,43.192131633446,,,
GNB,2005,203.7,-5.0,,6.55977111846077,3.184,3.32919922802856,0,float,,5.0,45.7842315450716,,,
GNB,2006,190.4,-4.6,,2.66650493269572,3.143,1.95473717628916,0,float,,5.0,48.7605033860226,,,
GNB,2007,164.0,-8.8,,2.55982647078751,3.125,4.61743772241997,0,float,,5.0,46.2445284700147,,,
GNB,2008,148.8,-0.7,,4.52457514610252,3.157,10.4600731354706,0,float,,5.0,45.1388893744724,,,
GNB,2009,148.3,2.7,,2.44795106098685,3.163,-1.65139733620775,0,float,,5.0,43.5957474099206,,,
GNB,2010,61.7,-0.2,,5.60536311358261,3.121,2.51785140171701,0,float,,5.0,43.5145876385454,,,
GNB,2011,45.6,-1.4,,8.08504167173554,3.072,5.046102263202,0,float,,5.0,48.6174602066373,,,
GNB,2012,47.4,-2.1,,-1.71286958446419,3.135,2.13054580274503,0,float,,5.0,44.1280665609795,,,
GNB,2013,49.6,-1.7,,3.25607190852087,3.173,1.20712555668405,0,float,,5.0,39.9574617805787,,,
GNB,2014,60.1,-2.4,,0.964525745841428,3.285,-1.50924460570494,0,float,,5.0,46.8696583055238,,,
GNB,2015,56.3,-3.2,,6.1340893623123,3.168,1.47672048910485,0,float,,5.0,54.3703755891285,,,
GNB,2016,59.1,-5.3,,5.4326782650304,3.139,1.50312055861088,0,float,,5.0,54.3006730474711,,,
GNB,2017,51.8,-1.3,,4.66367943913264,3.089,1.69111461822298,0,float,,5.0,56.9137475938811,,,
GNB,2018,59.1,-4.8,,3.76145359637003,3.127,0.381324702790992,0,float,,5.0,55.0195890357005,,,
GNB,2019,65.1,-3.9,,5.32749571119344,2.413,0.24660026814783,0,float,,5.0,49.943905496502,,,
GNB,2020,77.6,-9.6,,2.89149979806913,2.887,1.14000939393222,0,float,,5.0,42.8852704163601,,,
GNB,2021,78.8,-5.9,,5.0173096003907,3.016,2.24248879577658,0,float,,5.0,44.8202242773261,,,
GNB,2022,80.7,-6.1,,5.45776090019501,2.666,9.39075933985203,0,float,,5.0,45.9934723683125,,,
GNB,2023,79.4,-8.2,,4.63052364601562,2.632,7.10220928557059,0,float,,5.0,42.4351515242076,,,
GNQ,1980,146.2,-204.1,,,,,0,float,,5.0,,,,
GNQ,1981,221.1,-174.9,,5.76942050301955,,,0,float,,5.0,,,,
GNQ,1982,260.7,-184.9,,2.20167594636722,,,0,float,,5.0,,,,
GNQ,1983,259.3,-154.6,,5.00438719582668,,,0,float,,5.0,,,,
GNQ,1984,257.9,-114.4,,1.01138167040003,,,0,float,,5.0,,,,
GNQ,1985,183.8,-89.3,,12.9051788684821,,,0,float,,5.0,,,,
GNQ,1986,152.5,-97.3,,-2.33055635744239,,-17.6404240920371,0,float,,5.0,,,,
GNQ,1987,141.3,-158.0,,4.43673736244361,,-13.1744727471927,0,float,,5.0,,,,
GNQ,1988,154.5,-208.5,,2.6552621825882,,2.52365930599391,0,float,,5.0,,,,
GNQ,1989,187.0,-76.2,,-1.22917807949834,,6.16615384615363,0,float,,5.0,,,,
GNQ,1990,157.0,-160.2,,-1.75856408496443,,0.857871551124735,0,float,,5.0,,,,
GNQ,1991,169.5,-236.0,,-1.02223887710288,6.677,-3.42528735632201,0,float,,5.0,,,,
GNQ,1992,136.9,-557.5,,34.7453200290652,6.878,-4.27874315639129,0,float,,5.0,,,,
GNQ,1993,152.6,-217.9,,11.0332130375277,7.024,5.4522847373328,0,float,,5.0,,,,
GNQ,1994,216.0,-487.3,,16.6688355418416,7.123,31.8410168416385,0,float,,5.0,,,,
GNQ,1995,136.9,-123.4,,17.4862637323938,7.16,19.8724349483472,0,float,,5.0,,,,
GNQ,1996,91.2,-6.4,,66.5799972215897,7.215,4.54072771540235,0,float,,5.0,,,,
GNQ,1997,46.3,3.2,,149.972963487965,7.263,3.01650540694366,0,float,,5.0,,,,
GNQ,1998,59.2,-7.7,,23.7744823299607,7.332,7.93571069814148,0,float,,5.0,,,,
GNQ,1999,60.5,-0.2,,25.6640154410418,7.417,0.372266170311928,0,float,,5.0,,,,
GNQ,2000,36.6,-2.7,,18.2137799569674,7.444,4.80228886901398,0,float,,5.0,,,,
GNQ,2001,25.5,14.9,,63.3798754250602,7.551,8.82538925854966,0,float,,5.0,,,,
GNQ,2002,19.4,17.6,,19.4628340359251,7.646,7.5924784983324,0,float,,5.0,,,,
GNQ,2003,6.8,10.0,,13.9552503163825,7.701,7.32354399351809,0,float,,5.0,,,,
GNQ,2004,4.5,9.2,,37.9987268556423,7.658,4.21968787094834,0,float,,5.0,,,,
GNQ,2005,2.8,18.5,,16.7487006053541,7.667,5.63163351357613,0,float,,5.0,131.02447181321,,,
GNQ,2006,1.2,21.8,,7.70491760658767,7.612,4.41589984169561,0,float,,5.0,118.532782368937,,,
GNQ,2007,0.8,17.2,,15.2821139194857,7.592,2.80373831775704,0,float,,5.0,134.083789857569,,,
GNQ,2008,0.5,14.6,,17.7991091333811,7.571,6.55176691184535,0,float,,5.0,128.688006601458,,,
GNQ,2009,4.3,-6.5,,1.34335628806095,7.702,4.69106567747375,0,float,,5.0,122.212077110801,,,
GNQ,2010,7.9,-4.5,,-8.92417588851806,7.847,7.78916547991184,0,float,,5.0,144.668225001248,,,
GNQ,2011,7.2,0.8,,6.52392362989873,7.837,4.805389221557,0,float,,5.0,114.37734663649,,,
GNQ,2012,7.1,-7.2,,8.31287184445641,7.761,3.65662048278806,0,float,,5.0,116.675422472364,,,
GNQ,2013,6.3,-4.4,,-4.13319850131583,7.675,2.94887694639662,0,float,,5.0,106.893284926066,,,
GNQ,2014,12.6,-7.5,,0.415066301596866,7.669,4.30999866149107,0,float,,5.0,104.379198671388,,,
GNQ,2015,31.7,-15.1,,-9.11004114881537,7.778,1.67663085315988,0,float,,5.0,98.8780591680756,,,
GNQ,2016,41.1,-10.9,,-8.81641723219757,7.798,1.41193915479015,0,float,,5.0,92.6007307237942,,,
GNQ,2017,36.2,-2.6,,-5.66750850486686,7.843,0.74435474661241,0,float,,5.0,102.428258251803,,,
GNQ,2018,40.6,0.5,,-6.23654406734575,7.818,1.06007410662171,0,float,,5.0,103.645681622953,,,
GNQ,2019,43.2,1.8,,-5.48182537893445,7.917,1.53027528964189,0,float,,5.0,94.8787924253545,,,
GNQ,2020,49.4,-1.8,,-4.79108083383294,8.625,4.76669523944228,0,float,,5.0,77.9278846441807,,,
GNQ,2021,42.3,2.7,,0.860269956382069,8.821,-0.0971007664640198,0,float,,5.0,76.9666485998527,,,
GNQ,2022,29.8,11.7,,3.22350831658598,8.334,4.78671704710803,0,float,,5.0,81.8130161368099,,,
GNQ,2023,39.1,2.4,,-7.4250553172124,8.218,2.85949506037322,0,float,,5.0,60.6886626813037,,,
GRC,1980,22.8,-2.5,,0.67713140669585,,24.6758939736232,0,fixed,,8.0,43.4793554991926,,,
GRC,1981,27.1,-7.1,,-1.55372126905196,,24.5060675977966,0,fixed,,8.0,46.0059446018014,,,
GRC,1982,29.7,-5.5,,-1.13264739051145,,20.9910886220016,0,fixed,,8.0,40.7785028678783,,,
GRC,1983,34.1,-6.2,,-1.07862273931177,,20.1794812892138,0,fixed,,8.0,40.1030046026222,,,
GRC,1984,40.6,-7.2,,2.01058093704644,,18.4568132050187,0,fixed,,8.0,39.849292234659,,,
GRC,1985,47.3,-9.6,,2.50955640237393,,19.3146929406642,0,fixed,,8.0,39.3349501695826,,,
GRC,1986,47.8,-8.6,,0.517660006338886,,23.0154508205013,0,fixed,,8.0,41.5642782798199,,,
GRC,1987,53.2,-8.1,,-2.25886322369171,,16.3968631635363,0,fixed,,8.0,41.2601264583163,,,
GRC,1988,57.9,-9.6,,4.28786172851761,,13.5288583215049,0,fixed,,8.0,38.5985548974711,,,
GRC,1989,60.7,-11.9,,3.79999995287797,,13.6555638723612,0,fixed,,8.0,39.7076913413775,,,
GRC,1990,74.2,-13.3,,0.0,,20.433499109463,0,fixed,,8.0,39.0357306279462,,,
GRC,1991,75.7,-9.6,,3.09999970633838,7.572,19.4558456445745,0,fixed,,8.0,37.5415185885243,,,
GRC,1992,81.1,-10.6,,0.700000337119789,8.927,15.8770737923919,0,fixed,,8.0,37.7870755959724,,,
GRC,1993,101.7,-11.5,,-1.60000002186294,10.177,14.4112644439348,0,fixed,,8.0,36.0330301689118,,,
GRC,1994,99.7,-8.5,,1.99999984724822,9.808,10.8740756809132,0,fixed,,8.0,35.2202302292147,,,
GRC,1995,100.4,-9.9,,2.09971953235275,10.116,8.93451415961517,0,fixed,,8.0,36.1256353436075,,,
GRC,1996,103.7,-8.4,,1.38247057325857,10.402,8.19455217632728,0,fixed,,8.0,36.8209292630895,,,
GRC,1997,102.6,-6.2,,3.60288326516122,10.472,5.5360026677348,0,fixed,,8.0,39.4385486529083,,,
GRC,1998,100.8,-6.5,,3.43693579661333,12.227,4.76622572397641,0,fixed,,8.0,42.4898959577488,,,
GRC,1999,102.8,-6.0,,2.65878562321184,12.138,2.6366330602198,0,fixed,,8.0,48.1760370261319,,,
GRC,2000,108.9,-4.2,,4.13782699405849,11.345,3.1511816249383,0,fixed,,8.0,59.1126577488086,,,
GRC,2001,110.5,-5.6,,4.65041459442163,10.764,3.37396832213867,1,fixed,,8.0,56.8576339551067,,,
GRC,2002,107.9,-6.2,,4.68313727063017,10.346,3.62935871878874,1,fixed,,8.0,50.0533371904633,,,
GRC,2003,104.3,-8.0,,5.79682274294369,9.839,3.53065027765552,1,fixed,,8.0,47.8943121550822,,,
GRC,2004,105.5,-9.1,,5.37786634595851,10.628,2.8988481075817,1,fixed,,8.0,49.825317672568,,,
GRC,2005,109.9,-6.3,,1.18350635493289,10.074,3.54507273335078,1,fixed,,8.0,50.3555334391407,,,
GRC,2006,105.3,-6.0,,6.44339762487436,8.906,3.19594684144545,1,fixed,,8.0,51.1047465834807,,,
GRC,2007,104.6,-6.8,,3.50686976639459,8.351,2.89500321516578,1,fixed,,8.0,54.5256818189044,,,
GRC,2008,110.9,-10.3,,0.0574740238200775,7.664,4.15279708110293,1,fixed,,8.0,57.1052836264926,,,
GRC,2009,128.5,-15.4,,-4.11927606715011,9.546,1.21007269197809,1,fixed,,8.0,46.3779593986083,,,
GRC,2010,147.8,-11.4,,-5.6937412158003,12.719,4.71298907760388,1,fixed,,8.0,50.9225181997227,,,
GRC,2011,175.1,-10.5,,-9.87677875300243,17.973,3.3298532335065,1,fixed,,8.0,56.2929957941907,,,
GRC,2012,164.3,-6.9,,-8.33113421099992,24.731,1.50152696177758,1,fixed,,8.0,62.3942117351318,,,
GRC,2013,180.5,-4.1,,-2.27211699888024,27.686,-0.921269454256994,1,fixed,,8.0,62.9547272215374,,,
GRC,2014,182.8,-4.3,,0.792225060962835,26.708,-1.31226096405506,1,fixed,,8.0,66.4335364513677,,,
GRC,2015,180.0,-3.0,,-0.228301892172851,24.981,-1.73588804765284,1,fixed,,8.0,65.2716454619318,,,
GRC,2016,183.7,0.3,,-0.0317947678412054,23.514,-0.825653978390973,1,fixed,,8.0,63.6575490882866,,,
GRC,2017,182.6,1.1,,1.47312472702352,21.413,1.12125452031419,1,fixed,,8.0,70.8824967397253,,,
GRC,2018,189.6,0.8,,2.06467207892409,19.179,0.62562141345364,1,fixed,,8.0,79.2379908638706,,,
GRC,2019,183.7,-0.1,,2.27718065334808,17.045,0.253007522038157,1,fixed,,8.0,80.5900949510457,,,
GRC,2020,209.9,-10.4,,-9.19623149726978,15.899,-1.24798355581405,1,fixed,,8.0,70.2937464580745,,,
GRC,2021,197.8,-7.8,,8.65449786002131,14.656,1.22382501019854,1,fixed,,8.0,88.0126654490379,,,
GRC,2022,179.2,-2.6,,5.52198580589408,12.426,9.64525981280632,1,fixed,,8.0,108.121843229922,,,
GRC,2023,165.5,-1.4,,2.13591131996631,11.023,3.46480128513405,1,fixed,,8.0,92.4710882947018,,,
GRD,1991,42.0,-4.3,,1.38554578702994,,2.64460367880678,0,float,,5.0,,,,
GRD,1992,40.1,-1.5,,-0.851148756391396,,3.77833753148618,0,float,,5.0,,,,
GRD,1993,45.3,-0.2,,-1.95881558143746,,2.80859916782245,0,float,,5.0,,,,
GRD,1994,45.7,-2.8,,1.69355604419043,,3.77065767284965,0,float,,5.0,,,,
GRD,1995,43.1,-0.5,,2.12947514959858,,1.86882475298978,0,float,,5.0,,,,
GRD,1996,43.9,-3.0,,4.43823471603358,,2.03235172127782,0,float,,5.0,,,,
GRD,1997,41.4,-4.9,,5.01549460936745,,1.24452782989343,0,float,,5.0,,,,
GRD,1998,40.3,-2.4,,11.7535029919192,,1.37769330389496,0,float,,5.0,,,,
GRD,1999,34.5,-1.7,,6.89836243368677,,0.577427638677119,0,float,,5.0,,,,
GRD,2000,41.6,-2.1,,4.88795213650562,,2.18181818181821,0,float,,5.0,,,,
GRD,2001,44.6,-6.1,,-2.02390004072058,,3.14099305202543,0,float,,5.0,,,,
GRD,2002,79.1,-13.9,,3.43732352954147,,1.06721547992874,0,float,,5.0,,,,
GRD,2003,79.6,-2.8,,9.46397343076491,,2.15492809908679,0,float,,5.0,,,,
GRD,2004,94.7,-0.6,,-0.647450316084857,,2.3129167822611,0,float,,5.0,,,,
GRD,2005,87.3,0.9,,13.2761883306272,,3.475806937554,0,float,,5.0,,,,
GRD,2006,92.9,-5.2,,-3.99532824427482,,4.25195321977967,0,float,,5.0,,,,
GRD,2007,89.1,-5.9,,6.12345094741467,,3.85882922469653,0,float,,5.0,,,,
GRD,2008,83.9,-3.7,,0.947542624907697,,8.0332732765034,0,float,,5.0,,,,
GRD,2009,91.1,-4.4,,-6.61328134799545,,-0.308654779585642,0,float,,5.0,,,,
GRD,2010,96.2,-4.1,,-0.511146187173722,,3.43650905943351,0,float,,5.0,,,,
GRD,2011,102.8,-4.9,,0.764773550338731,,3.0334728033474,0,float,,5.0,,,,
GRD,2012,101.5,-5.4,,-1.15483816409801,,2.41077704021862,0,float,,5.0,,,,
GRD,2013,105.4,-7.2,,2.35109801677905,,-0.0439997864828058,0,float,,5.0,,,,
GRD,2014,99.3,-4.2,,7.34212396037948,,-0.98360305555498,0,float,,5.0,,,,
GRD,2015,90.1,-0.8,,6.44522314693144,,-0.515448031435329,0,float,,5.0,,,,
GRD,2016,81.6,2.7,,3.7396039558691,,1.65038994431573,0,float,,5.0,,,,
GRD,2017,70.3,3.0,,4.43867566948151,,0.908458255874249,0,float,,5.0,,,,
GRD,2018,68.5,4.9,,4.36144039364797,,0.804102313277033,0,float,,5.0,,,,
GRD,2019,62.7,5.0,,0.676511738873756,,0.598149764736022,0,float,,5.0,,,,
GRD,2020,89.5,-4.5,,-13.7566222572107,,-0.740732597045498,0,float,,5.0,,,,
GRD,2021,86.6,0.3,,4.6977240232674,,1.21951193916838,0,float,,5.0,,,,
GRD,2022,79.3,0.9,,7.31023806981959,,2.5805392590792,0,float,,5.0,,,,
GRD,2023,74.5,7.9,,4.52657497450693,,2.69612269814564,0,float,,5.0,,,,
GTM,2000,18.0,-1.9,,3.6088687174876,2.143,5.97757734737136,0,peg,,7.0,49.1455879049537,,,
GTM,2001,19.1,-2.0,,2.33257486608854,2.251,7.28587366610138,0,peg,,7.0,70.6690331769476,,,
GTM,2002,17.4,-1.0,,3.83928708556792,2.254,8.13263054281054,0,peg,,7.0,67.1048115244645,,,
GTM,2003,19.8,-2.5,,2.56037766801896,2.807,5.60347675434469,0,peg,,7.0,67.0023391862425,,,
GTM,2004,20.6,-1.0,,3.13791683609193,2.971,7.57862247309729,0,peg,,7.0,70.2148723581872,,,
GTM,2005,20.0,-1.7,,3.27602692588886,3.059,9.1086498571922,0,peg,,7.0,67.1036996082037,,,
GTM,2006,20.9,-1.9,,5.35139778711536,2.96,6.56085282795384,0,peg,,7.0,67.9119237396616,,,
GTM,2007,20.8,-1.4,,6.33771869016203,2.847,6.82161753590326,0,peg,,7.0,69.0013643101763,,,
GTM,2008,19.6,-1.6,,3.29352400028485,2.898,11.355761126315,0,peg,,7.0,65.1787305213103,,,
GTM,2009,22.8,-3.1,,0.476898106596394,3.22,1.85910254733028,0,peg,,7.0,58.0406869738673,,,
GTM,2010,24.0,-3.3,,2.88417542800377,3.497,3.8595090983316,0,peg,,7.0,63.1251925746222,,,
GTM,2011,23.8,-2.8,,4.16390688293349,3.169,6.214123930671,0,peg,,7.0,65.0470510420457,,,
GTM,2012,24.6,-2.4,,2.97470856847661,2.765,3.78180754679678,0,peg,,7.0,61.9594193352042,,,
GTM,2013,25.0,-2.2,,3.69476814623695,3.017,4.34337131279521,0,peg,,7.0,56.6852489007381,,,
GTM,2014,24.7,-1.9,,4.44397825774911,2.717,3.4183616966296,0,peg,,7.0,55.0832736168677,,,
GTM,2015,24.8,-1.5,,4.09217170075418,2.506,2.3887203283955,0,peg,,7.0,49.8934518550985,,,
GTM,2016,24.9,-1.1,,2.6778031930216,2.583,4.44844199942827,0,peg,,7.0,46.3727343925686,,,
GTM,2017,25.1,-1.4,,3.0798512212244,2.462,4.42453655182546,0,peg,,7.0,46.0694034412912,,,
GTM,2018,26.4,-1.9,,3.40687328176345,2.283,3.75186186704508,0,peg,,7.0,47.0116853424691,,,
GTM,2019,26.4,-2.2,,4.01789830861587,2.193,3.69998398008605,0,peg,,7.0,45.5167341849579,,,
GTM,2020,31.5,-4.9,,-1.78555117570465,2.965,3.21444062197345,0,peg,,7.0,41.1407594007818,,,
GTM,2021,30.6,-1.2,,8.04170398855833,2.174,4.26105127422813,0,peg,,7.0,49.261149442668,,,
GTM,2022,29.0,-1.7,,4.15492196609047,3.051,6.88512823344287,0,peg,,7.0,54.4490964612191,,,
GTM,2023,27.2,-1.3,,3.52430434049013,2.344,6.20657592272126,0,peg,,7.0,48.3297978472591,,,
GUY,1997,101.3,-1.7,,6.18066561019938,11.565,3.55567090578808,0,float,,5.0,209.136671614275,,,
GUY,1998,108.0,-2.7,,-1.67910449189729,11.687,4.58646616541351,0,float,,5.0,203.842431497026,,,
GUY,1999,97.1,-0.5,,2.96015180311224,11.771,7.53821939851392,0,float,,5.0,201.05931477536,,,
GUY,2000,97.2,-2.3,,-1.36380390261873,11.917,6.14854333024872,0,float,,5.0,206.767370475214,,,
GUY,2001,104.6,-3.7,,2.2795216592191,11.796,2.62741314203333,0,float,,5.0,199.577000730114,,,
GUY,2002,105.1,-2.4,,1.13262696199476,11.81,5.34101521377408,0,float,,5.0,196.72507835983,,,
GUY,2003,95.6,-4.8,,-0.632225388266377,11.529,5.98097814066473,0,float,,5.0,189.162485631386,,,
GUY,2004,91.8,-2.9,,1.56335211034042,11.281,4.66846622369881,0,float,,5.0,200.725286901642,,,
GUY,2005,90.7,-6.5,,-1.95095759501714,11.085,6.92554303890158,0,float,,5.0,194.350757310172,,,
GUY,2006,74.5,-6.2,,5.12960934773,10.7,6.67715790410028,0,float,,5.0,,,,
GUY,2007,47.7,-3.4,,7.19123624057457,10.84,12.2001544446648,0,float,,5.0,,,,
GUY,2008,48.2,-2.8,,1.75522349592019,11.018,8.10202206969276,0,float,,5.0,,,,
GUY,2009,52.3,-2.5,,3.61150847218585,11.307,2.95230096381001,0,float,,5.0,,,,
GUY,2010,53.1,-1.9,,4.13844160137342,11.632,4.3005534033896,0,float,,5.0,,,,
GUY,2011,51.7,-2.1,,5.19625156051602,11.811,4.4073041447003,0,float,,5.0,,,,
GUY,2012,44.7,-3.1,,5.27633062046809,12.029,2.39057526653742,0,float,,5.0,,,,
GUY,2013,41.4,-2.2,,3.65338433338232,12.296,1.9111250917408,0,float,,5.0,,,,
GUY,2014,38.7,-3.9,,1.68649445019584,12.637,0.683700250354637,0,float,,5.0,,,,
GUY,2015,42.2,-0.7,,0.687404590619494,13.009,-0.865401289233742,0,float,,5.0,,,,
GUY,2016,35.7,-3.2,,3.80745626378814,13.263,0.826177341246544,0,float,,5.0,,,,
GUY,2017,35.2,-3.1,,3.73449154571284,13.466,1.94571617739331,0,float,,5.0,,,,
GUY,2018,37.4,-2.5,,4.44091288475967,13.627,1.25128567037044,0,float,,5.0,,,,
GUY,2019,34.2,-2.5,,5.35284003535665,13.172,2.11238986774464,0,float,,5.0,,,,
GUY,2020,47.4,-7.8,,43.479651716849,15.308,0.722434045501787,0,float,,5.0,,,,
GUY,2021,38.9,-6.9,,20.0599975568418,14.576,4.50619858925893,0,float,,5.0,,,,
GUY,2022,24.8,-5.1,,63.3346343654855,11.907,6.93346066500816,0,float,,5.0,,,,
GUY,2023,26.7,-5.6,,33.795011115873,11.917,2.82159393090811,0,float,,5.0,,,,
HKG,2004,1.9,-0.3,,8.70006555836002,6.74,-0.274725274725253,0,fixed,,5.0,326.841054589054,,,
HKG,2005,1.7,1.0,,7.38815395153696,5.58,0.826446280991827,0,fixed,,5.0,342.689209524653,,,
HKG,2006,1.4,4.0,,7.03264766297669,4.77,2.00025160397534,0,fixed,,5.0,359.208661184248,,,
HKG,2007,1.2,7.3,,6.46482809096842,4.01,2.03502713369511,0,fixed,,5.0,362.14946363969,,,
HKG,2008,1.0,0.2,,2.12793685154209,3.56,4.30315484104921,0,fixed,,5.0,376.656806171877,,,
HKG,2009,0.7,1.5,,-2.45909150468412,5.26,0.579441418472608,0,fixed,,5.0,348.397554309339,,,
HKG,2010,0.6,4.1,,6.76770683250318,4.329,2.29289088604673,0,fixed,,5.0,404.770560908659,,,
HKG,2011,0.6,3.8,,4.81466801092733,3.422,5.3052489299392,0,fixed,,5.0,421.854706554386,,,
HKG,2012,0.5,3.1,,1.70032214482865,3.285,4.05390950903844,0,fixed,,5.0,430.568530415663,,,
HKG,2013,0.5,1.0,,3.10155262780289,3.4,4.33799342105267,0,fixed,,5.0,442.620019127299,,,
HKG,2014,0.1,3.6,,2.76241378329884,3.296,4.42364532019699,0,fixed,,5.0,425.975871734797,,,
HKG,2015,0.1,0.6,,2.38780116013344,3.314,2.99084819322581,0,fixed,,5.0,389.405949263639,,,
HKG,2016,0.1,4.4,,2.17544820327555,3.392,2.40930743862224,0,fixed,,5.0,371.727231773253,,,
HKG,2017,0.1,5.5,,3.79610937243891,3.124,1.49387243939522,0,fixed,,5.0,376.795666734722,,,
HKG,2018,0.1,2.3,,2.84690922660509,2.805,2.40613432046534,0,fixed,,5.0,376.892773545026,,,
HKG,2019,0.3,-0.6,,-1.67242865968056,2.917,2.88320853773996,0,fixed,,5.0,353.743521139731,,,
HKG,2020,1.0,-9.2,,-6.54479640529367,5.808,0.2509620210808,0,fixed,,5.0,350.679705044448,,,
HKG,2021,1.9,0.0,,6.45443038333934,5.174,1.56875834445922,0,fixed,,5.0,402.459681454463,,,
HKG,2022,4.3,-6.6,,-3.68528359281325,4.318,1.88136707196853,0,fixed,,5.0,384.885909968308,,,
HKG,2023,6.3,-5.7,,3.15034461759902,2.949,2.09660511249089,0,fixed,,5.0,353.194608900413,,,
HND,1990,236.5,-2.2,,21.1713674322465,,23.3225664366467,0,float,,7.0,94.2224913877873,,,
HND,1991,135.4,-2.2,,26.0469005554795,4.58,33.9722602535864,0,float,,7.0,89.5935124691766,,,
HND,1992,123.2,-1.5,,9.03523510162955,3.06,8.75988625255482,0,float,,7.0,84.7584594344201,,,
HND,1993,111.7,-5.2,,13.6371743358989,3.098,10.7486467163721,0,float,,7.0,98.2484665384967,,,
HND,1994,85.5,-1.0,,29.0190203167888,3.138,21.729346883819,0,float,,7.0,114.438113886322,,,
HND,1995,65.4,-0.2,,24.6744628782887,3.24,29.4645292281585,0,float,,7.0,114.537647463165,,,
HND,1996,64.6,0.1,,22.957391093437,4.37,23.8378353073358,0,float,,7.0,122.725112727964,,,
HND,1997,70.8,0.1,,22.4277452884418,3.32,20.1998667554962,0,float,,7.0,121.466190207647,,,
HND,1998,67.4,2.9,,11.5761659693973,4.02,13.6681077485868,0,float,,7.0,122.69670703096,,,
HND,1999,75.8,1.4,,11.5758601448677,3.85,11.66374097913,0,float,,7.0,121.502105602734,,,
HND,2000,65.8,1.5,,9.61221879337278,3.883,11.0480349344976,0,float,,7.0,120.392164584236,,,
HND,2001,63.4,-3.1,,2.72319327321379,4.0,9.67415556864781,0,float,,7.0,115.943071737954,,,
HND,2002,64.2,-5.0,,3.75433786119939,4.02,7.6905097203429,0,float,,7.0,117.997454450299,,,
HND,2003,67.8,-5.1,,4.54703805165397,5.3,7.67416639397743,0,float,,7.0,122.248277175534,,,
HND,2004,60.9,-2.5,,6.23230296069102,5.99,8.11379097093383,0,float,,7.0,135.461758741854,,,
HND,2005,55.6,0.0,,6.05059922215973,4.909,8.80906074819817,0,float,,7.0,136.489768018486,,,
HND,2006,39.2,-1.4,,6.56724355177587,3.574,5.57775207654292,0,float,,7.0,133.13183510432,,,
HND,2007,24.0,-0.3,,6.18832716678008,3.211,6.93621470895786,0,float,,7.0,135.070634917917,,,
HND,2008,22.3,-0.3,,4.23160011009342,3.156,11.4034270813932,0,float,,7.0,135.748955193053,,,
HND,2009,23.8,-4.9,,-2.43162787988011,3.292,5.49634273772203,0,float,,7.0,96.9050060188904,,,
HND,2010,21.8,-3.4,,3.73114034433009,4.119,4.69889064976232,0,float,,7.0,109.441838241682,,,
HND,2011,24.6,-2.9,,3.83569066207505,4.474,6.7622795731476,0,float,,7.0,122.216902597337,,,
HND,2012,27.1,-3.5,,4.12868774866939,3.755,5.19618615531848,0,float,,7.0,121.188215808285,,,
HND,2013,37.3,-5.5,,2.79155975746801,5.646,5.16189898581494,0,float,,7.0,116.306049247436,,,
HND,2014,35.2,-2.8,,3.0580805621437,7.078,6.12924930313031,0,float,,7.0,112.97509728471,,,
HND,2015,38.3,-0.8,,3.84007997093951,6.147,3.15783117980915,0,float,,7.0,107.26440535424,,,
HND,2016,39.4,-0.4,,3.89297219726413,6.727,2.72461223295289,0,float,,7.0,99.8157169505924,,,
HND,2017,41.3,-0.4,,4.84291391050387,5.528,3.93436084442037,0,float,,7.0,101.813111079622,,,
HND,2018,42.4,0.2,,3.84499476966735,5.648,4.34734937777536,0,float,,7.0,103.551162215452,,,
HND,2019,43.3,0.1,,2.55963434592314,5.698,4.36587159819274,0,float,,7.0,99.4595352452417,,,
HND,2020,53.5,-4.6,,-8.96508223267296,10.982,3.46841177951171,0,float,,7.0,88.0008563836292,,,
HND,2021,52.7,-3.2,,12.5652843771279,8.506,4.48087963413446,0,float,,7.0,103.372643459918,,,
HND,2022,46.9,1.6,,4.14356194013767,8.774,9.08963911525032,0,float,,7.0,112.698524913966,,,
HND,2023,41.7,-2.0,,3.57584760454412,6.07,6.66325180347463,0,float,,7.0,98.7919798336365,,,
HRV,1998,23.3,-6.4,,2.25345287133511,11.392,6.39668660837555,0,fixed,,9.0,64.9843577475156,,,
HRV,1999,30.0,-11.1,,-0.850447604002099,13.559,4.01913875598084,0,fixed,,9.0,66.264736205119,,,
HRV,2000,35.4,-9.2,,2.94765913375998,16.064,4.61131554737801,0,fixed,,9.0,74.6004590027123,,,
HRV,2001,36.6,-4.8,,3.11089328552634,15.822,3.77670246665889,0,fixed,,9.0,79.437800900761,,,
HRV,2002,36.5,-4.9,,5.80141595577015,15.053,1.67178437393384,0,fixed,,9.0,81.1605470544581,,,
HRV,2003,37.8,-5.0,,5.56842901730823,13.924,1.76733780760629,0,fixed,,9.0,81.4423725005617,,,
HRV,2004,40.0,-6.1,,4.17049297825163,13.664,2.05539679050328,0,fixed,,9.0,81.6460024380816,,,
HRV,2005,40.9,-3.2,,4.32819454299167,12.598,3.31717824448043,0,fixed,,9.0,81.4930488377878,,,
HRV,2006,38.4,-2.0,,5.06986521577841,11.13,3.18982591472949,0,fixed,,9.0,83.5173461635857,,,
HRV,2007,37.1,-2.3,,5.04884076732965,9.909,2.89928275583389,0,fixed,,9.0,83.2601359160464,,,
HRV,2008,38.9,-2.3,,1.97176786914632,8.53,6.07696838798352,0,fixed,,9.0,82.0792610890345,,,
HRV,2009,47.9,-7.2,,-6.81168973851901,9.202,2.37852845904671,0,fixed,,9.0,69.7025315039058,,,
HRV,2010,56.8,-6.5,,-1.33616285467264,11.62,1.03055505333576,0,fixed,,9.0,72.6475745178258,,,
HRV,2011,63.1,-7.5,,-0.111527124990047,13.678,2.27272727272722,0,fixed,,9.0,77.7839261603843,,,
HRV,2012,68.9,-5.5,,-2.23702049605232,16.046,3.41207349081368,0,fixed,,9.0,79.0091759505258,,,
HRV,2013,79.5,-5.5,,-0.132561080066893,17.231,2.21658206429779,0,fixed,,9.0,80.919621854334,,,
HRV,2014,83.2,-5.2,,-0.559537666687092,17.209,-0.215196159576176,0,fixed,,9.0,85.2166354640278,,,
HRV,2015,82.8,-3.5,,2.32056679330526,16.15,-0.464499004645003,0,fixed,,9.0,90.6517861027716,,,
HRV,2016,79.3,-1.0,,3.46613146011039,13.015,-1.12500000000002,0,fixed,,9.0,92.1393432283564,,,
HRV,2017,76.2,0.8,,3.2840626939789,11.078,1.12937210282347,0,fixed,,9.0,97.2452344566878,,,
HRV,2018,72.8,0.2,,2.91107146210912,8.322,1.50012501041747,0,fixed,,9.0,99.0845893099948,,,
HRV,2019,70.9,2.3,,3.10247285336254,6.551,0.771820346498112,0,fixed,,9.0,101.395111645358,,,
HRV,2020,86.5,-7.2,,-8.31046995309319,7.389,0.154811374562106,0,fixed,,9.0,89.5475327132272,,,
HRV,2021,78.2,-2.6,,12.6312741312741,7.483,2.55450699642041,0,fixed,,9.0,102.327614281062,,,
HRV,2022,68.5,0.1,,7.29479114889533,6.811,10.7805806758686,0,fixed,,9.0,125.410793782261,,,
HRV,2023,60.9,-0.8,,3.76204092717136,6.121,7.94128177586822,1,fixed,,9.0,107.277801631602,,,
HTI,1997,26.2,0.4,,2.70471393077787,7.003,20.5590073395833,0,float,,5.0,36.8940488093915,,,
HTI,1998,24.0,0.2,,2.18184032957123,7.165,5.26903547042201,0,float,,5.0,36.5207867041288,,,
HTI,1999,24.1,-1.5,,2.71024801048499,7.2,3.00439421550734,0,float,,5.0,41.9484795102088,,,
HTI,2000,32.5,-1.4,,0.870059259424892,8.443,9.33322197565603,0,float,,5.0,27.1535220636918,,,
HTI,2001,28.8,-1.5,,-0.342747883252144,9.728,13.31672224251,0,float,,5.0,27.569933019116,,,
HTI,2002,32.0,-1.8,,1.05182013450109,11.008,7.03287406224601,0,float,,5.0,24.9396784759828,,,
HTI,2003,37.8,-2.2,,3.48077973188326,12.151,28.6995777887374,0,float,,5.0,37.1973434444641,,,
HTI,2004,30.4,-1.3,,-1.3178567596495,13.415,21.0318339277222,0,float,,5.0,33.7809703531059,,,
HTI,2005,29.7,-0.8,,3.07217337664731,14.559,13.973008326384,0,float,,5.0,34.9651045038228,,,
HTI,2006,32.2,-0.9,,1.76875060288195,15.866,11.3452152244299,0,float,,5.0,37.0570704128996,,,
HTI,2007,24.4,-1.5,,4.70652994008303,16.8,6.55722772638066,0,float,,5.0,34.2825489611293,,,
HTI,2008,33.9,-1.8,,2.6580323082747,16.204,15.2817744823772,0,float,,5.0,36.1450381454244,,,
HTI,2009,19.4,-2.0,,5.89037894844316,15.398,0.393886040173341,0,float,,5.0,33.0964998246108,,,
HTI,2010,24.9,-1.5,,-5.65151153448299,15.244,4.82734190074673,0,float,,5.0,44.7215241260457,,,
HTI,2011,22.3,-1.4,,5.09821354410036,14.506,6.33279483849042,0,float,,5.0,44.1635704019387,,,
HTI,2012,24.1,-2.7,,0.502424403581585,14.1,5.01804155429246,0,float,,5.0,40.2582414988129,,,
HTI,2013,25.1,-4.0,,4.32478411472874,13.704,4.76502404779142,0,float,,5.0,40.3325097562551,,,
HTI,2014,21.4,-3.6,,2.88877250863379,13.808,3.43816659958601,0,float,,5.0,42.3515259071619,,,
HTI,2015,23.9,-1.5,,1.40000000859727,13.785,6.73184069658997,0,float,,5.0,41.9457381172044,,,
HTI,2016,24.4,0.1,,1.81246807847532,13.902,11.5029073942666,0,float,,5.0,41.4109022161974,,,
HTI,2017,22.5,-0.3,,2.51027134544685,13.932,10.6800887242584,0,float,,5.0,42.0745477868911,,,
HTI,2018,24.1,-1.1,,1.66781095484656,13.934,12.4814111170435,0,float,,5.0,45.1385763027223,,,
HTI,2019,26.5,-2.0,,-1.72309699839232,14.095,18.7037825672506,0,float,,5.0,44.5687187758294,,,
HTI,2020,22.3,-2.0,,-3.30550546965893,15.573,22.7963113642528,0,float,,5.0,37.4138801252638,,,
HTI,2021,28.4,-2.5,,-1.79823988931486,15.296,16.8415240198785,0,float,,5.0,33.4120026772124,,,
HTI,2022,29.2,-1.8,,-1.68198396897978,14.54,33.98393194707,0,float,,5.0,29.7746074753724,,,
HTI,2023,27.8,0.8,,-1.86388420254838,14.459,36.8135162780854,0,float,,5.0,25.2478984941791,,,
HUN,1995,83.9,-8.6,,1.48952547593046,10.168,28.3054683706654,0,float,,7.0,78.1758915933919,,,
HUN,1996,71.2,-4.4,,0.101234227633242,10.022,23.4690301919185,0,float,,7.0,83.021980635108,,,
HUN,1997,62.2,-5.5,,2.97787906543104,8.991,18.3050744143799,0,float,,7.0,94.6879101466758,,,
HUN,1998,60.4,-7.4,,3.84810814449837,8.925,14.153789654534,0,float,,7.0,107.319335097669,,,
HUN,1999,60.3,-5.3,,3.08605811588221,6.929,9.99774409303368,0,float,,7.0,113.869532830977,,,
HUN,2000,55.6,-3.0,,4.40937501806403,6.563,9.80361016908125,0,float,,7.0,137.26231309347,,,
HUN,2001,52.2,-4.0,,4.06202617226026,5.671,9.11680911680911,0,float,,7.0,130.903714236387,,,
HUN,2002,55.6,-8.8,,4.73006530805553,5.608,5.26544821583985,0,float,,7.0,118.269335242555,,,
HUN,2003,58.2,-7.2,,3.93877761242727,5.79,4.66101694915254,0,float,,7.0,116.787088540862,,,
HUN,2004,58.9,-6.6,,4.96312536156307,5.832,6.74434679569469,0,float,,7.0,123.615686104174,,,
HUN,2005,60.6,-7.8,,4.30028318461673,7.189,3.56151711378352,0,float,,7.0,128.004810647538,,,
HUN,2006,64.5,-9.3,,3.93393162712054,7.494,3.93032603841001,0,float,,7.0,149.231531568461,,,
HUN,2007,65.6,-5.1,,0.332354337878925,7.406,7.9587451654491,0,float,,7.0,155.60143236807,,,
HUN,2008,71.8,-3.8,,0.993437085479655,7.817,6.0425125388106,0,float,,7.0,158.453224115619,,,
HUN,2009,78.2,-4.8,,-6.7401660845502,10.03,4.21171171171171,0,float,,7.0,145.30587733019,,,
HUN,2010,80.2,-4.4,,1.06795068152046,11.172,4.85555795691956,0,float,,7.0,157.838960085896,,,
HUN,2011,80.5,-5.2,,1.91670916599742,11.029,3.9299209893507,0,float,,7.0,166.754347209897,,,
HUN,2012,78.4,-2.3,,-1.33948446518181,11.003,5.65214517088646,0,float,,7.0,166.17569860957,,,
HUN,2013,77.2,-2.6,,2.03216990678146,10.177,1.73319984983101,0,float,,7.0,164.476024791467,,,
HUN,2014,76.5,-2.8,,4.33435364113967,7.725,-0.227566270988219,0,float,,7.0,168.358355086413,,,
HUN,2015,75.7,-2.0,,3.65981615406955,6.813,-0.0616446800641672,0,float,,7.0,167.290738494524,,,
HUN,2016,74.6,-1.8,,2.43864141309342,5.115,0.394769306686392,0,float,,7.0,163.97194450015,,,
HUN,2017,72.0,-2.5,,4.12418389451805,4.156,2.34824281150154,0,float,,7.0,165.032855840268,,,
HUN,2018,68.8,-2.0,,5.60613813768876,3.667,2.85024792594646,0,float,,7.0,162.700858777925,,,
HUN,2019,65.0,-2.0,,5.07718495088933,3.411,3.33858635382008,0,float,,7.0,159.925556464831,,,
HUN,2020,78.7,-7.5,,-4.33872540024058,4.248,3.32674385766738,0,float,,7.0,154.527002936377,,,
HUN,2021,76.2,-7.1,,7.22291580811137,4.021,5.11096534382855,0,float,,7.0,159.187527332834,,,
HUN,2022,74.1,-6.2,,4.15238057779229,3.583,14.6081439492433,0,float,,7.0,184.969952581351,,,
HUN,2023,73.2,-6.8,,-0.817107370513455,4.096,17.1249659678737,0,float,,7.0,158.618825607913,,,
IDN,2000,87.4,-1.9,,4.9200677470169,6.077,3.68862037056682,0,float,,8.0,71.4368759173731,,,
IDN,2001,73.7,-1.8,,3.64346644721492,6.082,11.5001160550887,0,float,,8.0,69.7932075256238,,,
IDN,2002,62.3,-0.6,,4.49947539085764,6.604,11.9001200338414,0,float,,8.0,59.0794617663723,,,
IDN,2003,55.6,-1.1,,4.78036912167654,6.657,6.75731256333564,0,float,,8.0,53.6164937473016,,,
IDN,2004,51.3,-0.3,,5.03087394501685,7.303,6.06406189133648,0,float,,8.0,59.761294836691,,,
IDN,2005,42.6,0.5,,5.69257130383384,7.945,10.4532001873347,0,float,,8.0,63.9879358688635,,,
IDN,2006,35.8,0.5,,5.50095178520348,7.551,13.108670985346,0,float,,8.0,56.6571268148867,,,
IDN,2007,38.1,-1.0,,6.34502222667214,8.06,6.40656087966005,0,float,,8.0,54.8292499782075,,,
IDN,2008,30.3,0.1,,6.01370360009123,7.208,10.2266663272483,0,float,,8.0,58.5613996312961,,,
IDN,2009,26.5,-1.6,,4.62887118256153,6.106,4.38641311792074,0,float,,8.0,45.5121213687054,,,
IDN,2010,26.4,-1.2,,6.22385418062366,5.614,5.13420639015885,0,float,,8.0,46.7012738758737,,,
IDN,2011,23.1,-0.7,,6.16978420771008,5.153,5.35604849112582,0,float,,8.0,50.1800131841104,,,
IDN,2012,23.0,-1.6,,6.03005065305615,4.468,4.2795142691943,0,float,,8.0,49.5828982992627,,,
IDN,2013,24.9,-2.0,,5.5572636889101,4.336,6.41249457900391,0,float,,8.0,48.6373726752893,,,
IDN,2014,24.6,-1.8,,5.006668425755,4.049,6.39492882396559,0,float,,8.0,48.0801755855227,,,
IDN,2015,27.0,-2.7,,4.87632230022123,4.514,6.36312061196646,0,float,,8.0,41.9376402415294,,,
IDN,2016,28.0,-2.6,,5.03306918280177,4.301,3.52580452815451,0,float,,8.0,37.4213418023318,,,
IDN,2017,29.4,-2.3,,5.06978590134916,3.783,3.80879857691949,0,float,,8.0,39.3554970704606,,,
IDN,2018,30.4,-1.7,,5.17429153955024,4.387,3.19834755924996,0,float,,8.0,43.0743089552002,,,
IDN,2019,30.6,-2.1,,5.01928768046282,3.59,3.03058460941661,0,float,,8.0,37.6277775357108,,,
IDN,2020,39.7,-6.1,,-2.06551182934165,4.255,1.91983527270793,0,float,,8.0,32.9721754002427,,,
IDN,2021,41.1,-4.4,,3.70288562827751,3.827,1.56007882983334,0,float,,8.0,40.2047582749671,,,
IDN,2022,40.1,-2.3,,5.30719722664799,3.462,4.20946463714784,0,float,,8.0,45.4646701959453,,,
IDN,2023,39.6,-1.6,,5.04883117855516,3.308,3.66938654859761,0,float,,8.0,41.4604765447233,,,
IND,1991,76.7,-7.4,,1.05683143296179,7.641,13.8702461773683,0,float,,5.0,16.9877265511351,,,
IND,1992,78.8,-7.9,,5.48239602167003,7.649,11.7878170418134,0,float,,5.0,18.433099041828,,,
IND,1993,78.3,-8.6,,4.7507762195799,7.662,6.32689048779867,0,float,,5.0,19.6515397864684,,,
IND,1994,74.8,-8.0,,6.65892406747307,7.593,10.2479355556119,0,float,,5.0,20.0781443769255,,,
IND,1995,70.9,-6.8,,7.57449184027195,7.57,10.2248861637545,0,float,,5.0,22.8674487062499,,,
IND,1996,67.1,-6.7,,7.54952224888829,7.537,8.97715233826453,0,float,,5.0,21.9294878713867,,,
IND,1997,69.0,-8.3,,4.04982084902483,7.574,7.16425211462721,0,float,,5.0,22.6193868670479,,,
IND,1998,69.3,-9.7,,6.18441582080355,7.596,13.2308389767977,0,float,,5.0,23.6994700790647,,,
IND,1999,71.3,-8.7,,8.84575556114116,7.583,4.6698203803759,0,float,,5.0,24.8155980442929,,,
IND,2000,74.9,-8.4,,3.84099115686554,7.589,4.0094359104519,0,float,,5.0,26.9009229104474,,,
IND,2001,80.1,-11.0,,4.82396626397303,7.611,3.77929312235637,0,float,,5.0,25.9932547534365,,,
IND,2002,84.3,-11.1,,3.80397532120038,7.681,4.29715203929562,0,float,,5.0,29.5086629350614,,,
IND,2003,85.9,-11.4,,7.86038147545045,7.633,3.80585899528853,0,float,,5.0,30.592436132908,,,
IND,2004,84.9,-9.2,,7.92293661307978,7.598,3.76725173477517,0,float,,5.0,37.503814059447,,,
IND,2005,82.4,-6.6,,7.92343062131789,7.551,4.24634362031924,0,float,,5.0,42.0016696148691,,,
IND,2006,77.9,-5.1,,8.06073257305057,7.553,5.79652337561634,0,float,,5.0,45.7244804992652,,,
IND,2007,75.4,-3.7,,7.66081506510766,7.562,6.37288135593231,0,float,,5.0,45.686268679348,,,
IND,2008,74.3,-8.1,,3.08669805950082,7.629,8.34926704907575,0,float,,5.0,53.3682204392226,,,
IND,2009,72.7,-9.3,,7.8618888330338,7.636,10.8823529411764,0,float,,5.0,46.2728696428837,,,
IND,2010,67.7,-8.5,,8.49758470165625,7.631,11.9893899204245,0,float,,5.0,49.2552064974161,,,
IND,2011,68.7,-8.0,,5.24131620024293,7.609,8.9117933648336,0,float,,5.0,55.6238800135298,,,
IND,2012,68.1,-7.3,,5.45638755164772,7.645,9.47899691419793,0,float,,5.0,55.7937217287511,,,
IND,2013,68.0,-6.8,,6.38610640091713,7.678,10.0178784746104,0,float,,5.0,53.8441319466777,,,
IND,2014,67.6,-6.9,,7.41022760516977,7.656,6.66565671867899,0,float,,5.0,48.9221857470669,,,
IND,2015,69.8,-7.3,,7.99625378567987,7.629,4.90697344127249,0,float,,5.0,41.9229138658647,,,
IND,2016,69.8,-7.2,,8.25630550176662,7.611,4.94821634062134,0,float,,5.0,40.082485713276,,,
IND,2017,70.8,-6.3,,6.79538341902422,7.626,3.32817337461305,0,float,,5.0,40.7424969545225,,,
IND,2018,71.7,-6.5,,6.45385134495295,7.652,3.93882646691643,0,float,,5.0,43.6169693323889,,,
IND,2019,76.7,-7.9,,3.87143694070524,6.51,3.72950573539123,0,float,,5.0,39.9054035306442,,,
IND,2020,90.6,-13.2,,-5.77772470687303,7.859,6.6234367762853,0,float,,5.0,37.7581053292768,,,
IND,2021,85.7,-9.7,,9.68959249191741,6.38,5.13140747176364,0,float,,5.0,45.4230887840446,,,
IND,2022,84.6,-9.2,,7.6093649776932,4.822,6.69903414079858,0,float,,5.0,50.6979382758042,,,
IND,2023,85.0,-8.4,,7.210224629335,4.172,5.64914318907925,0,float,,5.0,46.3229520582338,,,
IRL,1995,78.5,-2.1,,9.63442136559036,11.97,2.52486446780802,0,fixed,,10.0,136.103124359691,,,
IRL,1996,69.8,-0.2,,7.37962465765875,11.692,1.75574469607419,0,fixed,,10.0,138.868118491507,,,
IRL,1997,61.6,1.4,,11.0217650823433,10.191,1.5418020226137,0,fixed,,10.0,142.269442155283,,,
IRL,1998,51.4,2.1,,8.7661226571214,7.699,2.40768094534715,0,fixed,,10.0,157.772368187148,,,
IRL,1999,46.6,3.5,,10.5298856427062,5.804,1.62988605221407,1,fixed,,10.0,159.870974760171,,,
IRL,2000,36.4,4.9,,9.40352476399653,4.318,5.57763269940387,1,fixed,,10.0,174.954518071287,,,
IRL,2001,33.6,1.0,,5.30582133514299,3.684,4.85280279607477,1,fixed,,10.0,174.840711101871,,,
IRL,2002,30.9,-0.5,,5.89936506079005,4.216,4.62820512820515,1,fixed,,10.0,163.719329359615,,,
IRL,2003,29.8,0.3,,3.01383869396012,4.478,3.49221909079765,1,fixed,,10.0,146.531474021275,,,
IRL,2004,28.1,1.3,,6.78813990621356,4.491,2.17854605730523,1,fixed,,10.0,146.587496370071,,,
IRL,2005,26.1,1.6,,5.73978202625278,4.237,2.45654692931639,1,fixed,,10.0,148.175564253129,,,
IRL,2006,23.7,2.8,,4.98785364537615,4.355,3.93576114001354,1,fixed,,10.0,150.021785809265,,,
IRL,2007,23.9,0.3,,5.31011830898613,4.98,4.88574537540802,1,fixed,,10.0,153.396847068025,,,
IRL,2008,42.5,-7.0,,-4.48407081043062,6.774,4.03568834941391,1,fixed,,10.0,160.039420132474,,,
IRL,2009,61.8,-13.9,,-5.09578277913846,12.609,-4.44754686876746,1,fixed,,10.0,173.591474874665,,,
IRL,2010,86.2,-32.1,,1.68297175486512,14.534,-0.918388645376774,1,fixed,,10.0,190.08027278672,,,
IRL,2011,109.6,-13.5,,1.60886648916944,15.354,2.5489783020855,1,fixed,,10.0,186.304879179038,,,
IRL,2012,118.9,-8.4,,-0.40502941658977,15.451,1.69474116680366,1,fixed,,10.0,190.355682317985,,,
IRL,2013,117.7,-6.3,,2.1929375750029,13.735,0.515099484900573,1,fixed,,10.0,199.742586224446,,,
IRL,2014,101.4,-3.5,,9.38579335130922,11.858,0.190916398713745,1,fixed,,10.0,211.181602002085,,,
IRL,2015,74.0,-2.0,,24.6239856364006,9.908,-0.330959783371788,1,fixed,,10.0,223.702938290642,,,
IRL,2016,72.7,-0.8,,1.22271661130947,8.374,0.0201247735963237,1,fixed,,10.0,239.708527798768,,,
IRL,2017,65.2,-0.3,,10.1088576065965,6.713,0.362173038229378,1,fixed,,10.0,233.304083346711,,,
IRL,2018,61.3,0.1,,7.68865937437435,5.741,0.471130713712916,1,fixed,,10.0,222.453716000399,,,
IRL,2019,55.8,0.4,,4.97288003766816,4.95,0.937842961189274,1,fixed,,10.0,257.652772910421,,,
IRL,2020,56.9,-4.9,,7.15369505735335,5.623,-0.326183651280033,1,fixed,,10.0,258.780437026252,,,
IRL,2021,52.4,-1.3,,16.2581881158197,6.357,2.34034113447044,1,fixed,,10.0,231.032350863586,,,
IRL,2022,42.9,1.6,,7.51113888415304,4.465,7.82945736434105,1,fixed,,10.0,237.755419559378,,,
IRL,2023,41.8,1.4,,-2.53637409313261,4.243,6.29942487419125,1,fixed,,10.0,239.649627585111,,,
IRN,1996,29.3,-0.7,,6.35052601873645,9.1,28.9373440168137,0,float,,5.0,35.2212991546042,,,
IRN,1997,30.9,-1.8,,1.3503992743003,9.68,17.3492257538708,0,float,,5.0,32.6495581116416,,,
IRN,1998,29.6,-5.0,,2.08001178027133,10.358,17.8661342130398,0,float,,5.0,29.2282196463134,,,
IRN,1999,22.2,-0.5,,2.00269623253435,11.176,20.0707078146866,0,float,,5.0,34.8854141345934,,,
IRN,2000,18.2,5.4,,5.84552747578209,11.698,14.4767513188567,0,float,,5.0,41.2572474638031,,,
IRN,2001,21.0,0.0,,2.39217271207868,12.362,11.2742471332117,0,float,,5.0,40.535566479523,,,
IRN,2002,23.4,-2.9,,8.07882927975243,12.8,14.3359337378404,0,float,,5.0,48.1726865520657,,,
IRN,2003,21.9,-2.8,,8.6392983972006,11.529,16.4680116244792,0,float,,5.0,50.6791057753261,,,
IRN,2004,21.1,-2.4,,4.33666597851041,10.3,14.7615086970672,0,float,,5.0,51.3138573265888,,,
IRN,2005,18.3,-2.4,,3.18980408728824,11.813,13.433118008508,0,float,,5.0,54.4404952635536,,,
IRN,2006,15.2,-4.9,,4.99979526181222,11.519,10.0158982511924,0,float,,5.0,53.1673587143845,,,
IRN,2007,13.5,-2.4,,8.15577352358517,10.772,17.3410404624277,0,float,,5.0,49.8873069225934,,,
IRN,2008,10.6,-4.4,,0.250856553493634,10.63,25.4105090311987,0,float,,5.0,48.2294027741438,,,
IRN,2009,11.5,-3.3,,1.00738545790475,12.113,13.5515548281506,0,float,,5.0,43.6995802243585,,,
IRN,2010,12.8,-0.8,,5.79793830169604,13.679,10.0893629287979,0,float,,5.0,43.7706437371399,,,
IRN,2011,10.6,-0.7,,2.6457179180628,12.491,26.2933856738608,0,float,,5.0,41.2194147918578,,,
IRN,2012,11.7,-0.5,,-3.74717139864109,12.275,27.2568127242908,0,float,,5.0,44.0893466807452,,,
IRN,2013,10.2,-0.7,,-1.52197920494184,10.595,36.6030355191029,0,float,,5.0,47.0867179194755,,,
IRN,2014,10.9,-0.9,,4.98477506709476,10.68,16.6065532357449,0,float,,5.0,45.3514201413161,,,
IRN,2015,32.1,-1.3,,-1.42488493937503,11.166,12.4846815611533,0,float,,5.0,39.42258866118,,,
IRN,2016,45.9,-1.7,,8.8150866425182,12.618,7.24542548952979,0,float,,5.0,39.8772417738866,,,
IRN,2017,43.2,-1.5,,3.02685468694025,12.232,8.04492437660278,0,float,,5.0,43.1556931383906,,,
IRN,2018,41.6,-1.6,,-3.74796015711334,12.195,18.0141183371874,0,float,,5.0,56.6153496142829,,,
IRN,2019,44.6,-4.3,,-2.36143538770575,10.74,39.9073455697784,0,float,,5.0,48.5917712137038,,,
IRN,2020,47.1,-4.9,,4.44180865358672,9.687,30.5941390387295,0,float,,5.0,43.8844674905013,,,
IRN,2021,39.9,-3.0,,4.13089685034471,9.282,43.3890162681514,0,float,,5.0,42.672379536261,,,
IRN,2022,34.5,-2.6,,4.35281087521344,9.085,43.4884641742179,0,float,,5.0,48.9183508223052,,,
IRN,2023,29.6,-3.0,,5.33235116079808,8.129,44.5791857572797,0,float,,5.0,49.3935500960203,,,
IRQ,2004,344.3,-35.4,,53.3855472887501,8.715,26.9619068193271,0,float,,5.0,120.233977121676,,,
IRQ,2005,227.3,4.1,,1.67522863586828,8.57,36.9594809201871,0,float,,5.0,115.742540308642,,,
IRQ,2006,143.2,10.7,,5.63829915220637,8.411,53.230962911428,0,float,,5.0,89.6505198581778,,,
IRQ,2007,117.1,10.0,,1.88853936243953,8.646,-10.0674925768978,0,float,,5.0,74.092853105498,,,
IRQ,2008,74.2,-0.9,,8.22810710383277,8.466,12.6628528269228,0,float,,5.0,81.0555432665835,,,
IRQ,2009,87.4,-14.9,,3.37929909442771,8.415,6.87361547212555,0,float,,5.0,78.6873788189898,,,
IRQ,2010,53.5,-4.2,,6.40256484471193,8.267,2.42986826837753,0,float,,5.0,73.4974796202443,,,
IRQ,2011,40.7,4.7,,7.546471200426,8.193,5.6040514426601,0,float,,5.0,72.1713282233655,,,
IRQ,2012,34.8,4.1,,13.9364301737537,7.965,6.0890964159516,0,float,,5.0,73.6086845912812,,,
IRQ,2013,32.0,-6.1,,7.62828592298754,9.222,1.87949800749416,0,float,,5.0,67.4100184095672,,,
IRQ,2014,27.6,-5.6,,2.26368817563613,10.59,2.23597407904726,0,float,,5.0,68.9824868569036,,,
IRQ,2015,48.3,-12.8,,2.60676642939541,10.865,1.39333028780268,0,float,,5.0,69.5917685983115,,,
IRQ,2016,60.3,-14.4,,13.7873730187089,10.82,0.556521397155548,0,float,,5.0,54.588320188677,,,
IRQ,2017,55.9,-1.5,,-1.81975035118309,13.02,0.184058898847553,0,float,,5.0,59.7809123923157,,,
IRQ,2018,44.4,7.7,,2.63385099105624,13.458,0.367441488936828,0,float,,5.0,65.8017917701083,,,
IRQ,2019,41.7,0.8,,5.5137905789381,14.096,-0.198965380023882,0,float,,5.0,68.9899384202806,,,
IRQ,2020,72.5,-12.8,,-12.0367930960454,15.766,0.574162679425856,0,float,,5.0,57.742316395146,,,
IRQ,2021,54.7,-0.4,,1.5021807095434,16.173,6.04186489058043,0,float,,5.0,61.5032683117218,,,
IRQ,2022,39.0,8.1,,7.95904804990212,15.41,4.9947659638103,0,float,,5.0,68.75879409409,,,
IRQ,2023,42.1,-1.1,,0.517705525140073,15.239,4.35835351089595,0,float,,5.0,69.4613207990167,,,
ISL,1982,28.1,1.7,,2.15456624389918,,50.243226389676,0,float,,10.0,65.8667930355614,,,
ISL,1983,29.9,-1.9,,-2.15116172402108,,83.9500461937034,0,float,,10.0,73.615807829501,,,
ISL,1984,31.6,2.2,,4.12911824601976,,30.8523970770909,0,float,,10.0,72.5184693705427,,,
ISL,1985,31.1,-1.5,,3.29284143329744,,31.9946290240703,0,float,,10.0,76.5835777861578,,,
ISL,1986,29.0,-3.8,,6.27054192019342,,22.1284011876646,0,float,,10.0,69.9003498262641,,,
ISL,1987,26.5,-0.8,,8.54593973363589,,18.2977682232302,0,float,,10.0,66.3600523792601,,,
ISL,1988,29.6,-1.9,,-0.089725977854286,,25.7255090852843,0,float,,10.0,61.4160613672198,,,
ISL,1989,34.2,-4.2,,0.258439804261698,,20.7581950334485,0,float,,10.0,61.7869326507545,,,
ISL,1990,34.4,-3.1,,1.16937035968014,,15.510721994253,0,float,,10.0,62.9117684841729,,,
ISL,1991,36.4,-0.6,,-0.223525498840075,2.548,6.80877887943631,0,float,,10.0,60.8702680765282,,,
ISL,1992,43.9,-1.8,,-3.37389416853765,4.305,3.94771176824033,0,float,,10.0,57.8570070035451,,,
ISL,1993,50.6,-4.2,,1.31344949985998,5.257,4.04285291076951,0,float,,10.0,59.4790808364344,,,
ISL,1994,53.0,-4.4,,3.60885792911003,5.326,1.55265627495772,0,float,,10.0,63.2886233208855,,,
ISL,1995,56.1,-2.8,,0.116583656161382,5.196,1.65123150116656,0,float,,10.0,64.3005949240328,,,
ISL,1996,53.7,-1.5,,4.49765336794034,3.6,2.26041898267295,0,float,,10.0,68.6955297848167,,,
ISL,1997,51.1,0.0,,4.14087045329792,3.72,1.81543080282254,0,float,,10.0,69.2597923595091,,,
ISL,1998,43.3,-0.6,,7.01048323038307,3.069,1.65924170953419,0,float,,10.0,70.7676395257416,,,
ISL,1999,75.5,1.3,,3.89798762511016,2.178,3.23183260906471,0,float,,10.0,68.4725808469369,,,
ISL,2000,74.8,1.4,,4.90518213950493,1.936,5.13647123245144,0,float,,10.0,70.2477741981669,,,
ISL,2001,82.5,-0.3,,3.84093935332692,1.874,6.40508550386868,0,float,,10.0,73.9395325755249,,,
ISL,2002,81.3,-2.2,,0.542286728290463,2.988,5.1970223021663,0,float,,10.0,68.7108314689249,,,
ISL,2003,84.1,-2.3,,2.28136971847135,3.997,2.05566329753744,0,float,,10.0,67.4009987460124,,,
ISL,2004,80.1,0.3,,7.62260520494142,4.031,3.15819324298459,0,float,,10.0,69.7326204452496,,,
ISL,2005,67.8,5.0,,7.02934061160924,2.547,3.98704782806593,0,float,,10.0,71.2106793861355,,,
ISL,2006,69.8,6.4,,5.67161248703039,2.83,6.68707906136667,0,float,,10.0,76.6308537686708,,,
ISL,2007,67.4,5.6,,8.74132941862472,2.251,5.05155736492143,0,float,,10.0,73.6249668831341,,,
ISL,2008,109.3,-12.0,,1.69961072411662,2.946,12.6943942775877,0,float,,10.0,81.9027481853952,,,
ISL,2009,128.2,-8.5,,-8.32146414938261,7.22,12.0031298461743,0,float,,10.0,89.00144405735,,,
ISL,2010,131.5,-6.6,,-2.22181843777449,7.564,5.39673113167484,0,float,,10.0,92.4901528110187,,,
ISL,2011,136.6,-6.4,,1.37999669197329,7.028,4.0010266434312,0,float,,10.0,100.133252648313,,,
ISL,2012,132.2,-2.6,,1.16931174934061,6.0,5.18589988750698,0,float,,10.0,102.433137099998,,,
ISL,2013,121.1,-0.9,,3.59695697128252,5.376,3.8722792374824,0,float,,10.0,97.6980221861272,,,
ISL,2014,114.1,0.6,,1.91381613095174,4.897,2.04461481539342,0,float,,10.0,95.2879194201667,,,
ISL,2015,96.3,-0.1,,3.76859020213645,3.979,1.63305558181335,0,float,,10.0,94.8888027460231,,,
ISL,2016,81.3,12.7,,6.21808764670307,2.978,1.69692761997734,0,float,,10.0,87.7600165983392,,,
ISL,2017,70.8,1.3,,3.48506704155555,2.742,1.76041559180605,0,float,,10.0,86.3585336945067,,,
ISL,2018,62.3,1.0,,4.66077036232377,2.704,2.68291768267392,0,float,,10.0,88.934996973139,,,
ISL,2019,65.7,-1.4,,1.13821227336888,3.507,3.01397179156061,0,float,,10.0,83.7923659518443,,,
ISL,2020,76.1,-8.8,,-6.64587810456635,5.478,2.84792401518657,0,float,,10.0,68.6550233460548,,,
ISL,2021,73.6,-8.0,,5.18057190719905,6.029,4.44423970189746,0,float,,10.0,76.2317249850944,,,
ISL,2022,66.4,-3.8,,8.85729897856851,3.789,8.30875511558912,0,float,,10.0,93.0164295134303,,,
ISL,2023,61.5,-2.3,,5.0322597376242,3.518,8.73630299937298,0,float,,10.0,87.2388810922276,,,
ISR,2000,77.2,-0.8,,8.59152200608253,11.102,1.03263640999489,0,float,,5.0,68.3981650564852,,,
ISR,2001,81.1,-4.1,,0.270471415054473,11.812,1.12302839116721,0,float,,5.0,62.1915859412765,,,
ISR,2002,87.2,-8.2,,-0.152880392675172,12.888,5.80234589468429,0,float,,5.0,65.5319511383591,,,
ISR,2003,89.7,-5.0,,1.43455918035305,13.505,0.70763061681807,0,float,,5.0,66.9479946684859,,,
ISR,2004,88.3,-3.4,,4.64944459908543,13.029,-0.421595034547416,0,float,,5.0,75.0388690350775,,,
ISR,2005,85.2,-2.7,,4.35256427740218,11.342,1.34070328119492,0,float,,5.0,78.416693799205,,,
ISR,2006,77.7,-0.9,,5.59106550120008,10.707,2.05407914587443,0,float,,5.0,78.5311825907368,,,
ISR,2007,70.8,-0.4,,6.31307137087018,9.379,0.466226972936065,0,float,,5.0,78.9364099576763,,,
ISR,2008,70.2,-3.5,,3.2158134842205,7.704,4.52744765138651,0,float,,5.0,75.4761705381509,,,
ISR,2009,72.6,-6.5,,1.22017480850096,9.534,3.3676231727125,0,float,,5.0,61.7597291545045,,,
ISR,2010,69.0,-3.7,,5.54470607068944,8.48,2.70270270270273,0,float,,5.0,65.717030394986,,,
ISR,2011,67.2,-3.4,,5.51341969081251,7.139,3.48837209302323,0,float,,5.0,69.0009721692523,,,
ISR,2012,66.9,-4.5,,2.40993765217618,6.762,1.67553715750052,0,float,,5.0,70.0759039186632,,,
ISR,2013,66.0,-4.1,,4.09013743330735,6.137,1.58976347421476,0,float,,5.0,64.2271703557815,,,
ISR,2014,65.8,-2.3,,3.718144149431,5.789,0.467557251908503,0,float,,5.0,61.8390527979395,,,
ISR,2015,62.8,-1.2,,2.23599889603805,5.176,-0.617342577642765,0,float,,5.0,59.0201557126784,,,
ISR,2016,61.7,-1.8,,4.53601939236572,4.723,-0.535168195718695,0,float,,5.0,57.9533051643572,,,
ISR,2017,59.8,-1.2,,4.34394518932547,4.14,0.249807840123008,0,float,,5.0,56.4519373834561,,,
ISR,2018,60.1,-3.6,,4.05349952888294,3.917,0.805060379528526,0,float,,5.0,58.8734013354625,,,
ISR,2019,59.3,-3.8,,3.57898762923605,3.731,0.817645940292794,0,float,,5.0,56.5281618447823,,,
ISR,2020,71.1,-10.6,,-1.80206927953466,4.169,-0.575254620897756,0,float,,5.0,51.1403984551453,,,
ISR,2021,67.7,-3.4,,9.33534690236249,4.812,1.47965474722561,0,float,,5.0,54.8184036562688,,,
ISR,2022,60.3,0.3,,6.36407234798706,3.695,4.41162725488371,0,float,,5.0,60.6358428266501,,,
ISR,2023,61.3,-5.4,,2.06272504731618,3.371,4.22522603168918,0,float,,5.0,57.977782328645,,,
ITA,1988,95.7,-10.6,,4.19437725054567,,5.05824747667119,0,fixed,,9.0,35.0303636931745,,,
ITA,1989,98.4,-10.9,,3.38838350504491,,6.25983137956977,0,fixed,,9.0,36.967566605846,,,
ITA,1990,101.7,-11.1,,1.98577491758405,,6.456609061464,0,fixed,,9.0,36.2382276733087,,,
ITA,1991,105.3,-11.1,,1.53844759206665,10.097,6.24999929790291,0,fixed,,9.0,33.8005339555877,,,
ITA,1992,113.0,-10.1,,0.834275417393798,9.321,5.2705899859293,0,fixed,,9.0,34.8334276236699,,,
ITA,1993,124.1,-9.8,,-0.852805731913904,10.212,4.62673468331298,0,fixed,,9.0,37.6724019624473,,,
ITA,1994,130.8,-8.8,,2.15102367074849,11.086,4.05184218065716,0,fixed,,9.0,40.3620026081266,,,
ITA,1995,119.1,-7.2,,2.88683671925843,11.661,5.23542258044301,0,fixed,,9.0,45.5795026636995,,,
ITA,1996,118.9,-6.6,,1.34558477192847,11.864,4.0069766898104,0,fixed,,9.0,42.8020490474117,,,
ITA,1997,116.5,-3.0,,1.92572122608527,11.985,2.04310779750136,0,fixed,,9.0,44.4771651978702,,,
ITA,1998,113.9,-3.0,,1.8043732818638,12.117,1.95508557719381,0,fixed,,9.0,44.997874273345,,,
ITA,1999,113.1,-1.8,,1.67799157943422,11.681,1.66345995007714,1,fixed,,9.0,44.5298402267013,,,
ITA,2000,108.7,-2.4,,3.88209885062652,10.834,2.53768532095002,1,fixed,,9.0,50.2747311455639,,,
ITA,2001,108.5,-3.2,,2.00643329837733,9.599,2.78516542713554,1,fixed,,9.0,49.8632723203495,,,
ITA,2002,105.9,-2.9,,0.26992966378873,9.211,2.46532319171165,1,fixed,,9.0,47.8713186791542,,,
ITA,2003,105.1,-3.2,,0.0665538088732092,8.869,2.6725555277285,1,fixed,,9.0,45.9940859777074,,,
ITA,2004,104.7,-3.5,,1.4740217064723,7.866,2.20673661423657,1,fixed,,9.0,47.2663923891771,,,
ITA,2005,106.2,-4.1,,0.762410677306491,7.73,1.9852929852798,1,fixed,,9.0,49.1221742288618,,,
ITA,2006,106.3,-3.6,,1.79947992234244,6.777,2.09084391012754,1,fixed,,9.0,52.9235429597012,,,
ITA,2007,103.5,-1.3,,1.46229205289291,6.076,1.82974112202403,1,fixed,,9.0,54.8280415572531,,,
ITA,2008,105.8,-2.6,,-1.02313851177097,6.723,3.34783258401022,1,fixed,,9.0,54.2142548956671,,,
ITA,2009,116.1,-5.1,,-5.30515401233991,7.749,0.774768131387381,1,fixed,,9.0,45.1414765721604,,,
ITA,2010,118.8,-4.2,,1.52910573247101,8.363,1.52551602118248,1,fixed,,9.0,51.6621118138339,,,
ITA,2011,119.1,-3.5,,0.695463154440176,8.359,2.78063272879323,1,fixed,,9.0,54.4722149449288,,,
ITA,2012,125.9,-3.0,,-3.12523877282996,10.655,3.04136333226775,1,fixed,,9.0,54.8844952702204,,,
ITA,2013,131.9,-2.9,,-1.81802510749792,12.149,1.21999342274306,1,fixed,,9.0,54.0341846317499,,,
ITA,2014,134.8,-2.8,,-0.00138761730454462,12.683,0.241047429826756,1,fixed,,9.0,54.4545299332032,,,
ITA,2015,134.8,-2.5,,0.885667635240807,11.896,0.0387903996579733,1,fixed,,9.0,55.4356858148221,,,
ITA,2016,134.2,-2.4,,1.23622108511661,11.688,-0.09401665691575,1,fixed,,9.0,54.4321467018313,,,
ITA,2017,133.7,-2.5,,1.60369995294101,11.211,1.22653316645812,1,fixed,,9.0,57.5829940274911,,,
ITA,2018,134.2,-2.2,,0.826646712344115,10.538,1.13748763600391,1,fixed,,9.0,59.2749835128154,,,
ITA,2019,133.9,-1.5,,0.429162533780342,9.884,0.611246943765304,1,fixed,,9.0,58.6941902594738,,,
ITA,2020,154.4,-9.4,,-8.86822122185345,9.192,-0.13770757391651,1,fixed,,9.0,53.9394839042764,,,
ITA,2021,145.8,-8.9,,8.93106210800055,9.497,1.87378325762481,1,fixed,,9.0,60.3019776202798,,,
ITA,2022,138.4,-8.1,,4.82117669913565,8.069,8.20128991161718,1,fixed,,9.0,72.0165023032697,,,
ITA,2023,133.9,-7.1,,0.922796543670316,7.627,5.62219442195901,1,fixed,,9.0,65.1028419441908,,,
JAM,1999,80.7,-3.4,,1.04767386709968,6.813,5.95423949113006,0,float,,5.0,,,,
JAM,2000,89.5,-0.8,,0.87870355044231,6.752,8.17108356120225,0,float,,5.0,,,,
JAM,2001,105.3,-4.8,,1.34492956615135,6.641,6.8019093078759,0,float,,5.0,,,,
JAM,2002,115.4,-6.6,,1.99729094191295,6.616,7.07635009310985,0,float,,5.0,,,,
JAM,2003,120.1,-5.4,,3.66631759041991,6.534,10.0869565217391,0,float,,5.0,,,,
JAM,2004,116.9,-4.6,,1.32372510450574,6.539,13.5545023696682,0,float,,5.0,,,,
JAM,2005,121.5,-3.2,,0.893797935409893,6.577,15.0528658875905,0,float,,5.0,,,,
JAM,2006,114.2,-4.7,,2.89912534481287,6.605,8.56106408706157,0,float,,5.0,,,,
JAM,2007,111.6,-3.7,,1.43195403769627,6.607,9.24482067275562,0,float,,5.0,,,,
JAM,2008,123.8,-7.3,,-0.811736702186792,6.666,22.0228384991843,0,float,,5.0,,,,
JAM,2009,138.3,-10.8,,-4.34530185828071,7.314,9.59224598930482,0,float,,5.0,,,,
JAM,2010,137.8,-6.2,,-1.45714720850386,7.63,12.6105519975603,0,float,,5.0,,,,
JAM,2011,135.9,-6.2,,1.73037627006349,8.034,7.555856465809,0,float,,5.0,,,,
JAM,2012,140.3,-4.0,,-0.613636042132399,8.695,6.87397708674309,0,float,,5.0,,,,
JAM,2013,135.2,0.1,,0.517686011311724,9.698,9.34150076569673,0,float,,5.0,,,,
JAM,2014,134.4,-0.5,,0.689822359762587,9.046,8.27407886231419,0,float,,5.0,,,,
JAM,2015,115.9,-0.3,,0.92148712399856,8.825,3.69154228855725,0,float,,5.0,,,,
JAM,2016,106.9,-0.2,,2.76043761369557,8.634,2.35102197485846,0,float,,5.0,,,,
JAM,2017,95.1,0.4,,2.29303371291363,7.399,4.37839864991561,0,float,,5.0,,,,
JAM,2018,88.3,1.1,,2.51584458612513,5.47,3.73663882152163,0,float,,5.0,,,,
JAM,2019,87.7,0.8,,1.80943147301357,4.987,3.90510000865872,0,float,,5.0,,,,
JAM,2020,101.3,-2.9,,-8.30441923583135,6.501,5.2267777929352,0,float,,5.0,,,,
JAM,2021,86.3,0.8,,5.70467978309095,5.188,5.86278242801063,0,float,,5.0,,,,
JAM,2022,70.2,0.3,,6.43930323656186,4.083,10.3495688391272,0,float,,5.0,,,,
JAM,2023,66.5,0.0,,2.74634433906714,3.022,6.47413734662063,0,float,,5.0,,,,
JOR,1988,159.7,-12.9,,1.46216981660774,,6.61322645290578,0,float,,5.0,108.124787197821,,,
JOR,1989,190.3,-6.8,,-10.7292192804856,,25.7127192982454,0,float,,5.0,130.44733044733,,,
JOR,1990,197.7,-6.8,,-0.275903907591626,,16.1921375615233,0,float,,5.0,149.4476838941,,,
JOR,1991,180.5,-8.1,,1.60853107260195,21.439,8.15549597855212,0,float,,5.0,137.261663286004,,,
JOR,1992,134.7,2.1,,14.3497760596895,19.947,3.9958356055719,0,float,,5.0,131.644698648349,,,
JOR,1993,122.1,-1.4,,4.48698977985747,19.7,3.31666666666706,0,float,,5.0,130.485233240655,,,
JOR,1994,112.1,-1.7,,4.9714766996471,16.894,3.51669624132886,0,float,,5.0,118.336176072338,,,
JOR,1995,102.4,-1.5,,6.20087444373824,14.6,2.35312451301273,0,float,,5.0,124.582688188008,,,
JOR,1996,101.2,-2.7,,2.08702078168048,13.7,6.50121802679586,0,float,,5.0,131.059123299943,,,
JOR,1997,94.7,-2.7,,3.30847538304697,13.74,3.0378842030025,0,float,,5.0,120.737112880307,,,
JOR,1998,96.3,-5.6,,3.0121726904659,13.841,3.09166666666703,0,float,,5.0,109.052402937716,,,
JOR,1999,98.7,-1.1,,3.38953079405096,13.763,0.606256567779427,0,float,,5.0,104.470373639306,,,
JOR,2000,89.9,-1.9,,4.24571192079151,13.7,0.66688092559796,0,float,,5.0,110.328904595996,,,
JOR,2001,85.5,-1.1,,5.26995757513606,14.7,1.77220437351017,0,float,,5.0,109.285478573786,,,
JOR,2002,85.9,-3.2,,5.78380792679309,15.3,1.83299389002049,0,float,,5.0,114.03885781572,,,
JOR,2003,80.4,-1.6,,4.16166755544363,14.5,1.62999999999998,0,float,,5.0,115.706835253918,,,
JOR,2004,73.8,0.6,,8.56721424236906,14.626,3.36186821476601,0,float,,5.0,134.621611934395,,,
JOR,2005,66.1,-2.2,,8.1465948107994,14.8,3.49368534619531,0,float,,5.0,146.908891279018,,,
JOR,2006,60.0,-1.9,,8.09297527811921,14.0,6.25172466656443,0,float,,5.0,141.747381831126,,,
JOR,2007,58.2,2.8,,8.17616995204655,13.1,4.74390639021648,0,float,,5.0,145.994246288526,,,
JOR,2008,47.9,1.9,,7.22038637280149,12.7,13.9712310012729,0,float,,5.0,,,,
JOR,2009,51.8,-2.3,,5.11667226950634,12.9,-0.739069743144777,0,float,,5.0,,,,
JOR,2010,53.4,0.2,,2.6377158262256,12.5,4.84551875852116,0,float,,5.0,,,,
JOR,2011,56.1,-1.2,,2.90729315392207,12.9,4.1624416292779,0,float,,5.0,,,,
JOR,2012,64.0,-3.3,,2.40465716535539,12.2,4.5152295667099,0,float,,5.0,,,,
JOR,2013,68.8,-8.8,,2.72311205964112,12.6,4.82462314269537,0,float,,5.0,,,,
JOR,2014,68.2,-6.8,,3.32287328047509,11.9,2.89947905006057,0,float,,5.0,,,,
JOR,2015,71.4,-5.2,,2.52261671092148,13.075,-0.876851359704049,0,float,,5.0,,,,
JOR,2016,70.7,-2.6,,2.11166806967252,15.275,-0.778430463054142,0,float,,5.0,,,,
JOR,2017,69.1,-3.2,,2.50770398070352,18.12,3.32389447576097,0,float,,5.0,,,,
JOR,2018,67.9,-4.2,,1.85383415616927,18.257,4.46231108475481,0,float,,5.0,,,,
JOR,2019,69.4,-5.1,,1.85633006592765,16.801,0.761514047265601,0,float,,5.0,,,,
JOR,2020,77.9,-7.6,,-1.15257534158022,19.213,0.333294350628378,0,float,,5.0,,,,
JOR,2021,79.9,-6.6,,3.75201276755828,19.837,1.34609377243118,0,float,,5.0,,,,
JOR,2022,80.7,-4.9,,2.7468615450031,18.2,4.22915568897117,0,float,,5.0,,,,
JOR,2023,81.0,-6.5,,3.12900102017251,16.62,2.08486986327134,0,float,,5.0,,,,
JPN,1980,41.4,-4.3,,2.81759120738283,,7.77858176555718,0,float,,10.0,26.0997494039533,,,
JPN,1981,45.8,-3.8,,4.20933646523171,,4.91216291820523,0,float,,10.0,26.4890191514286,,,
JPN,1982,50.1,-3.7,,3.31245673740017,,2.7410409556314,0,float,,10.0,26.1717807345409,,,
JPN,1983,55.1,-3.9,,3.52304498510377,,1.89971971348485,0,float,,10.0,24.0115515123488,,,
JPN,1984,56.9,-2.6,,4.50199481622435,,2.26161369193155,0,float,,10.0,25.2713308756106,,,
JPN,1985,59.2,-1.3,,5.23338094687848,,2.0322773460849,0,float,,10.0,23.6139918391258,,,
JPN,1986,64.2,-1.3,,3.32652561623384,,0.595586799453249,0,float,,10.0,17.4320039817075,,,
JPN,1987,65.7,-0.4,,4.73066586040017,,0.126176841696583,0,float,,10.0,16.4425335995343,,,
JPN,1988,62.4,0.5,,6.78502010955764,,0.678557580457558,0,float,,10.0,16.5402069067985,,,
JPN,1989,56.9,1.2,,4.85803768615389,,2.27228962064317,0,float,,10.0,18.1591145306772,,,
JPN,1990,54.8,1.9,,4.89271306574565,,3.0785162869516,0,float,,10.0,18.9369349833675,,,
JPN,1991,54.1,1.6,,3.41749676183089,2.059,3.25143848753308,0,float,,10.0,17.3931812597285,,,
JPN,1992,57.9,0.6,,0.848069581218368,2.158,1.7602830605927,0,float,,10.0,16.6670890619573,,,
JPN,1993,63.2,-2.3,,-0.517919847117952,2.539,1.24304589707924,0,float,,10.0,15.399061805981,,,
JPN,1994,73.3,-3.7,,0.99306636322622,2.89,0.695458057869004,0,float,,10.0,15.4842353027775,,,
JPN,1995,80.7,-4.2,,2.34205546196849,3.15,-0.127899045020446,0,float,,10.0,16.1166693561401,,,
JPN,1996,85.3,-4.8,,3.07546731409349,3.383,0.136600358575909,0,float,,10.0,17.8974380473791,,,
JPN,1997,91.3,-3.4,,1.36297109407448,3.374,1.74780458692133,0,float,,10.0,19.4062642232127,,,
JPN,1998,101.6,-9.9,,-1.77264091037956,4.078,0.661974191385911,0,float,,10.0,18.7651112452697,,,
JPN,1999,113.5,-6.7,,-0.347600398675738,4.677,-0.341296928327554,0,float,,10.0,17.9207503513808,,,
JPN,2000,118.5,-7.2,,2.97832688768516,4.748,-0.676578683595175,0,float,,10.0,19.2751936529389,,,
JPN,2001,126.8,-6.1,,0.284608556379041,5.02,-0.740055504162738,0,float,,10.0,19.2772303804527,,,
JPN,2002,134.6,-7.2,,0.0849888050363319,5.386,-0.923494026942321,0,float,,10.0,20.1432481553025,,,
JPN,2003,140.2,-7.3,,1.38010935830795,5.251,-0.256541816316025,0,float,,10.0,21.0750119103347,,,
JPN,2004,148.8,-5.3,,2.11294823723127,4.734,-0.00857338820310272,0,float,,10.0,23.4324185456932,,,
JPN,2005,153.4,-4.4,,1.8482813374834,4.446,-0.282946068764391,0,float,,10.0,25.9909279228382,,,
JPN,2006,152.1,-3.0,,1.54630843078741,4.192,0.249355116079085,0,float,,10.0,29.714872929485,,,
JPN,2007,150.4,-2.9,,1.72837912865577,3.888,0.060039454498669,0,float,,10.0,32.4957200262739,,,
JPN,2008,153.6,-4.1,,-1.16662209355141,4.002,1.3800788616492,0,float,,10.0,33.7738026089171,,,
JPN,2009,172.9,-9.6,,-5.9359411383964,5.068,-1.35283672951719,0,float,,10.0,24.1730393019729,,,
JPN,2010,178.6,-9.1,,4.13645589222239,5.102,-0.728243207517779,0,float,,10.0,28.2400150860666,,,
JPN,2011,190.6,-9.0,,-0.20035785332982,4.55,-0.27245561610124,0,float,,10.0,29.9713853558472,,,
JPN,2012,197.1,-8.2,,1.64893452981225,4.358,-0.0440645104432602,0,float,,10.0,30.174299547803,,,
JPN,2013,201.2,-7.6,,1.99727653399265,4.038,0.335037912184741,0,float,,10.0,33.5913694460807,,,
JPN,2014,203.6,-5.6,,0.905915486065865,3.589,2.75922671353253,0,float,,10.0,36.7643250218282,,,
JPN,2015,200.1,-3.6,,1.79997735783475,3.385,0.795279630579839,0,float,,10.0,34.7276305886293,,,
JPN,2016,202.1,-3.6,,0.704986495111257,3.132,-0.127258844489754,0,float,,10.0,30.6562793068554,,,
JPN,2017,203.1,-3.0,,1.62345062245441,2.822,0.484199796126385,0,float,,10.0,33.6888336792782,,,
JPN,2018,203.7,-2.4,,0.834143845965585,2.467,0.989094598021848,0,float,,10.0,35.8035749582494,,,
JPN,2019,206.3,-3.0,,-0.308496921143259,2.351,0.46877615938395,0,float,,10.0,34.3582972799989,,,
JPN,2020,228.8,-9.0,,-4.28327942675573,2.809,-0.024995834027731,0,float,,10.0,30.5192226892273,,,
JPN,2021,222.7,-6.3,,3.56419531474475,2.808,-0.233352779398264,0,float,,10.0,35.4253927340539,,,
JPN,2022,227.8,-4.2,,1.33164750653741,2.614,2.49770278172255,0,float,,10.0,44.86063102004,,,
JPN,2023,220.3,-2.4,,0.720785304749811,2.6,3.26813365933163,0,float,,10.0,43.5950833802735,,,
KAZ,2002,17.6,1.9,,9.79999999960842,9.33,5.83692452105643,0,float,,5.0,94.03168564978,,,
KAZ,2003,15.0,4.0,,9.30000000033759,8.78,6.4382181011894,0,float,,5.0,91.4633324250457,,,
KAZ,2004,11.4,3.3,,9.60000000136854,8.4,6.88205438981899,0,float,,5.0,96.4091997009336,,,
KAZ,2005,8.1,6.1,,9.69999999922682,8.13,7.57999929125766,0,float,,5.0,97.7625030243024,,,
KAZ,2006,6.7,7.7,,10.7,7.79,8.72169386091726,0,float,,5.0,91.4535267973373,,,
KAZ,2007,4.1,5.1,,8.89999999999405,7.26,10.8468362075557,0,float,,5.0,92.1616330969975,,,
KAZ,2008,6.8,1.2,,3.30000000021091,6.63,17.139899777207,0,float,,5.0,94.2948046483658,,,
KAZ,2009,10.2,-1.3,,1.19999999942873,6.55,7.31607858288578,0,float,,5.0,75.7660674636533,,,
KAZ,2010,10.7,1.5,,7.30000000329814,5.77,7.40046356341396,0,float,,5.0,74.1382658957842,,,
KAZ,2011,10.2,5.8,,7.40000000144188,5.39,8.4529046617679,0,float,,5.0,73.1178570509129,,,
KAZ,2012,12.1,4.4,,4.79999999528297,5.29,5.19568369035073,0,float,,5.0,73.7237324891671,,,
KAZ,2013,12.6,4.9,,5.99999999671084,5.2,5.94283871648418,0,float,,5.0,65.4076093299538,,,
KAZ,2014,14.5,2.5,,4.20000000566705,5.06,6.84944977003358,0,float,,5.0,64.9720346513507,,,
KAZ,2015,21.9,-6.3,,1.20000000053288,4.93,6.67828585615236,0,float,,5.0,53.0497288072652,,,
KAZ,2016,19.7,-4.5,,1.09999999910173,4.96,14.3610942386248,0,float,,5.0,60.3115965864153,,,
KAZ,2017,19.9,-4.3,,4.10000000257358,4.9,7.44266321306792,0,float,,5.0,56.825387935971,,,
KAZ,2018,20.3,2.6,,4.09999999309841,4.85,6.16366247577762,0,float,,5.0,63.5279565118188,,,
KAZ,2019,19.9,-0.6,,4.50000000091883,4.8,5.33356098916669,0,float,,5.0,64.8586165517565,,,
KAZ,2020,26.4,-7.0,,-2.49999999628,4.89,6.71815454861458,0,float,,5.0,57.0264423660931,,,
KAZ,2021,25.1,-5.0,,4.29999999729456,5.568,8.04147134028401,0,float,,5.0,58.6686085779207,,,
KAZ,2022,23.5,0.1,,3.19999999970734,4.86,15.0278644440851,0,float,,5.0,68.3343147415612,,,
KAZ,2023,23.0,-1.4,,5.09999999973641,4.835,14.5275597825952,0,float,,5.0,62.3342837675021,,,
KEN,1998,38.5,0.0,,3.29021372249065,2.843,6.72243650753928,0,float,,6.0,48.8972419400753,,,
KEN,1999,38.4,0.8,,2.30538859522412,2.884,5.74200109520484,0,float,,6.0,48.1922749889095,,,
KEN,2000,43.1,0.4,,0.599695390807426,2.884,9.98002515350979,0,float,,6.0,53.3090443862273,,,
KEN,2001,41.3,-0.5,,3.77990649795343,2.876,5.73859814341467,0,float,,6.0,55.9468360286644,,,
KEN,2002,42.0,-1.3,,0.546859530175595,2.916,1.96130821739162,0,float,,6.0,55.1726722640053,,,
KEN,2003,43.8,-0.7,,2.93247554570904,2.869,9.81569062979654,0,float,,6.0,54.132265895729,,,
KEN,2004,40.8,0.5,,5.10429977629738,2.844,11.6240355442426,0,float,,6.0,59.4770033484289,,,
KEN,2005,37.4,-0.2,,5.90666607980057,2.739,10.3127783574683,0,float,,6.0,64.4788661639796,,,
KEN,2006,37.1,-0.4,,6.47249430015484,2.673,14.4537342081708,0,float,,6.0,55.2364851257303,,,
KEN,2007,34.2,-1.0,,6.85072976998784,2.642,9.75888023027529,0,float,,6.0,53.8947888046059,,,
KEN,2008,34.3,-2.0,,0.232282744812977,2.751,26.2398166445063,0,float,,6.0,57.5785986473131,,,
KEN,2009,36.0,-3.1,,3.30693981631089,2.816,9.23412592394652,0,float,,6.0,45.9451918127805,,,
KEN,2010,36.7,-3.7,,8.05847360290906,2.793,3.96138889115385,0,float,,6.0,50.3942873502834,,,
KEN,2011,35.7,-3.6,,5.1211061197056,2.699,14.0224913014704,0,float,,6.0,58.4022059745625,,,
KEN,2012,37.6,-5.3,,4.56867961444982,2.678,9.37777003547598,0,float,,6.0,51.6236920232481,,,
KEN,2013,39.8,-5.2,,3.7978483925754,2.762,5.71749357037733,0,float,,6.0,47.4646425127304,,,
KEN,2014,41.3,-5.8,,5.02011100232484,2.767,6.87815499275949,0,float,,6.0,46.170489362216,,,
KEN,2015,45.8,-6.7,,4.96772112759767,2.762,6.58215429284779,0,float,,6.0,40.3273846919019,,,
KEN,2016,50.4,-7.5,,4.21351706814744,2.757,6.29724953814625,0,float,,6.0,34.8650195731824,,,
KEN,2017,53.9,-7.4,,3.83795817364721,3.542,8.00564967709945,0,float,,6.0,35.9950578754074,,,
KEN,2018,56.4,-6.9,,5.64794640709219,4.284,4.6898064677633,0,float,,6.0,34.4147531767425,,,
KEN,2019,59.1,-7.4,,5.11415885767801,5.014,5.23963795764792,0,float,,6.0,31.759461841481,,,
KEN,2020,68.0,-8.1,,-0.272766327438816,5.613,5.40516207933392,0,float,,6.0,30.3991387830411,,,
KEN,2021,68.2,-7.2,,7.59048947333467,5.693,6.10793603659176,0,float,,6.0,35.0020477795269,,,
KEN,2022,67.8,-6.0,,4.85998104287999,5.565,7.65986268272224,0,float,,6.0,40.2753238373561,,,
KEN,2023,73.4,-5.6,,5.71999241214208,5.409,7.67139634029402,0,float,,6.0,40.9337677377556,,,
KGZ,2000,123.3,-10.7,,5.44333663288322,2.143,18.7007342838023,0,float,,5.0,89.4309316270309,,,
KGZ,2001,108.2,-6.7,,5.32162141190466,2.273,6.9196798942304,0,float,,5.0,73.7469123687968,,,
KGZ,2002,107.9,-5.9,,-0.0173246130360667,2.416,2.13420986310243,0,float,,5.0,82.9207290212667,,,
KGZ,2003,108.2,-5.2,,7.03029319731168,2.548,2.97461295184355,0,float,,5.0,83.9327828079655,,,
KGZ,2004,92.7,-4.9,,7.02681242497607,2.68,4.11065084723381,0,float,,5.0,93.8157321567302,,,
KGZ,2005,85.7,-3.8,,-0.175515404044219,2.816,4.3386739184431,0,float,,5.0,95.0840046303638,,,
KGZ,2006,73.4,-2.1,,3.10289874199981,2.962,5.55212333162542,0,float,,5.0,120.749981766273,,,
KGZ,2007,57.7,1.3,,8.54287477507607,3.094,10.2301032660484,0,float,,5.0,137.058387838563,,,
KGZ,2008,49.0,1.9,,8.40161604861429,3.207,24.5201024234102,0,float,,5.0,146.106082230139,,,
KGZ,2009,58.5,0.4,,2.88629457537731,3.343,6.83656248105368,0,float,,5.0,133.379153167955,,,
KGZ,2010,59.7,-5.9,,-0.471566596791618,3.503,7.96772225579684,0,float,,5.0,133.232850492333,,,
KGZ,2011,50.1,-4.7,,5.95627429693504,3.644,16.6363262731495,0,float,,5.0,136.179840420492,,,
KGZ,2012,50.5,-5.9,,-0.0881501998439376,3.786,2.76844236540957,0,float,,5.0,139.675937840309,,,
KGZ,2013,47.1,-3.7,,10.9154694528045,3.881,6.61375202358082,0,float,,5.0,134.026785643922,,,
KGZ,2014,53.6,-3.1,,4.02403863083252,4.02,7.5342472977589,0,float,,5.0,125.126181075833,,,
KGZ,2015,67.1,-2.5,,3.87582544512439,4.138,6.50331838993384,0,float,,5.0,110.961570714633,,,
KGZ,2016,59.1,-5.8,,4.33585592190116,4.294,0.388838296895799,0,float,,5.0,105.823574017406,,,
KGZ,2017,58.8,-3.7,,4.73993722377884,4.425,3.1753098637994,0,float,,5.0,100.617445813258,,,
KGZ,2018,54.8,-0.6,,3.75791013557165,4.559,1.54266145238436,0,float,,5.0,98.8755599017608,,,
KGZ,2019,48.8,-0.1,,4.60062565707598,5.45,1.13362257718804,0,float,,5.0,94.4302823542939,,,
KGZ,2020,63.6,-3.1,,-7.14897757727955,5.945,6.32542296338078,0,float,,5.0,78.9922784304738,,,
KGZ,2021,56.2,-0.7,,5.50700762671923,5.149,11.9050398185147,0,float,,5.0,100.261376861569,,,
KGZ,2022,46.8,-0.3,,8.96750520041391,4.767,13.9229093174176,0,float,,5.0,133.786718048766,,,
KGZ,2023,42.0,1.6,,9.0132928339342,3.498,10.7532770416742,0,float,,5.0,132.373403912336,,,
KHM,1996,30.2,-7.5,,5.89750560694478,0.963,7.15086140872796,0,float,,2.0,69.161566797509,,,
KHM,1997,31.6,-3.7,,4.00662107873787,0.638,7.96021397777456,0,float,,2.0,78.9346444583816,,,
KHM,1998,37.2,-5.4,,4.68163210426384,0.712,14.8065035437763,0,float,,2.0,75.6194730009492,,,
KHM,1999,34.7,-3.8,,12.7053811380498,0.727,4.00820702088782,0,float,,2.0,94.1768880770207,,,
KHM,2000,34.1,-4.7,,9.99358032292079,0.745,-0.791992529473567,0,float,,2.0,110.397125303731,,,
KHM,2001,33.6,-5.0,,7.38971065070517,0.778,-0.600648300123686,0,float,,2.0,111.771741244001,,,
KHM,2002,37.8,-6.1,,6.26507280509637,0.862,0.211466568022607,0,float,,2.0,118.269562072288,,,
KHM,2003,39.6,-5.7,,10.2836813071691,0.909,0.94174611779921,0,float,,2.0,120.074969093599,,,
KHM,2004,38.1,-3.2,,9.45769481103929,1.004,4.31933677434786,0,float,,2.0,131.351481056276,,,
KHM,2005,31.3,-0.3,,13.3033338358455,1.061,6.61525912001587,0,float,,2.0,133.551965265648,,,
KHM,2006,26.6,-0.1,,10.9433600681694,1.16,5.81068550464306,0,float,,2.0,140.348734318483,,,
KHM,2007,25.3,0.6,,10.398458101201,1.257,8.70882770568049,0,float,,2.0,133.700023826819,,,
KHM,2008,22.7,0.4,,7.47636606631011,0.825,24.096851930605,0,float,,2.0,130.393510678736,,,
KHM,2009,23.1,-3.9,,4.07477850599065,0.579,-1.24171754189637,0,float,,2.0,102.2879490147,,,
KHM,2010,23.5,-3.1,,5.07691843229247,0.771,3.99639528107218,0,float,,2.0,109.998400607758,,,
KHM,2011,23.7,-3.7,,7.28665813879552,0.577,5.4784474961745,0,float,,2.0,109.790505166814,,,
KHM,2012,25.0,-3.6,,7.65025657870362,0.505,2.93431609293951,0,float,,2.0,116.740233418212,,,
KHM,2013,24.6,-2.0,,7.8574997554252,0.438,2.94162509547349,0,float,,2.0,124.887552768657,,,
KHM,2014,24.0,-1.2,,8.00032074618566,0.692,3.85568861424207,0,float,,2.0,124.454908526693,,,
KHM,2015,23.4,-0.7,,7.20703472529512,0.393,1.22393195511119,0,float,,2.0,122.109596815379,,,
KHM,2016,22.0,-0.3,,7.90550116130704,0.716,3.01913975139128,0,float,,2.0,122.704555602667,,,
KHM,2017,22.9,-0.8,,8.07503915535979,0.141,2.91263557371478,0,float,,2.0,121.155451298689,,,
KHM,2018,21.3,0.3,,8.77622376224463,0.129,2.45908515380146,0,float,,2.0,118.43765541305,,,
KHM,2019,21.2,2.2,,7.93695013588524,0.119,1.94257500833107,0,float,,2.0,115.736679072448,,,
KHM,2020,25.5,-2.6,,-3.55572193406549,0.172,2.9402951426397,0,float,,2.0,122.105396346568,,,
KHM,2021,26.4,-5.3,,3.08984284148661,0.396,2.92073477592949,0,float,,2.0,146.179846509715,,,
KHM,2022,25.3,-0.3,,5.12990110773977,0.245,5.34370264895437,0,float,,2.0,145.873632761406,,,
KHM,2023,26.3,-2.8,,5.00733043811898,0.256,2.12746796594194,0,float,,2.0,134.206842395931,,,
KIR,1988,2.5,,,22.0454150997514,,,0,float,,5.0,122.036005334661,,,
KIR,1989,5.0,,,-7.29244160715844,,,0,float,,5.0,130.515095044413,,,
KIR,1990,7.7,-4.6,,-6.38533433567764,,,0,float,,5.0,151.071702815406,,,
KIR,1991,8.4,3.9,,-5.64868397369625,,,0,float,,5.0,134.208841575688,,,
KIR,1992,7.3,0.8,,23.9592331951046,,,0,float,,5.0,111.772658653571,,,
KIR,1993,10.9,6.3,,-0.103994679118841,,,0,float,,5.0,98.1598665663915,,,
KIR,1994,12.3,0.7,,2.04525656211744,,,0,float,,5.0,82.9457558741754,,,
KIR,1995,12.3,-5.1,,2.75220829710202,,,0,float,,5.0,101.957881450808,,,
KIR,1996,11.0,-20.2,,-0.052046772241269,,,0,float,,5.0,86.6836326396114,,,
KIR,1997,10.7,5.9,,1.17713309543956,,,0,float,,5.0,93.8161911468459,,,
KIR,1998,9.8,14.6,,4.44227399222601,,,0,float,,5.0,85.0146347190889,,,
KIR,1999,11.8,-1.8,,-3.91423190476861,,,0,float,,5.0,100.617113467609,,,
KIR,2000,12.7,0.0,,6.74266531257052,,,0,float,,5.0,94.1665241313018,,,
KIR,2001,17.0,-10.9,,-3.14412917759699,,,0,float,,5.0,110.784733057905,,,
KIR,2002,13.3,3.1,,1.44715494184476,,,0,float,,5.0,125.625496108186,,,
KIR,2003,12.3,-8.9,,-1.57546689217141,,,0,float,,5.0,103.928965237073,,,
KIR,2004,13.6,-19.2,,-0.608967597152244,,,0,float,,5.0,101.359702114731,,,
KIR,2005,12.1,-10.0,,1.29243029465849,,,0,float,,5.0,123.594268587865,,,
KIR,2006,12.9,-12.3,,5.77693449836185,,,0,float,,5.0,94.0468138646475,,,
KIR,2007,11.1,-12.5,,3.05507981566669,,3.59252131266417,0,float,,5.0,96.159058729974,,,
KIR,2008,13.9,-15.8,,-2.98473121631831,,13.6653995252441,0,float,,5.0,95.4419286649569,,,
KIR,2009,10.3,-8.6,,0.536801194648319,,9.81643884508657,0,float,,5.0,97.6360608655351,,,
KIR,2010,9.4,-7.8,,1.2259519892488,,-3.89955040651649,0,float,,5.0,85.6972657116246,,,
KIR,2011,8.8,-17.6,,3.26372719532225,,1.4974097987597,0,float,,5.0,93.4314038207066,,,
KIR,2012,8.1,-5.4,,5.80365974645258,,-3.04586292775571,0,float,,5.0,96.1286959983954,,,
KIR,2013,8.9,11.8,,7.73092188699647,,-1.488059084681,0,float,,5.0,96.7814166724492,,,
KIR,2014,9.0,35.0,,1.26366268044595,,2.10398520925043,0,float,,5.0,104.187967755713,,,
KIR,2015,18.8,42.5,,11.2653209431294,,0.572015743634256,0,float,,5.0,109.889098401931,,,
KIR,2016,21.2,20.1,,7.08803465778669,,1.91731090233378,0,float,,5.0,111.269790749303,,,
KIR,2017,20.2,34.1,,3.71200171622053,,0.355520888546828,0,float,,5.0,100.49175257732,,,
KIR,2018,19.0,5.2,,3.42465753424656,,0.564030491493476,0,float,,5.0,83.2436102236422,,,
KIR,2019,18.5,10.8,,3.31125827814569,,-1.81307995302947,0,float,,5.0,98.3565819131955,,,
KIR,2020,21.0,3.6,,-1.28205128205127,,2.5532455441463,0,float,,5.0,78.4012076801363,,,
KIR,2021,17.3,-10.8,,8.44155844155846,,2.05361676773907,0,float,,5.0,74.450510015529,,,
KIR,2022,16.2,-18.2,,5.08982035928143,,5.34595440908904,0,float,,5.0,107.219771673316,,,
KIR,2023,11.3,1.8,,3.13390313390313,,9.28307374517721,0,float,,5.0,106.479772480068,,,
KNA,1996,50.7,-2.3,,5.84283802585985,,2.08657385169121,0,float,,5.0,,,,
KNA,1997,67.2,-2.3,,6.82396677607342,,8.90518339116016,0,float,,5.0,,,,
KNA,1998,79.0,-5.1,,-0.486745779185156,,3.44635865955273,0,float,,5.0,,,,
KNA,1999,89.2,-11.1,,3.21988642181456,,3.36303630363045,0,float,,5.0,,,,
KNA,2000,92.9,-12.8,,10.042808415173,,2.14885532743696,0,float,,5.0,,,,
KNA,2001,100.5,-10.4,,5.25344983010886,,2.30344748349255,0,float,,5.0,,,,
KNA,2002,115.2,-11.3,,1.36771507253633,,2.04109102620208,0,float,,5.0,,,,
KNA,2003,136.6,-5.5,,-3.93339486032939,,2.23543664374553,0,float,,5.0,,,,
KNA,2004,147.2,-6.3,,3.99634666125431,,2.31455462238093,0,float,,5.0,,,,
KNA,2005,124.0,-3.3,,9.73282070298016,,3.37781903988238,0,float,,5.0,,,,
KNA,2006,134.8,-1.3,,3.15038119968223,,8.48748575845879,0,float,,5.0,,,,
KNA,2007,130.1,-1.0,,0.600602326543751,,4.48088608614726,0,float,,5.0,,,,
KNA,2008,123.4,-1.6,,11.3170358267109,,5.30029675072584,0,float,,5.0,,,,
KNA,2009,129.1,-1.2,,-3.40474015376245,,2.05793709041836,0,float,,5.0,,,,
KNA,2010,134.9,-4.1,,-0.0541942065330545,,0.850878649795844,0,float,,5.0,,,,
KNA,2011,127.1,1.6,,1.61660730423688,,5.8351651957086,0,float,,5.0,,,,
KNA,2012,118.0,4.2,,-0.737636737448398,,0.816089281562459,0,float,,5.0,,,,
KNA,2013,89.3,10.7,,5.72728087234704,,1.10698554000129,0,float,,5.0,,,,
KNA,2014,67.9,8.3,,7.57696602328922,,0.247865392364942,0,float,,5.0,,,,
KNA,2015,62.2,5.7,,0.694135527876625,,-2.30187563045616,0,float,,5.0,,,,
KNA,2016,57.4,3.8,,3.93270319273282,,-0.687037123294039,0,float,,5.0,,,,
KNA,2017,56.2,1.7,,0.220941147299996,,0.694916711613604,0,float,,5.0,,,,
KNA,2018,54.7,1.8,,2.00352549800972,,-1.03712214131572,0,float,,5.0,,,,
KNA,2019,57.2,-0.7,,2.93824658056356,,-0.329562063663977,0,float,,5.0,,,,
KNA,2020,71.7,-3.1,,-15.3018891740649,,-1.16724501769353,0,float,,5.0,,,,
KNA,2021,73.0,5.5,,0.367606879216311,,1.195688870384,0,float,,5.0,,,,
KNA,2022,64.5,-4.2,,10.4804941546807,,2.66817533111249,0,float,,5.0,,,,
KNA,2023,60.0,0.2,,3.02127526129283,,3.55711230848243,0,float,,5.0,,,,
KOR,1990,12.8,,,10.0248996213899,,8.57327225728677,0,float,,8.0,49.1903734944072,,,
KOR,1991,11.9,,,10.8749739277708,2.407,9.33279048161495,0,float,,8.0,48.2898598963294,,,
KOR,1992,11.6,,,6.35159199606441,2.513,6.21328146355184,0,float,,8.0,47.2068242485094,,,
KOR,1993,10.9,,,6.99471791742556,2.878,4.80099660215354,0,float,,8.0,45.4216180794097,,,
KOR,1994,9.6,,,9.3718357757101,2.476,6.26585950039679,0,float,,8.0,47.7418242135125,,,
KOR,1995,8.5,2.2,,9.7358937505409,2.063,4.48074108557248,0,float,,8.0,51.3967337856387,,,
KOR,1996,7.8,2.3,,7.99042982526839,2.048,4.92454354292754,0,float,,8.0,51.6134521171463,,,
KOR,1997,9.7,2.3,,6.2821926537929,2.608,4.4389318457463,0,float,,8.0,55.894947743273,,,
KOR,1998,13.8,1.1,,-4.9389297463141,6.963,7.51358008079307,0,float,,8.0,66.3289851108207,,,
KOR,1999,15.8,1.1,,11.6172629559591,6.342,0.81295725444637,0,float,,8.0,57.8948578896383,,,
KOR,2000,16.1,3.9,,9.2018583880479,4.063,2.25916580080157,0,float,,8.0,64.0588155729056,,,
KOR,2001,16.6,2.4,,4.72593560322356,3.699,4.06657587897792,0,float,,8.0,60.4277386641693,,,
KOR,2002,16.4,3.2,,7.74399895319569,3.046,2.76226210296599,0,float,,8.0,56.6688767960273,,,
KOR,2003,19.1,1.5,,3.07472661826947,3.348,3.51487451459939,0,float,,8.0,59.4242945541732,,,
KOR,2004,21.6,0.1,,5.1836368597334,3.42,3.59066298882578,0,float,,8.0,67.9270638751076,,,
KOR,2005,24.9,1.0,,4.35823667337156,3.482,2.75379162735039,0,float,,8.0,66.1695148242697,,,
KOR,2006,27.0,1.2,,5.24500550580342,3.254,2.24234028518921,0,float,,8.0,68.3749509402263,,,
KOR,2007,26.3,2.5,,5.8419633918717,3.013,2.53457382137932,0,float,,8.0,71.3239614988013,,,
KOR,2008,25.9,1.6,,3.00440451679569,2.959,4.67389655533408,0,float,,8.0,92.0833544961819,,,
KOR,2009,28.8,0.2,,0.81986175641795,3.363,2.7564965449393,0,float,,8.0,83.1246099057162,,,
KOR,2010,28.3,1.6,,6.98166138853071,3.324,2.93928652655686,0,float,,8.0,88.0278677123124,,,
KOR,2011,31.7,1.7,,3.6880320602952,2.992,4.0259650043609,0,float,,8.0,101.68061646213,,,
KOR,2012,33.5,1.6,,2.54766550568242,2.812,2.18707104433314,0,float,,8.0,101.51727207905,,,
KOR,2013,36.0,0.8,,3.2913959543442,3.067,1.30134754547413,0,float,,8.0,94.1675235855873,,,
KOR,2014,37.9,0.6,,3.21468019683108,3.082,1.27477446401322,0,float,,8.0,86.9342577972039,,,
KOR,2015,38.8,0.5,,2.92029267301234,3.546,0.70633177245575,0,float,,8.0,75.3881774564907,,,
KOR,2016,39.1,1.6,,3.17152748983935,3.65,0.971685739912168,0,float,,8.0,69.8997221316919,,,
KOR,2017,38.0,2.1,,3.433191763972,3.653,1.94433230786366,0,float,,8.0,73.1921408264016,,,
KOR,2018,37.9,2.4,,3.17611568177327,3.824,1.47583935002645,0,float,,8.0,74.7075162140824,,,
KOR,2019,39.7,0.4,,2.31380210595475,3.746,0.383000303608136,0,float,,8.0,71.4470632403511,,,
KOR,2020,45.9,-2.1,,-0.700242317542106,3.931,0.537288023411737,0,float,,8.0,65.544957860621,,,
KOR,2021,48.0,0.0,,4.61296795454287,3.639,2.49833333333339,0,float,,8.0,75.3063047610912,,,
KOR,2022,49.8,-1.5,,2.72756456708991,2.857,5.08951365062842,0,float,,8.0,90.5851475278549,,,
KOR,2023,50.5,-0.7,,1.58301467403629,2.675,3.5974562502901,0,float,,8.0,82.2580090716629,,,
KWT,1991,45.3,-144.5,,-41.007790668086,0.884,9.05818836232758,0,float,,5.0,142.612954265862,,,
KWT,1992,27.9,-28.0,,82.8093290262528,0.878,-0.54547121378821,0,float,,5.0,94.6880649671661,,,
KWT,1993,28.8,-3.2,,33.9904675559008,0.8,0.382541365165916,0,float,,5.0,92.057035197515,,,
KWT,1994,37.7,1.7,,8.43616564472201,0.7,2.53443526170792,0,float,,5.0,93.1842842757839,,,
KWT,1995,34.9,11.7,,4.85829125202741,0.694,2.68672756582484,0,float,,5.0,94.3196243483405,,,
KWT,1996,26.5,24.2,,0.605127158807079,0.7,3.55398569684287,0,float,,5.0,91.4721447434007,,,
KWT,1997,24.3,29.4,,2.47332525804084,0.7,0.682191434707604,0,float,,5.0,92.4435465476229,,,
KWT,1998,25.6,19.4,,3.66205472795443,0.7,0.129658287674027,0,float,,5.0,94.9598431670145,,,
KWT,1999,25.5,28.0,,-1.78900912450079,0.7,2.99081035923166,0,float,,5.0,85.3681145511849,,,
KWT,2000,21.4,52.3,,4.69458187079211,0.8,1.81294613887089,0,float,,5.0,86.618324503254,,,
KWT,2001,23.0,44.9,,0.213332576499354,0.8,1.29999999999999,0,float,,5.0,86.8504672897196,,,
KWT,2002,21.3,30.9,,3.01428315192251,1.1,0.888450148074907,0,float,,5.0,81.2251941328732,,,
KWT,2003,17.2,27.0,,17.3260204175143,1.3,0.961350293542112,0,float,,5.0,86.5551755074577,,,
KWT,2004,13.9,32.3,,10.2402980586354,1.7,1.24856443679889,0,float,,5.0,89.2976416790834,,,
KWT,2005,10.2,38.8,,10.6090449840228,1.455,4.14297583631023,0,float,,5.0,92.2426800942645,,,
KWT,2006,7.8,27.8,,7.51477300024021,1.3,3.05701339166722,0,float,,5.0,89.7130931980522,,,
KWT,2007,7.0,36.9,,5.99157551059315,1.5,5.48494983277596,0,float,,5.0,91.7325033915889,,,
KWT,2008,5.4,21.2,,2.47975694278544,1.75,10.5827097865144,0,float,,5.0,92.6834562516721,,,
KWT,2009,6.7,31.1,,-7.07605643073411,1.64,4.60959548447787,0,float,,5.0,88.8110649851457,,,
KWT,2010,6.2,31.7,,-2.37054804425912,1.82,4.49640287769787,0,float,,5.0,97.0280216600064,,,
KWT,2011,4.6,38.6,,9.62863419534361,2.051,4.8394034987095,0,float,,5.0,99.1164927646913,,,
KWT,2012,3.6,40.5,,6.62587485078971,2.227,3.25514600287211,0,float,,5.0,101.011435104032,,,
KWT,2013,3.1,40.4,,1.14946552780648,2.465,2.68229684085039,0,float,,5.0,97.6054913328151,,,
KWT,2014,3.4,29.8,,0.500914669444924,2.9,2.90892672858625,0,float,,5.0,100.037189841844,,,
KWT,2015,4.6,16.3,,0.592770817217982,2.2,3.27170166092133,0,float,,5.0,98.6999884455485,,,
KWT,2016,9.9,12.8,,2.92607584256388,2.16,3.19839776658374,0,float,,5.0,96.1576723758617,,,
KWT,2017,19.6,15.3,,-4.71222270495362,2.23,2.17183298510006,0,float,,5.0,97.840046457409,,,
KWT,2018,14.3,17.6,,2.74333045031415,2.202,0.543133148199567,0,float,,5.0,102.785630655,,,
KWT,2019,10.5,13.0,,2.26381706595791,2.213,1.09184802655856,0,float,,5.0,91.6857123895953,,,
KWT,2020,10.2,0.2,,-4.81731593381585,3.489,2.101729548274,0,float,,5.0,82.0125101293052,,,
KWT,2021,7.2,10.0,,1.67213054307859,2.97,3.42362947609188,0,float,,5.0,82.0003751775886,,,
KWT,2022,3.0,30.0,,6.75866711966617,2.133,3.98064961990313,0,float,,5.0,90.9188102023425,,,
KWT,2023,3.1,28.2,,-1.64087799968877,2.08,3.64216403030709,0,float,,5.0,96.0343509693162,,,
LAO,2001,94.7,-3.7,,5.75141287983195,1.881,7.81180794783471,0,float,,1.0,65.8994368798482,,,
LAO,2002,95.3,-2.8,,5.91874368370564,1.775,10.6313446323333,0,float,,1.0,67.2549028523532,,,
LAO,2003,90.1,-3.9,,6.06700230344272,1.639,15.4893529233525,0,float,,1.0,60.572095882788,,,
LAO,2004,80.7,-1.8,,6.35769548008234,1.498,10.4622667314208,0,float,,1.0,66.0797516222837,,,
LAO,2005,73.2,-2.5,,7.10756836811267,1.35,7.16541759946639,0,float,,1.0,71.7926462737852,,,
LAO,2006,60.0,-1.5,,8.61926620832807,1.199,6.54559439052787,0,float,,1.0,81.9613754162421,,,
LAO,2007,55.9,-1.1,,7.59682880054878,1.068,4.66197269469701,0,float,,1.0,79.2126289035269,,,
LAO,2008,51.7,-1.9,,7.82490276337012,0.944,7.62880887577516,0,float,,1.0,81.8491820941317,,,
LAO,2009,51.8,-3.1,,7.50177491225853,0.835,0.141187674980385,0,float,,1.0,76.930826218652,,,
LAO,2010,49.3,-1.5,,8.52690551739717,0.708,5.98254521550082,0,float,,1.0,84.7203378916677,,,
LAO,2011,43.0,-1.4,,8.03865268023725,0.96,7.5689885610998,0,float,,1.0,91.6986958680216,,,
LAO,2012,46.1,-2.3,,8.02609843461283,1.208,4.2551267783209,0,float,,1.0,98.1851264313662,,,
LAO,2013,49.5,-4.0,,8.02630022699017,1.469,6.37142717782947,0,float,,1.0,98.1791466159604,,,
LAO,2014,53.5,-3.1,,7.61196343979319,1.733,4.12924306873771,0,float,,1.0,99.0597382933399,,,
LAO,2015,53.1,-5.6,,7.27006584373785,2.006,1.27735427102992,0,float,,1.0,85.798321703681,,,
LAO,2016,54.5,-5.1,,7.02283625501138,2.634,1.59691227583204,0,float,,1.0,75.0918909204124,,,
LAO,2017,57.2,-5.5,,6.8925308726989,3.268,0.825478607568026,0,float,,1.0,,,,
LAO,2018,60.6,-4.5,,6.24796000755872,2.897,2.04039266890201,0,float,,1.0,,,,
LAO,2019,69.1,-3.2,,5.4577350924848,2.531,3.32255881256925,0,float,,1.0,,,,
LAO,2020,75.4,-5.4,,0.503031829018681,2.349,5.10407262959919,0,float,,1.0,,,,
LAO,2021,92.2,-0.7,,2.52835100486102,2.08,3.75562036658877,0,float,,1.0,,,,
LAO,2022,115.7,0.1,,2.70742652643155,1.209,22.9562225132056,0,float,,1.0,,,,
LAO,2023,108.9,0.0,,3.74568140158232,1.186,31.2301341732646,0,float,,1.0,,,,
LBN,2000,148.1,-23.9,,1.34187161970405,8.641,,0,float,,5.0,50.1152959262106,,,
LBN,2001,163.1,-21.0,,3.83966927702973,8.499,,0,float,,5.0,55.5568083587026,,,
LBN,2002,163.1,-16.2,,3.42314982843781,8.248,,0,float,,5.0,51.0425325574951,,,
LBN,2003,171.3,-14.0,,3.22709826879041,8.061,,0,float,,5.0,54.0908340214699,,,
LBN,2004,169.5,-9.8,,6.67944461641103,7.85,,0,float,,5.0,90.9727970270956,,,
LBN,2005,178.9,-8.6,,2.68577931016345,8.249,,0,float,,5.0,92.762656272585,,,
LBN,2006,183.3,-10.6,,1.54951500083213,8.679,,0,float,,5.0,91.0693970298409,,,
LBN,2007,169.3,-10.9,,9.31062252641144,8.98,,0,float,,5.0,97.9677079660494,,,
LBN,2008,161.5,-9.9,,9.06912826789082,7.666,,0,float,,5.0,106.625673176194,,,
LBN,2009,144.5,-8.1,,10.232155577776,6.355,1.19509671165543,0,float,,5.0,90.3978388619092,,,
LBN,2010,136.8,-7.5,,7.97513555844932,6.768,3.98347941855833,0,float,,5.0,95.0966529416243,,,
LBN,2011,134.4,-5.9,,0.86733987855277,7.352,4.97148571692384,0,float,,5.0,102.139882412503,,,
LBN,2012,131.1,-8.4,,2.56479133680038,7.952,6.58147447683677,0,float,,5.0,88.5455019230591,,,
LBN,2013,135.4,-8.8,,3.8278734986016,8.477,4.82101956297399,0,float,,5.0,86.1743285920565,,,
LBN,2014,138.5,-6.2,,2.48406010500743,8.84,1.8546042134091,0,float,,5.0,79.8171565925627,,,
LBN,2015,140.9,-7.5,,0.462320792597581,9.312,-3.74914524799629,0,float,,5.0,71.8390426347811,,,
LBN,2016,147.9,-9.0,,1.55454940856943,9.794,-0.783359624361508,0,float,,5.0,67.7236177908116,,,
LBN,2017,150.4,-8.7,,0.903028464073813,10.258,4.32135218303191,0,float,,5.0,68.4554292593276,,,
LBN,2018,154.0,-11.2,,-1.88470575631651,10.755,6.07698907889607,0,float,,5.0,68.2573073043718,,,
LBN,2019,171.9,-10.5,,-6.91492472851026,11.301,3.00538949390383,0,float,,5.0,62.98091601016,,,
LBN,2020,157.2,-7.8,,-21.3998996914321,13.252,84.8643330472041,0,float,,5.0,50.1298042879627,,,
LBN,2021,345.5,-2.6,,-7.00123862514116,12.715,154.756096023393,0,float,,5.0,78.8286204025241,,,
LBN,2022,235.9,-7.5,,-0.621678970663112,11.105,171.205491336641,0,float,,5.0,114.888278265666,,,
LBN,2023,185.8,-1.6,,-0.760584470257314,10.985,221.341644023365,0,float,,5.0,104.206410069182,,,
LBR,2000,468.1,-0.1,,28.6159342546183,2.018,,0,float,,5.0,,,,
LBR,2001,465.2,-0.9,,2.92027476569781,2.104,,0,float,,5.0,,,,
LBR,2002,463.6,-1.6,,3.76301761700071,2.222,14.1596470116325,0,float,,5.0,,,,
LBR,2003,600.1,0.4,,-30.145132727942,2.42,10.3302881236823,0,float,,5.0,,,,
LBR,2004,543.4,-0.6,,2.61984689477413,2.424,7.82908704883235,0,float,,5.0,,,,
LBR,2005,488.5,-0.5,,5.28121245309295,2.413,10.8343588481414,0,float,,5.0,,,,
LBR,2006,450.9,4.2,,8.04390997190059,2.28,7.34144608278558,0,float,,5.0,,,,
LBR,2007,366.8,2.3,,9.53527536282282,2.232,11.3918966807102,0,float,,5.0,,,,
LBR,2008,235.3,-2.7,,7.14569112811476,2.221,17.489448642993,0,float,,5.0,,,,
LBR,2009,132.2,-1.4,,5.30054050291531,2.241,7.42764305914919,0,float,,5.0,,,,
LBR,2010,25.4,1.2,,6.09982524004147,2.266,7.28992796890218,0,float,,5.0,,,,
LBR,2011,22.5,-4.4,,8.20076822497064,2.211,8.488167518494,0,float,,5.0,,,,
LBR,2012,20.5,-2.9,,7.99381444555367,2.146,6.83178703418548,0,float,,5.0,,,,
LBR,2013,20.6,1.3,,8.68728781639683,2.08,7.577306817414,0,float,,5.0,,,,
LBR,2014,24.3,-4.9,,0.701393100287518,2.079,9.86111285574904,0,float,,5.0,,,,
LBR,2015,24.4,-3.7,,-0.0185649695590939,2.557,7.74869687621322,0,float,,5.0,,,,
LBR,2016,28.0,-3.8,,-1.5549586174878,3.081,8.83424868336488,0,float,,5.0,,,,
LBR,2017,31.8,-7.1,,2.45515592012239,3.067,12.4196323907138,0,float,,5.0,,,,
LBR,2018,36.2,-4.7,,1.15757512207355,3.058,23.5635148953742,0,float,,5.0,,,,
LBR,2019,48.1,-4.9,,-2.46729763532686,3.071,26.9662760197878,0,float,,5.0,,,,
LBR,2020,58.5,-4.0,,-2.98249127649473,4.102,16.9557241496255,0,float,,5.0,,,,
LBR,2021,53.5,-2.5,,4.98671283481617,3.844,7.81559385858648,0,float,,5.0,,,,
LBR,2022,54.4,-5.8,,4.80810517290655,2.956,7.59298486560313,0,float,,5.0,,,,
LBR,2023,57.2,-8.5,,4.68375688761311,2.905,10.0944535665552,0,float,,5.0,,,,
LCA,1990,16.7,0.3,,9.89070151995526,,4.26755662855972,0,float,,5.0,,,,
LCA,1991,19.3,-0.4,,0.375678035079076,16.521,6.14955053119049,0,float,,5.0,,,,
LCA,1992,22.1,-0.7,,7.9530753604442,16.549,5.13889779944828,0,float,,5.0,,,,
LCA,1993,22.7,-0.3,,0.583199758222051,16.8,0.848181596289603,0,float,,5.0,,,,
LCA,1994,23.4,0.0,,1.59856016206341,17.0,2.81591665153968,0,float,,5.0,,,,
LCA,1995,22.7,-0.1,,1.74822586503767,15.83,5.62965921512378,0,float,,5.0,,,,
LCA,1996,23.9,-0.6,,2.92258795742219,16.33,0.924842609615973,0,float,,5.0,,,,
LCA,1997,26.6,-1.1,,-0.694130142059308,20.47,-0.0055202870547238,0,float,,5.0,,,,
LCA,1998,29.1,2.2,,6.28647121511862,21.6,3.20194341679091,0,float,,5.0,,,,
LCA,1999,28.8,1.6,,2.67060351127419,18.09,3.50379784108942,0,float,,5.0,,,,
LCA,2000,32.8,-1.2,,0.0487485535201131,16.49,3.7107860871361,0,float,,5.0,,,,
LCA,2001,38.0,-3.1,,-3.40806396189404,18.538,5.30722081028547,0,float,,5.0,,,,
LCA,2002,47.7,-3.0,,0.416450493043214,20.39,-0.255536626916508,0,float,,5.0,,,,
LCA,2003,44.7,-3.2,,4.26461148738223,22.18,1.03425372426221,0,float,,5.0,,,,
LCA,2004,48.8,-2.6,,7.2674088699471,20.97,1.46036814425245,0,float,,5.0,,,,
LCA,2005,50.4,-6.0,,-0.410304726290235,18.7,3.89827370759476,0,float,,5.0,,,,
LCA,2006,48.0,-5.0,,6.19525729141048,16.0,2.39562082529168,0,float,,5.0,,,,
LCA,2007,48.2,-1.6,,1.69161857433913,14.0,2.82310373736929,0,float,,5.0,,,,
LCA,2008,46.9,-0.7,,4.94932194028057,12.72,5.54954769383937,0,float,,5.0,,,,
LCA,2009,50.2,-2.6,,-2.82889954830628,15.37,-0.156936087168669,0,float,,5.0,,,,
LCA,2010,52.2,-4.1,,0.330018546071486,17.118,3.25034409180129,0,float,,5.0,,,,
LCA,2011,54.9,-5.4,,4.32694280532142,18.86,2.76940794144093,0,float,,5.0,,,,
LCA,2012,60.2,-6.9,,-0.108756148262358,19.06,4.17763587102515,0,float,,5.0,,,,
LCA,2013,61.2,-4.0,,-1.81877603735991,22.21,1.46856511035428,0,float,,5.0,,,,
LCA,2014,61.9,-2.3,,1.32809022110105,21.583,3.51695551369241,0,float,,5.0,,,,
LCA,2015,60.6,-1.2,,0.101917836412952,20.84,-0.983600952696996,0,float,,5.0,,,,
LCA,2016,60.2,-1.5,,3.42787214525211,19.932,-3.07821765676927,0,float,,5.0,,,,
LCA,2017,59.9,-2.1,,3.37982617272246,19.136,0.104262078958441,0,float,,5.0,,,,
LCA,2018,60.3,-1.2,,2.88677902171601,19.329,1.93561893150602,0,float,,5.0,,,,
LCA,2019,62.1,-2.9,,-1.0293678947917,15.613,0.539087559191757,0,float,,5.0,,,,
LCA,2020,94.4,-11.5,,-22.9005138634176,25.224,-1.75580833517594,0,float,,5.0,,,,
LCA,2021,81.9,-5.4,,11.1466993240856,20.514,2.41070312174393,0,float,,5.0,,,,
LCA,2022,73.9,-2.5,,19.3456795355342,15.934,9.65268564265764,0,float,,5.0,,,,
LCA,2023,75.2,-3.2,,3.90774802925928,12.094,3.81914546156358,0,float,,5.0,,,,
LIE,2011,0.4,2.0,,,,,0,float,,5.0,,,,
LIE,2012,0.5,-2.5,,,,,0,float,,5.0,,,,
LIE,2013,0.4,-1.3,,,,,0,float,,5.0,,,,
LIE,2014,0.5,2.2,,,,,0,float,,5.0,,,,
LIE,2015,0.5,3.6,,,,,0,float,,5.0,,,,
LIE,2016,0.4,3.0,,,,,0,float,,5.0,,,,
LIE,2017,0.6,2.8,,,,,0,float,,5.0,,,,
LIE,2018,0.5,2.8,,,,,0,float,,5.0,,,,
LIE,2019,0.6,3.6,,,,,0,float,,5.0,,,,
LIE,2020,0.5,7.4,,,,,0,float,,5.0,,,,
LIE,2021,0.5,2.4,,,,,0,float,,5.0,,,,
LIE,2022,0.5,3.3,,,,,0,float,,5.0,,,,
LIE,2023,0.5,4.4,,,,,0,float,,5.0,,,,
LKA,1990,78.9,-6.4,,6.39999531084838,,21.495252052759,0,float,,5.0,68.243915172911,,,
LKA,1991,80.5,-8.0,,4.59998724404535,14.661,12.1856307214389,0,float,,5.0,67.5959123930763,,,
LKA,1992,77.9,-5.0,,4.39999125181939,14.22,11.3834370512206,0,float,,5.0,72.8037565573982,,,
LKA,1993,79.2,-5.8,,6.90006325149474,13.82,11.7467370174946,0,float,,5.0,77.1475183409566,,,
LKA,1994,77.9,-7.4,,5.59991872510166,13.03,8.44871248698348,0,float,,5.0,79.4307906970319,,,
LKA,1995,77.8,-7.1,,5.5000852341585,12.27,7.67484873449805,0,float,,5.0,81.6350490886111,,,
LKA,1996,76.2,-6.9,,3.79996720568178,11.35,15.9358310447214,0,float,,5.0,78.8739637143809,,,
LKA,1997,70.1,-5.7,,6.40539969571286,10.6,9.57369626405162,0,float,,5.0,80.1375533095503,,,
LKA,1998,74.2,-6.8,,4.69842304772052,9.17,9.36424300683229,0,float,,5.0,78.4949891255872,,,
LKA,1999,77.7,-5.6,,4.30054049813373,8.88,4.69170563048438,0,float,,5.0,78.7514783496374,,,
LKA,2000,79.2,-7.8,,6.00003315828934,7.74,6.17627591012045,0,float,,5.0,88.636441704913,,,
LKA,2001,84.4,-8.5,,-1.54540813366026,7.9,14.15845579912,0,float,,5.0,80.8986015327576,,,
LKA,2002,96.3,-6.9,,3.96467568513113,8.76,9.55103167007251,0,float,,5.0,76.3351317826517,,,
LKA,2003,86.5,-6.2,,5.9402690780223,8.22,6.31463787051174,0,float,,5.0,75.336247330543,,,
LKA,2004,86.5,-6.3,,5.44506127885352,8.38,7.57592582995856,0,float,,5.0,79.4829449011187,,,
LKA,2005,76.6,-5.9,,6.24174804376447,7.67,11.6396860971118,0,float,,5.0,73.6039729580533,,,
LKA,2006,74.3,-5.9,,7.66829190107919,6.5,10.0201836057035,0,float,,5.0,71.2611784883009,,,
LKA,2007,71.8,-5.8,,6.79682611892866,5.97,15.8421114924843,0,float,,5.0,68.6065116601391,,,
LKA,2008,68.8,-5.9,,5.95008814473897,5.22,22.5644955300126,0,float,,5.0,63.369043608222,,,
LKA,2009,72.8,-8.3,,3.53891205317842,5.85,3.46496322106074,0,float,,5.0,49.1491415308235,,,
LKA,2010,68.7,-6.7,,8.01596737040464,4.784,6.2176488930462,0,float,,5.0,,,,
LKA,2011,69.4,-6.0,,8.66948301160571,4.118,6.7167684358854,0,float,,5.0,,,,
LKA,2012,67.5,-5.4,,8.6321813769906,3.88,7.54291373239437,0,float,,5.0,,,,
LKA,2013,69.5,-5.0,,4.0517463303875,4.186,6.90845034828452,0,float,,5.0,,,,
LKA,2014,69.6,-6.0,,6.37797889684965,4.157,3.1790022823606,0,float,,5.0,,,,
LKA,2015,76.3,-6.6,,4.20595547501601,4.519,3.76836783062096,0,float,,5.0,46.9179708088698,,,
LKA,2016,75.0,-5.0,,5.05362488993089,4.242,3.9588884659307,0,float,,5.0,46.4715370250761,,,
LKA,2017,72.3,-5.1,,6.46068127080994,4.046,7.70413767850602,0,float,,5.0,47.1404098001494,,,
LKA,2018,83.6,-5.0,,2.31008425504933,4.318,2.135037737132,0,float,,5.0,49.8093967520437,,,
LKA,2019,82.6,-7.5,,-0.220483886824823,4.67,3.52839358231811,0,float,,5.0,49.4255238852768,,,
LKA,2020,96.9,-13.4,,-4.62451503712715,5.364,6.15394508391738,0,float,,5.0,37.0891188568192,,,
LKA,2021,102.7,-11.7,,4.2074764950026,4.981,7.01478071238195,0,float,,5.0,41.2288463294978,,,
LKA,2022,115.9,-10.2,,-7.34919311146656,4.528,49.7211021114327,0,float,,5.0,46.6826080179359,,,
LKA,2023,110.4,-8.3,,-2.0289296690344,4.528,16.5411742279832,0,float,,5.0,43.3476681195134,,,
LSO,1988,23.3,-1.9,,8.60191907664445,,11.4563716258632,0,float,,5.0,,,,
LSO,1989,25.5,3.9,,5.79524440411279,,14.7282455646297,0,float,,5.0,,,,
LSO,1990,18.0,8.8,,6.04547332978933,,11.6347569955818,0,float,,5.0,,,,
LSO,1991,11.9,9.7,,6.96660729603671,15.495,17.6781002638523,0,float,,5.0,,,,
LSO,1992,64.4,4.7,,6.95636495400254,15.448,17.2085201793721,0,float,,5.0,,,,
LSO,1993,71.2,7.6,,3.50976615760111,15.568,13.1356607683724,0,float,,5.0,,,,
LSO,1994,67.0,5.7,,5.97987353536386,15.62,8.21473862195302,0,float,,5.0,,,,
LSO,1995,62.8,5.1,,3.29093812272822,15.797,9.27083333333323,0,float,,5.0,,,,
LSO,1996,71.6,2.1,,5.59703605867827,15.709,9.33031458531928,0,float,,5.0,,,,
LSO,1997,65.7,0.3,,3.70360343607432,15.822,,0,float,,5.0,,,,
LSO,1998,79.4,-11.8,,1.53765589433743,15.913,,0,float,,5.0,,,,
LSO,1999,83.0,-15.3,,0.476025052201194,16.167,,0,float,,5.0,,,,
LSO,2000,88.5,-0.9,,3.87554677576694,16.169,6.13197538722696,0,float,,5.0,,,,
LSO,2001,108.7,-2.8,,3.56158183392093,16.081,-9.61615353858472,0,float,,5.0,,,,
LSO,2002,79.6,-2.4,,0.723836067167127,16.079,33.812578338126,0,float,,5.0,,,,
LSO,2003,52.6,0.9,,4.55977716384528,16.056,6.62916357146762,0,float,,5.0,,,,
LSO,2004,49.4,6.1,,1.69237417358596,16.154,5.02342068616285,0,float,,5.0,,,,
LSO,2005,41.0,4.5,,3.46612222755311,16.031,3.43788423057443,0,float,,5.0,,,,
LSO,2006,43.7,11.6,,4.23009522805209,16.054,6.07271879734293,0,float,,5.0,,,,
LSO,2007,49.6,10.8,,4.18791409957151,15.942,8.01243669043409,0,float,,5.0,165.048948833372,,,
LSO,2008,47.0,8.1,,5.52341966978646,15.851,10.7156661309681,0,float,,5.0,161.126590593391,,,
LSO,2009,35.9,-4.2,,-1.25375779920832,16.115,-16.8596910540644,0,float,,5.0,158.894737585637,,,
LSO,2010,33.8,-1.5,,5.26967078056286,16.068,-2.40524254598706,0,float,,5.0,150.102435487333,,,
LSO,2011,36.2,-9.8,,4.61641394528752,16.115,5.0366305210156,0,float,,5.0,149.796606699153,,,
LSO,2012,39.8,4.6,,6.33408374679448,15.761,6.05143662139967,0,float,,5.0,150.208575358438,,,
LSO,2013,41.2,-2.6,,1.79252555575545,15.926,4.86511899496385,0,float,,5.0,133.36548975517,,,
LSO,2014,41.5,3.2,,1.71054990545476,16.066,5.37028961008587,0,float,,5.0,126.292475360578,,,
LSO,2015,45.8,-1.4,,3.12406678044546,16.223,3.21844513655931,0,float,,5.0,129.722773082867,,,
LSO,2016,41.5,-9.4,,3.60890731687714,16.138,6.59650490696543,0,float,,5.0,136.31524774176,,,
LSO,2017,41.0,-2.0,,-3.13817493733471,16.379,4.447699373763,0,float,,5.0,146.366771329494,,,
LSO,2018,48.2,-4.4,,-1.48063315848241,16.614,4.7518030162474,0,float,,5.0,144.434955465602,,,
LSO,2019,58.2,-5.1,,-1.41799383085205,16.876,5.18708359197982,0,float,,5.0,140.51663349168,,,
LSO,2020,54.7,1.4,,-8.15595785459911,18.385,4.97809676252309,0,float,,5.0,141.096605062998,,,
LSO,2021,58.0,-4.8,,2.26670961833291,18.214,6.04774591950676,0,float,,5.0,139.186479465407,,,
LSO,2022,64.4,-6.3,,2.38778020186284,16.623,8.27180389943028,0,float,,5.0,142.373981074229,,,
LSO,2023,61.1,7.4,,1.69433177608774,16.348,6.34221743124953,0,float,,5.0,140.722487877528,,,
LTU,1998,21.7,-4.9,,7.46293714937232,13.711,5.06755385841968,0,fixed,,9.0,89.3653045985264,,,
LTU,1999,28.0,-7.8,,-1.09700818020993,13.388,0.727550626557424,0,fixed,,9.0,74.5847357424933,,,
LTU,2000,23.5,-3.2,,3.41862206571636,15.931,0.981615478857598,0,fixed,,9.0,83.1914942748116,,,
LTU,2001,22.9,-3.5,,6.48412665187908,16.84,1.36712030817819,0,fixed,,9.0,93.4871373685836,,,
LTU,2002,22.1,-1.9,,6.71983945103626,13.008,0.281506610345575,0,fixed,,9.0,100.332229474818,,,
LTU,2003,20.4,-1.3,,10.5518959629574,12.874,-1.13430854990247,0,fixed,,9.0,98.0914043206711,,,
LTU,2004,18.6,-1.4,,6.50203536075556,10.684,1.16410252104671,0,fixed,,9.0,104.072070698543,,,
LTU,2005,17.6,-0.3,,7.7314467577492,8.325,2.65848484065262,0,fixed,,9.0,117.449691165186,,,
LTU,2006,17.3,-0.3,,7.39548122468629,5.78,3.73912004060664,0,fixed,,9.0,124.613633047292,,,
LTU,2007,15.9,-0.8,,11.0779282578673,4.25,5.73717382799842,0,fixed,,9.0,116.295810328172,,,
LTU,2008,14.6,-3.1,,2.59946154605602,5.826,10.9258856241655,0,fixed,,9.0,126.759707831841,,,
LTU,2009,27.9,-9.1,,-14.8386117894848,13.785,4.45304456518535,0,fixed,,9.0,105.040251236614,,,
LTU,2010,36.7,-7.0,,0.427199566550769,17.814,1.31921362055463,0,fixed,,9.0,131.626507396009,,,
LTU,2011,37.5,-5.9,,6.32363664821298,15.39,4.13027562645085,0,fixed,,9.0,149.645306927215,,,
LTU,2012,39.9,-3.1,,4.38290584355157,13.365,3.08998277055417,0,fixed,,9.0,156.638925650513,,,
LTU,2013,38.9,-2.7,,4.04691318575325,11.77,1.04747937065344,0,fixed,,9.0,156.626637927418,,,
LTU,2014,40.7,-1.8,,3.7725437958099,10.698,0.103758009433708,0,fixed,,9.0,143.290115780694,,,
LTU,2015,42.4,-0.8,,2.83280643343234,9.12,-0.884097405500596,1,fixed,,9.0,138.195575009601,,,
LTU,2016,39.8,0.0,,2.67192215053329,7.862,0.905525075460342,1,fixed,,9.0,134.690449650877,,,
LTU,2017,39.1,0.4,,4.61224310312809,7.073,3.72288862303707,1,fixed,,9.0,144.918393101325,,,
LTU,2018,33.3,0.5,,4.91836780106811,6.147,2.69792779208394,1,fixed,,9.0,147.202132525221,,,
LTU,2019,35.6,0.4,,4.67735183530451,6.255,2.33450937988027,1,fixed,,9.0,148.374996011818,,,
LTU,2020,45.9,-6.4,,0.0428158336981426,8.487,1.19989444983569,1,fixed,,9.0,135.796565563519,,,
LTU,2021,43.3,-1.2,,6.39481772930206,7.112,4.68354420903453,1,fixed,,9.0,154.726303914099,,,
LTU,2022,38.3,-0.7,,2.46532013155011,5.955,19.7050461518394,1,fixed,,9.0,176.631817072239,,,
LTU,2023,37.1,-0.7,,0.739537398185803,6.841,9.11731962390475,1,fixed,,9.0,147.990751776428,,,
LUX,1995,10.3,2.7,,1.43220024272964,2.918,1.86769424969108,0,fixed,,10.0,189.544445888796,,,
LUX,1996,10.2,2.4,,1.39807630241253,3.286,1.18385968843573,0,fixed,,10.0,195.63690664815,,,
LUX,1997,10.1,2.7,,5.41972646151088,2.527,1.36751261207932,0,fixed,,10.0,212.088757931917,,,
LUX,1998,9.5,3.0,,6.67419503775402,2.763,0.958570110494753,0,fixed,,10.0,236.569988891965,,,
LUX,1999,8.4,3.2,,8.17613777063244,2.39,1.02519676474926,1,fixed,,10.0,239.922499577691,,,
LUX,2000,7.5,5.6,,6.93809504692074,2.345,3.15076707022596,1,fixed,,10.0,272.412027714553,,,
LUX,2001,7.6,5.6,,3.07427520210337,1.805,2.66382110579101,1,fixed,,10.0,270.765343819583,,,
LUX,2002,7.4,2.0,,3.22528846998354,2.621,2.07408613571643,1,fixed,,10.0,250.689192191641,,,
LUX,2003,7.4,0.3,,2.6192502126754,3.675,2.04984030563516,1,fixed,,10.0,244.977946060528,,,
LUX,2004,7.8,-1.4,,4.23067892192488,5.113,2.22567916428894,1,fixed,,10.0,265.226884855637,,,
LUX,2005,8.0,-0.2,,2.48250499371829,4.488,2.48769665164081,1,fixed,,10.0,284.077242335139,,,
LUX,2006,8.2,1.9,,6.01662739677904,4.731,2.66631494577077,1,fixed,,10.0,305.879493786271,,,
LUX,2007,8.1,4.4,,8.09852098069817,4.065,2.31245861786126,1,fixed,,10.0,307.485020085196,,,
LUX,2008,14.6,3.4,,-0.302272983306707,5.06,3.4018796302557,1,fixed,,10.0,292.21348078343,,,
LUX,2009,15.3,-0.2,,-3.23895268839308,5.194,0.368041997888867,1,fixed,,10.0,263.532701541684,,,
LUX,2010,19.1,-0.3,,3.76040578658925,4.423,2.27367911621542,1,fixed,,10.0,293.671876906939,,,
LUX,2011,18.5,0.7,,1.0442860057217,5.122,3.4106834106835,1,fixed,,10.0,308.714453874162,,,
LUX,2012,20.8,0.5,,1.64971134354685,5.03,2.66284165508011,1,fixed,,10.0,311.786835204686,,,
LUX,2013,22.4,0.8,,3.17168513780955,6.045,1.73403963519162,1,fixed,,10.0,320.533506316768,,,
LUX,2014,21.9,1.3,,2.62308838097542,6.044,0.628543985440717,1,fixed,,10.0,333.428836459172,,,
LUX,2015,21.1,1.3,,2.26836572735107,6.796,0.474743161437871,1,fixed,,10.0,351.13195404466,,,
LUX,2016,19.6,1.9,,4.97819047122638,6.669,0.290833333333225,1,fixed,,10.0,348.437409376889,,,
LUX,2017,21.8,1.4,,1.31711942298405,5.523,1.73079959118896,1,fixed,,10.0,353.793991980303,,,
LUX,2018,20.9,3.2,,1.61129891211624,5.589,1.5281952430737,1,fixed,,10.0,361.865445198667,,,
LUX,2019,22.3,2.7,,2.74932091920692,5.592,1.74332075653848,1,fixed,,10.0,382.66078058442,,,
LUX,2020,24.5,-3.1,,-0.510051634039826,6.766,0.819957302127036,1,fixed,,10.0,375.581394826026,,,
LUX,2021,24.2,1.1,,6.92973270801744,5.571,2.52692009066166,1,fixed,,10.0,397.506180867971,,,
LUX,2022,24.9,0.2,,-1.09741256293819,4.588,6.33600807777919,1,fixed,,10.0,412.177169924175,,,
LUX,2023,24.7,-0.7,,0.0994370594039111,5.184,3.74140361983136,1,fixed,,10.0,402.566968197345,,,
LVA,1998,9.8,-0.7,,6.55000264756266,14.454,4.64421422660783,0,fixed,,9.0,93.0486575859765,,,
LVA,1999,14.8,-3.5,,2.81840455944993,13.79,2.36481836111805,0,fixed,,9.0,82.1505568188769,,,
LVA,2000,15.1,-2.6,,5.84102642353959,14.211,2.65425477796048,0,fixed,,9.0,83.6121321100556,,,
LVA,2001,17.8,-2.0,,6.46057826727287,13.821,2.48704003555464,0,fixed,,9.0,88.1768278184248,,,
LVA,2002,15.4,-2.6,,7.66548778586991,13.829,1.93887573855886,0,fixed,,9.0,85.9772056778195,,,
LVA,2003,15.4,-1.7,,8.42913257059108,12.061,2.94264752948478,0,fixed,,9.0,88.5815580418672,,,
LVA,2004,15.3,-1.0,,8.72514341727928,11.708,6.19238547197429,0,fixed,,9.0,97.2352655771748,,,
LVA,2005,12.5,-1.1,,11.6153178557457,10.033,6.74845027893124,0,fixed,,9.0,104.517156602918,,,
LVA,2006,10.7,-0.5,,12.825017846905,7.03,6.53619908765872,0,fixed,,9.0,105.695342080455,,,
LVA,2007,9.0,0.6,,10.4145372792714,6.052,10.0929775849169,0,fixed,,9.0,100.880910871828,,,
LVA,2008,19.3,-3.3,,-3.38871665849958,7.739,15.4023191064986,0,fixed,,9.0,95.7681628438571,,,
LVA,2009,37.6,-7.1,,-16.0400195313042,17.515,3.53410672858934,0,fixed,,9.0,88.8320494963692,,,
LVA,2010,48.2,-6.6,,-3.66125859554762,19.482,-1.08463595015155,0,fixed,,9.0,110.86235386272,,,
LVA,2011,46.8,-3.4,,3.03634482668815,16.206,4.37073559939223,0,fixed,,9.0,129.734758014485,,,
LVA,2012,44.4,0.2,,7.30524057200897,15.047,2.25778924374585,0,fixed,,9.0,133.211503650958,,,
LVA,2013,41.8,-0.6,,2.09609028156248,11.867,-0.029454778257828,0,fixed,,9.0,129.677184929099,,,
LVA,2014,43.1,-1.7,,2.0949597710559,10.846,0.620490636732421,1,fixed,,9.0,130.042252244959,,,
LVA,2015,38.3,-1.6,,3.78336712084972,9.873,0.174242243625186,1,fixed,,9.0,126.380014406006,,,
LVA,2016,41.7,-0.4,,2.55168601974034,9.643,0.140633334505327,1,fixed,,9.0,123.330518429659,,,
LVA,2017,40.3,-0.9,,3.39894872623931,8.715,2.93036312374665,1,fixed,,9.0,128.714003328884,,,
LVA,2018,38.3,-0.8,,4.30971286294503,7.412,2.53445424186598,1,fixed,,9.0,128.234095559822,,,
LVA,2019,37.9,-0.4,,0.675372771884227,6.312,2.81140920075624,1,fixed,,9.0,125.29163170793,,,
LVA,2020,44.0,-3.8,,-3.46922750780554,8.098,0.219064904841985,1,fixed,,9.0,123.88319804656,,,
LVA,2021,45.9,-5.7,,6.94254173062592,7.513,3.27582937431165,1,fixed,,9.0,136.796615414819,,,
LVA,2022,44.4,-3.9,,1.90853419029801,6.815,17.3102830198815,1,fixed,,9.0,159.892778190649,,,
LVA,2023,44.4,-3.4,,-0.941606068823631,6.465,8.9380462331663,1,fixed,,9.0,135.642989154266,,,
MAC,2001,0.0,3.3,,2.88824010651439,6.371,-1.98465008641646,0,float,,5.0,150.023588329221,,,
MAC,2002,0.0,2.7,,8.90480904902596,6.278,-2.63751699816198,0,float,,5.0,152.382640999662,,,
MAC,2003,0.0,4.8,,11.6433551416587,5.995,-1.56245203671305,0,float,,5.0,150.78839554326,,,
MAC,2004,0.0,7.8,,26.6368742306114,4.904,0.980728452039451,0,float,,5.0,148.903750204961,,,
MAC,2005,0.0,8.3,,8.07794929953978,4.158,4.39589284335674,0,float,,5.0,136.372221937073,,,
MAC,2006,0.0,9.7,,13.3921711919351,3.822,5.14997337750692,0,float,,5.0,128.785689078596,,,
MAC,2007,0.0,16.4,,14.4817728129028,3.269,5.57149689143952,0,float,,5.0,130.670598794717,,,
MAC,2008,0.0,17.5,,3.39251560752048,2.999,8.61101858637,0,float,,5.0,126.607131209269,,,
MAC,2009,0.0,13.4,,1.29837946885112,3.58,1.16906695453767,0,float,,5.0,113.55459255005,,,
MAC,2010,0.0,19.4,,25.1031075246958,2.84,2.80947242060843,0,float,,5.0,119.938411439898,,,
MAC,2011,0.0,24.7,,21.6223064381087,2.56,5.80624616691043,0,float,,5.0,122.886868700544,,,
MAC,2012,0.0,24.0,,9.21747479596735,1.97,6.10738928336549,0,float,,5.0,123.711349167944,,,
MAC,2013,0.0,27.0,,10.7816711590297,1.82,5.50057779178484,0,float,,5.0,121.375076167887,,,
MAC,2014,0.0,24.1,,-2.03874227961819,1.67,6.04823452094076,0,float,,5.0,118.580835443557,,,
MAC,2015,0.0,13.9,,-21.7540078753246,1.81,4.56056338028173,0,float,,5.0,119.250436813256,,,
MAC,2016,0.0,11.4,,-0.701510212552961,1.939,2.36895749705898,0,float,,5.0,112.890232741859,,,
MAC,2017,0.0,13.3,,9.91855844513513,1.981,1.22812404052809,0,float,,5.0,115.454662557842,,,
MAC,2018,0.0,13.4,,6.35917030567686,1.803,3.00446293166953,0,float,,5.0,116.568676845013,,,
MAC,2019,0.0,14.5,,-2.4609094006739,1.73,2.75193081051975,0,float,,5.0,115.23129893555,,,
MAC,2020,0.0,-21.5,,-54.4020925789353,2.542,0.811410511491512,0,float,,5.0,123.43437444297,,,
MAC,2021,0.0,-13.0,,22.4622020023362,2.221,0.0264543647055504,0,float,,5.0,171.31597082054,,,
MAC,2022,0.0,-37.1,,-18.956941494497,2.446,1.04502802369954,0,float,,5.0,170.368049338506,,,
MAC,2023,0.0,2.1,,75.3084184293413,2.206,0.476384495788075,0,float,,5.0,145.874467252327,,,
MAE,2001,71.6,-2.0,,,,,0,float,,5.0,,,,
MAE,2002,73.4,-4.1,,,,,0,float,,5.0,,,,
MAE,2003,76.5,-4.7,,,,,0,float,,5.0,,,,
MAE,2004,81.5,-4.0,,,,,0,float,,5.0,,,,
MAE,2005,81.7,-3.2,,,,,0,float,,5.0,,,,
MAE,2006,79.3,-2.2,,,,,0,float,,5.0,,,,
MAE,2007,77.8,-2.2,,,,,0,float,,5.0,,,,
MAE,2008,84.8,-4.5,,,,,0,float,,5.0,,,,
MAE,2009,99.6,-9.8,,,,,0,float,,5.0,,,,
MAE,2010,107.3,-8.8,,,,,0,float,,5.0,,,,
MAE,2011,111.9,-7.4,,,,,0,float,,5.0,,,,
MAE,2012,116.0,-6.5,,,,,0,float,,5.0,,,,
MAE,2013,114.6,-4.3,,,,,0,float,,5.0,,,,
MAE,2014,113.7,-3.6,,,,,0,float,,5.0,,,,
MAE,2015,113.2,-3.0,,,,,0,float,,5.0,,,,
MAE,2016,115.6,-3.3,,,,,0,float,,5.0,,,,
MAE,2017,113.9,-3.3,,,,,0,float,,5.0,,,,
MAE,2018,113.8,-3.4,,,,,0,float,,5.0,,,,
MAE,2019,114.6,-3.8,,,,,0,float,,5.0,,,,
MAE,2020,136.1,-11.7,,,,,0,float,,5.0,,,,
MAE,2021,129.1,-8.9,,,,,0,float,,5.0,,,,
MAE,2022,122.9,-3.7,,,,,0,float,,5.0,,,,
MAE,2023,121.5,-6.2,,,,,0,float,,5.0,,,,
MAR,1990,70.5,-1.3,,3.41181222630115,,6.78259401511006,0,peg,,5.0,54.6266874206198,,,
MAR,1991,59.1,-0.9,,7.21608815359085,13.502,7.98616600790512,0,peg,,5.0,49.7792954766494,,,
MAR,1992,67.0,-1.8,,-2.097738754022,13.781,5.7402466286874,0,peg,,5.0,50.2633161845725,,,
MAR,1993,74.7,-2.0,,-0.740591700332374,14.026,5.18311396030801,0,peg,,5.0,49.668456614101,,,
MAR,1994,69.3,-2.5,,10.5880004161286,13.858,5.14167152953361,0,peg,,5.0,47.3135537325048,,,
MAR,1995,72.2,-2.5,,-5.40544787197402,14.054,6.12358164775523,0,peg,,5.0,51.7150253841236,,,
MAR,1996,65.3,0.9,,12.3728762700496,13.362,2.98680922773017,0,peg,,5.0,47.0955434479783,,,
MAR,1997,68.0,1.5,,-1.56070234550782,14.025,1.03819895051614,0,peg,,5.0,51.1501546486104,,,
MAR,1998,64.5,1.5,,7.23855267691987,13.359,2.75311330764477,0,peg,,5.0,45.6723595943991,,,
MAR,1999,63.4,3.2,,1.6970614772566,13.94,0.684782608695643,0,peg,,5.0,48.578876486646,,,
MAR,2000,64.9,-2.0,,2.58218091499747,13.58,1.89463456763464,0,peg,,5.0,53.4403058388785,,,
MAR,2001,60.4,-3.8,,7.72182519577728,12.46,0.619801875297975,0,peg,,5.0,53.4915710187871,,,
MAR,2002,59.4,-4.4,,3.73019737485745,11.59,2.79561966936936,0,peg,,5.0,54.31012791421,,,
MAR,2003,56.9,-3.7,,6.17110214953244,11.92,1.16773367477592,0,peg,,5.0,52.3318582669923,,,
MAR,2004,54.4,-3.3,,4.57138016516208,10.83,1.49344403381774,0,peg,,5.0,55.5516384744536,,,
MAR,2005,54.8,-5.5,,3.19224973015831,11.01,0.982641660015951,0,peg,,5.0,61.4938276863235,,,
MAR,2006,50.6,-1.8,,7.7908200104027,9.67,3.28476166954811,0,peg,,5.0,64.6721977787154,,,
MAR,2007,47.1,-0.1,,3.44106776690418,9.56,2.04208512673344,0,peg,,5.0,71.3496467796657,,,
MAR,2008,42.0,0.6,,5.68453936284732,9.57,3.71484311494064,0,peg,,5.0,77.8344716425602,,,
MAR,2009,42.6,-1.6,,3.74576940136258,8.96,0.971862998667636,0,peg,,5.0,62.3709560152269,,,
MAR,2010,45.3,-3.9,,3.49955709403216,9.09,0.993557401226392,0,peg,,5.0,69.541979610144,,,
MAR,2011,48.6,-6.1,,5.52464523319847,8.91,0.9069249096918,0,peg,,5.0,76.8258714906247,,,
MAR,2012,52.3,-6.6,,3.06234368502997,8.99,1.28712240079219,0,peg,,5.0,78.2221018956072,,,
MAR,2013,57.1,-4.7,,4.12221286860944,9.23,1.88065466724086,0,peg,,5.0,73.8577565315318,,,
MAR,2014,58.6,-4.8,,2.7192440802029,9.7,0.442310053557048,0,peg,,5.0,71.8935667539398,,,
MAR,2015,58.4,-4.6,,4.34458297635238,9.46,1.5579071134626,0,peg,,5.0,67.2886759253849,,,
MAR,2016,60.1,-4.5,,0.52118550608968,9.3,1.63531114327064,0,peg,,5.0,71.1226603816864,,,
MAR,2017,60.3,-3.3,,5.05789816173446,9.22,0.754663249323619,0,peg,,5.0,74.1733578786573,,,
MAR,2018,60.5,-3.5,,3.06564133025955,9.272,1.80391671141896,0,peg,,5.0,77.2548875243989,,,
MAR,2019,60.3,-3.8,,2.89097476137077,9.191,0.303386036590383,0,peg,,5.0,75.9981158798422,,,
MAR,2020,72.2,-7.1,,-7.17820744246774,11.189,0.705968661338261,0,peg,,5.0,68.8438033904364,,,
MAR,2021,69.4,-5.9,,8.15473889823681,10.551,1.40195883962006,0,peg,,5.0,75.5234171756506,,,
MAR,2022,71.4,-5.4,,1.81269242194809,9.413,6.65704202759067,0,peg,,5.0,100.906310201651,,,
MAR,2023,68.7,-4.4,,3.65564411017931,8.896,6.09114152504141,0,peg,,5.0,93.1178844179777,,,
MDA,1995,79.5,-2.6,,-1.39999905491376,5.3,29.8656104095718,0,float,,5.0,128.016386523173,,,
MDA,1996,87.5,-7.4,,-5.87706028626823,7.9,23.5056772963368,0,float,,5.0,129.237536040111,,,
MDA,1997,89.0,-7.5,,1.64706456037401,7.9,11.7728324494467,0,float,,5.0,127.560400247842,,,
MDA,1998,159.4,-1.5,,-6.54219207711182,10.0,7.69576517517204,0,float,,5.0,116.803124451539,,,
MDA,1999,150.7,-2.6,,-3.36825447657218,11.14,39.2559806891747,0,float,,5.0,117.527935193889,,,
MDA,2000,89.1,-3.5,,2.10771608200733,8.539,31.2993015817784,0,float,,5.0,126.163100130478,,,
MDA,2001,85.4,-0.3,,6.10000039929173,7.366,9.76466285757623,0,float,,5.0,124.500739599353,,,
MDA,2002,80.3,-1.2,,7.79999965773833,6.845,5.30124390261601,0,float,,5.0,129.839525501535,,,
MDA,2003,68.1,0.5,,6.59999995777716,6.378,11.7460792058232,0,float,,5.0,140.056529925052,,,
MDA,2004,49.3,0.6,,7.39999973358189,6.374,12.5242768428228,0,float,,5.0,132.69906968032,,,
MDA,2005,40.4,1.4,,7.5000001493726,5.633,11.9591837222127,0,float,,5.0,143.023568469138,,,
MDA,2006,35.0,-0.4,,4.79999983670831,4.26,12.777755783035,0,float,,5.0,137.154763819994,,,
MDA,2007,28.3,0.1,,3.00000022585525,2.749,12.3671668414302,0,float,,5.0,142.720539023021,,,
MDA,2008,22.2,-0.9,,7.80000014541523,2.097,12.7830472618821,0,float,,5.0,134.4216013477,,,
MDA,2009,32.6,-6.4,,-6.00000026352828,3.024,-0.0627185967109007,0,float,,5.0,110.363326850495,,,
MDA,2010,25.5,-2.2,,7.10000010705836,2.972,7.48385086350853,0,float,,5.0,87.9378518951573,,,
MDA,2011,24.2,-2.0,,5.81816614684824,2.677,7.68725103356181,0,float,,5.0,98.6175965326556,,,
MDA,2012,31.3,-1.9,,-0.589733954762579,2.189,4.54633427355302,0,float,,5.0,96.3064098336294,,,
MDA,2013,30.0,-1.6,,9.0438656074181,1.894,4.59787897363136,0,float,,5.0,95.6872968332383,,,
MDA,2014,35.4,-1.6,,4.99962585407656,1.45,5.08878554625869,0,float,,5.0,94.2282919690928,,,
MDA,2015,42.1,-1.9,,-0.338235622387202,1.781,9.67624033101859,0,float,,5.0,88.9664154565323,,,
MDA,2016,39.7,-1.6,,4.64601436259409,1.591,6.35930898037931,0,float,,5.0,89.0046837188671,,,
MDA,2017,34.9,-0.7,,4.17561205106279,1.622,6.57022997455604,0,float,,5.0,88.6233902754378,,,
MDA,2018,31.8,-0.9,,4.07559546585034,1.239,3.04505397337058,0,float,,5.0,87.4467874275648,,,
MDA,2019,28.8,-1.5,,3.5523140853476,1.502,4.83778351428729,0,float,,5.0,87.6322371148906,,,
MDA,2020,36.6,-5.3,,-8.27597831976949,1.206,3.76597122245358,0,float,,5.0,79.265722119158,,,
MDA,2021,33.6,-2.6,,13.9299997889786,0.794,5.10641129002836,0,float,,5.0,88.4708865399267,,,
MDA,2022,35.0,-3.2,,-4.64785101037361,0.909,28.7372976766236,0,float,,5.0,112.117671579766,,,
MDA,2023,34.9,-5.1,,1.18802067937429,1.57,13.41701043813,0,float,,5.0,93.9946211488052,,,
MDG,1990,92.7,-0.5,,3.12890505042525,,11.7844838321357,0,float,,5.0,32.3809923743425,,,
MDG,1991,113.8,-4.4,,-6.30635159237733,6.169,8.59264760490192,0,float,,5.0,35.7567980580415,,,
MDG,1992,110.9,-5.0,,1.18088494825233,6.275,14.5123786075771,0,float,,5.0,33.1576177671174,,,
MDG,1993,105.2,-6.3,,2.09992318110865,6.317,10.008361204014,0,float,,5.0,32.8658889270584,,,
MDG,1994,96.0,-7.2,,-0.042101302622072,6.106,38.9417908989239,0,float,,5.0,43.5589179379958,,,
MDG,1995,95.8,-5.1,,1.67859232120303,6.092,49.0802100590784,0,float,,5.0,45.3744915678324,,,
MDG,1996,98.7,-4.0,,2.15420447175147,6.092,19.7563545439776,0,float,,5.0,35.8824601668345,,,
MDG,1997,89.7,-2.0,,3.69349261691789,5.971,4.48638261737399,0,float,,5.0,36.8737477819441,,,
MDG,1998,108.5,-5.3,,3.91707460516817,5.901,6.2080160866332,0,float,,5.0,37.3321870147971,,,
MDG,1999,104.1,-2.4,,4.69922703680521,5.822,9.92953399348781,0,float,,5.0,40.9244120208063,,,
MDG,2000,90.2,-2.4,,4.45685893956946,5.8,11.859684500028,0,float,,5.0,42.7771226639725,,,
MDG,2001,82.1,-3.6,,5.98023576982733,5.35,7.91694484529586,0,float,,5.0,41.0351260923859,,,
MDG,2002,86.7,-4.1,,-12.4079711055149,5.515,16.4985255315846,0,float,,5.0,50.1816919379298,,,
MDG,2003,85.9,-3.3,,9.78489212474175,5.01,-1.70400479616298,0,float,,5.0,34.030602917475,,,
MDG,2004,81.9,-4.2,,5.25700362208742,3.951,13.9558018033211,0,float,,5.0,48.7753818852156,,,
MDG,2005,74.4,-2.5,,4.75584509499119,2.62,18.3638246468932,0,float,,5.0,59.1300849357677,,,
MDG,2006,32.2,-5.7,,5.3985084485368,2.945,10.7656371554865,0,float,,5.0,62.1028389370244,,,
MDG,2007,28.2,-2.3,,5.71056419885052,3.202,10.2879663187671,0,float,,5.0,66.7027353570049,,,
MDG,2008,31.0,-1.7,,6.71263253913001,3.431,9.29650839381057,0,float,,5.0,74.357353960806,,,
MDG,2009,34.9,-2.3,,-3.9787086116544,3.885,8.95421802392949,0,float,,5.0,62.4116975958196,,,
MDG,2010,32.3,-0.8,,0.619239744622121,4.28,9.24732173644116,0,float,,5.0,57.8748945101807,,,
MDG,2011,29.9,-2.0,,1.57842705366555,2.516,9.48254048582992,0,float,,5.0,56.4830925951893,,,
MDG,2012,30.4,-2.2,,3.01114811621208,0.599,5.71384434191053,0,float,,5.0,52.6517140811255,,,
MDG,2013,36.2,-3.4,,2.30037622800727,0.995,5.8264294445198,0,float,,5.0,56.3675817900932,,,
MDG,2014,37.8,-2.0,,3.33920311195367,1.385,6.08040811088302,0,float,,5.0,61.9694322111234,,,
MDG,2015,44.1,-2.9,,3.13229807490305,1.785,7.40419174202129,0,float,,5.0,61.2203788365078,,,
MDG,2016,40.3,-1.1,,3.99314606199499,1.949,6.03575858154679,0,float,,5.0,60.8346984831423,,,
MDG,2017,40.1,-2.1,,3.93330759462793,2.123,8.60905075422949,0,float,,5.0,65.3434015072915,,,
MDG,2018,42.9,-1.3,,3.19435651744398,2.303,8.59422958870476,0,float,,5.0,67.8415046683582,,,
MDG,2019,41.3,-1.4,,4.41123212909589,2.479,5.61051441492365,0,float,,5.0,62.6013230457128,,,
MDG,2020,52.9,-4.0,,-7.13767162064489,3.292,4.20179312190557,0,float,,5.0,49.0107073650291,,,
MDG,2021,49.4,-2.8,,4.65068343174309,3.498,5.81225118787715,0,float,,5.0,55.2158585927485,,,
MDG,2022,49.8,-5.5,,4.13753534956307,3.186,8.16059031991844,0,float,,5.0,70.4708546790091,,,
MDG,2023,52.1,-4.2,,4.23086580696344,3.044,9.87432675044888,0,float,,5.0,62.7622147594312,,,
MDV,1997,38.1,-1.5,,8.39794100450224,1.25,7.57283467072592,0,float,,5.0,,,,
MDV,1998,39.3,-2.3,,7.4946829140504,1.489,-1.40425233816792,0,float,,5.0,,,,
MDV,1999,38.9,-3.0,,6.17565592929535,1.726,2.95370836069129,0,float,,5.0,,,,
MDV,2000,39.0,-3.9,,3.84581040832157,1.97,-1.17475681175946,0,float,,5.0,,,,
MDV,2001,41.8,-4.0,,-3.94363452271253,3.038,0.67257737006247,0,float,,5.0,,,,
MDV,2002,44.3,-4.0,,7.26838656139654,4.094,4.1786723990479,0,float,,5.0,,,,
MDV,2003,37.6,-3.4,,13.7500496410836,5.126,-1.26065113450354,0,float,,5.0,,,,
MDV,2004,34.7,-2.3,,5.92489251113133,6.151,-1.68541212459466,0,float,,5.0,,,,
MDV,2005,43.2,-7.8,,-11.1773097061784,7.313,1.30027500930997,0,float,,5.0,,,,
MDV,2006,36.8,-4.5,,23.6302719852686,8.345,2.73842131602099,0,float,,5.0,,,,
MDV,2007,35.8,-3.2,,7.13338024717898,9.421,6.79477353930168,0,float,,5.0,,,,
MDV,2008,39.0,-9.9,,8.97645459033633,10.361,12.0414583505108,0,float,,5.0,,,,
MDV,2009,48.4,-17.9,,-8.34069861571051,11.697,4.53017659132801,0,float,,5.0,,,,
MDV,2010,52.7,-13.6,,6.7854678229144,10.875,6.14988536750173,0,float,,5.0,,,,
MDV,2011,51.9,-8.1,,8.84342600490342,10.043,11.2734146055937,0,float,,5.0,,,,
MDV,2012,57.1,-6.9,,2.38928797963442,9.134,10.884695658563,0,float,,5.0,,,,
MDV,2013,55.9,-3.5,,6.97496226412528,8.295,3.8056300091943,0,float,,5.0,,,,
MDV,2014,55.1,-2.4,,7.86068643108074,7.461,2.12000175718134,0,float,,5.0,165.97925116043,,,
MDV,2015,54.8,-6.5,,3.86813536494475,6.611,0.953206658777607,0,float,,5.0,143.720506661302,,,
MDV,2016,61.9,-9.9,,6.37528306716864,5.771,0.502509413611612,0,float,,5.0,144.380212278942,,,
MDV,2017,63.8,-3.0,,7.07442863215275,5.377,2.81747338234509,0,float,,5.0,141.912110574952,,,
MDV,2018,70.7,-5.2,,8.5689555834747,4.962,-0.133373386117595,0,float,,5.0,142.491128546618,,,
MDV,2019,77.2,-6.5,,6.92305989050099,4.562,0.220029731065383,0,float,,5.0,137.125230875185,,,
MDV,2020,155.7,-23.7,,-32.9088287752921,5.42,-1.36977425569811,0,float,,5.0,114.361902904327,,,
MDV,2021,123.4,-14.2,,37.507870124321,5.016,0.543149688737013,0,float,,5.0,142.607296696261,,,
MDV,2022,111.6,-11.2,,13.8260895184139,4.303,2.3305404647725,0,float,,5.0,162.243432933656,,,
MDV,2023,122.4,-13.2,,4.94286301229583,4.019,2.90372427754586,0,float,,5.0,149.349976177434,,,
MECA,1999,52.0,-0.6,,,,,0,float,,5.0,,,,
MECA,2002,57.3,-1.6,,,,,0,float,,5.0,,,,
MECA,2003,51.6,1.1,,,,,0,float,,5.0,,,,
MECA,2004,52.0,2.8,,,,,0,float,,5.0,,,,
MECA,2005,40.3,7.8,,,,,0,float,,5.0,,,,
MECA,2006,31.9,8.5,,,,,0,float,,5.0,,,,
MECA,2007,27.3,6.4,,,,,0,float,,5.0,,,,
MECA,2008,23.4,8.7,,,,,0,float,,5.0,,,,
MECA,2009,29.1,-2.6,,,,,0,float,,5.0,,,,
MECA,2010,26.2,1.0,,,,,0,float,,5.0,,,,
MECA,2011,24.1,3.5,,,,,0,float,,5.0,,,,
MECA,2012,25.1,4.6,,,,,0,float,,5.0,,,,
MECA,2013,25.0,2.2,,,,,0,float,,5.0,,,,
MECA,2014,24.6,-1.3,,,,,0,float,,5.0,,,,
MECA,2015,33.8,-6.6,,,,,0,float,,5.0,,,,
MECA,2016,41.4,-7.3,,,,,0,float,,5.0,,,,
MECA,2017,42.3,-4.5,,,,,0,float,,5.0,,,,
MECA,2018,41.3,-1.5,,,,,0,float,,5.0,,,,
MECA,2019,44.4,-2.4,,,,,0,float,,5.0,,,,
MECA,2020,53.9,-7.5,,,,,0,float,,5.0,,,,
MECA,2021,50.0,-2.2,,,,,0,float,,5.0,,,,
MECA,2022,43.2,2.2,,,,,0,float,,5.0,,,,
MECA,2023,43.6,-0.6,,,,,0,float,,5.0,,,,
MEQ,2000,43.7,5.9,,,,,0,float,,5.0,,,,
MEQ,2001,48.0,0.4,,,,,0,float,,5.0,,,,
MEQ,2002,58.4,-2.4,,,,,0,float,,5.0,,,,
MEQ,2003,52.7,0.7,,,,,0,float,,5.0,,,,
MEQ,2004,56.2,3.4,,,,,0,float,,5.0,,,,
MEQ,2005,41.3,9.5,,,,,0,float,,5.0,,,,
MEQ,2006,32.1,10.3,,,,,0,float,,5.0,,,,
MEQ,2007,27.7,8.3,,,,,0,float,,5.0,,,,
MEQ,2008,23.3,10.7,,,,,0,float,,5.0,,,,
MEQ,2009,29.0,-2.5,,,,,0,float,,5.0,,,,
MEQ,2010,24.6,1.8,,,,,0,float,,5.0,,,,
MEQ,2011,21.7,5.9,,,,,0,float,,5.0,,,,
MEQ,2012,21.5,7.4,,,,,0,float,,5.0,,,,
MEQ,2013,20.7,5.2,,,,,0,float,,5.0,,,,
MEQ,2014,19.8,0.8,,,,,0,float,,5.0,,,,
MEQ,2015,28.8,-5.3,,,,,0,float,,5.0,,,,
MEQ,2016,36.3,-6.6,,,,,0,float,,5.0,,,,
MEQ,2017,37.9,-3.4,,,,,0,float,,5.0,,,,
MEQ,2018,36.0,-0.8,,,,,0,float,,5.0,,,,
MEQ,2019,38.9,-1.6,,,,,0,float,,5.0,,,,
MEQ,2020,48.4,-8.1,,,,,0,float,,5.0,,,,
MEQ,2021,44.3,-0.9,,,,,0,float,,5.0,,,,
MEQ,2022,36.0,4.8,,,,,0,float,,5.0,,,,
MEQ,2023,36.2,0.6,,,,,0,float,,5.0,,,,
MEX,1996,42.5,-3.7,,6.21829715869302,5.465,34.3783832235168,0,float,,8.0,47.7678235339067,,,
MEX,1997,39.1,-3.5,,7.19887615284711,4.235,20.6256287259247,0,float,,8.0,46.4918755715735,,,
MEX,1998,39.7,-4.5,,6.18507893082885,3.733,15.9283950119353,0,float,,8.0,48.0318841400179,,,
MEX,1999,41.7,-4.5,,2.75503039300564,2.598,16.5856169707538,0,float,,8.0,48.0122495761105,,,
MEX,2000,38.5,-2.7,,5.02928399378261,2.646,9.49156149435403,0,float,,8.0,49.9104091872497,,,
MEX,2001,37.3,-2.6,,-0.450845253215945,2.627,6.36773806235037,0,float,,8.0,44.7401090123173,,,
MEX,2002,39.9,-2.2,,-0.236588001922641,3.003,5.03072733151295,0,float,,8.0,45.209829259652,,,
MEX,2003,42.1,-2.2,,1.18554486709559,3.455,4.54690012118718,0,float,,8.0,48.7004168690455,,,
MEX,2004,38.9,-1.3,,3.56544102622887,3.937,4.68840884843143,0,float,,8.0,52.0406200335632,,,
MEX,2005,36.8,-1.4,,2.11324711473297,3.558,3.98805714597437,0,float,,8.0,52.5626446570451,,,
MEX,2006,35.8,-1.2,,4.80501351664901,3.566,3.62946762439132,0,float,,8.0,54.4821160886169,,,
MEX,2007,35.5,-1.5,,2.0778639395329,3.628,3.96684905458235,0,float,,8.0,55.2585243990368,,,
MEX,2008,40.6,-0.7,,0.943331872912935,3.874,5.12498274575896,0,float,,8.0,56.3652818731773,,,
MEX,2009,41.7,-3.9,,-6.29525056697287,5.356,5.29735584228856,0,float,,8.0,54.5917421356323,,,
MEX,2010,40.2,-3.8,,4.9713345832195,5.303,4.15672722680174,0,float,,8.0,59.2733845336286,,,
MEX,2011,41.2,-3.2,,3.44404505297089,5.175,3.40737824605742,0,float,,8.0,62.1623872764498,,,
MEX,2012,40.8,-3.6,,3.55321076010608,4.892,4.11150981070289,0,float,,8.0,64.2579318938989,,,
MEX,2013,44.1,-3.6,,0.852101550164704,4.921,3.80639069747204,0,float,,8.0,62.6916747661852,,,
MEX,2014,47.1,-4.4,,2.50376350783593,4.819,4.01861608078679,0,float,,8.0,64.0984090315875,,,
MEX,2015,51.0,-3.9,,2.70232343024026,4.311,2.72064064964023,0,float,,8.0,70.4129746799259,,,
MEX,2016,55.0,-2.7,,1.7724932254128,3.853,2.8217078474766,0,float,,8.0,75.6903034088551,,,
MEX,2017,52.5,-1.0,,1.87172854648381,3.419,6.04145724018986,0,float,,8.0,76.95212604414,,,
MEX,2018,52.2,-2.1,,1.97208211101069,3.275,4.89935015356551,0,float,,8.0,80.212661650262,,,
MEX,2019,51.9,-2.3,,-0.392690513290532,3.477,3.63596142127046,0,float,,8.0,77.4619722509459,,,
MEX,2020,58.5,-4.3,,-8.35403459379062,4.44,3.39683415570006,0,float,,8.0,76.8545557151738,,,
MEX,2021,56.7,-3.7,,6.04848347173572,4.019,5.68920847683753,0,float,,8.0,83.0692976264524,,,
MEX,2022,53.8,-4.3,,3.70975708309098,3.256,7.8962761916855,0,float,,8.0,88.7984855897261,,,
MEX,2023,52.8,-4.3,,3.1067964131456,2.765,5.52796087314389,0,float,,8.0,73.7390758255664,,,
MHL,1997,8.7,7.9,,-6.4456755576108,,,0,float,,5.0,107.516697046996,,,
MHL,1998,18.1,13.5,,-0.674095984599532,,,0,float,,5.0,111.950823636278,,,
MHL,1999,26.1,9.0,,-1.33472157840318,,,0,float,,5.0,107.997734492788,,,
MHL,2000,27.3,7.8,,2.45443006851272,,,0,float,,5.0,130.083116724792,,,
MHL,2001,32.7,7.8,,6.93004446202892,,,0,float,,5.0,118.734360460794,,,
MHL,2002,37.2,5.1,,3.63579015049041,,,0,float,,5.0,102.320551682328,,,
MHL,2003,43.7,10.5,,-1.56167510462087,,,0,float,,5.0,117.024674269896,,,
MHL,2004,46.8,-1.6,,-0.408355471416314,,,0,float,,5.0,114.023100075245,,,
MHL,2005,45.8,-22.3,,1.79104477611941,,,0,float,,5.0,124.701014492754,,,
MHL,2006,44.4,0.2,,0.175953079178882,,,0,float,,5.0,112.408519553073,,,
MHL,2007,42.2,0.3,,3.68852459016394,,,0,float,,5.0,114.527707641196,,,
MHL,2008,44.1,3.7,,-7.56634669678148,,,0,float,,5.0,122.046793997271,,,
MHL,2009,41.2,1.5,,3.66524129505193,,,0,float,,5.0,128.862235449735,,,
MHL,2010,38.8,3.5,,5.53918680023571,,,0,float,,5.0,144.804965859714,,,
MHL,2011,35.9,2.1,,-0.502512562814076,,,0,float,,5.0,153.240162507255,,,
MHL,2012,37.6,-0.8,,-1.29068462401796,,,0,float,,5.0,157.517100166021,,,
MHL,2013,33.4,-0.2,,3.80898237635019,,,0,float,,5.0,161.91974248927,,,
MHL,2014,34.9,3.2,,-1.25958378970427,,,0,float,,5.0,149.853494623656,,,
MHL,2015,33.9,2.8,,1.88574597892401,,,0,float,,5.0,138.489820359281,,,
MHL,2016,29.2,3.9,,2.5040827436037,,,0,float,,5.0,116.326362735382,,,
MHL,2017,26.5,4.4,,3.55815188528943,,,0,float,,5.0,125.145250350959,,,
MHL,2018,24.7,2.6,,5.48717948717949,,,0,float,,5.0,128.482272727273,,,
MHL,2019,25.1,-1.8,,10.4521147301896,,,0,float,,5.0,153.007728638901,,,
MHL,2020,21.7,2.5,,-2.77288732394366,,,0,float,,5.0,107.825971877585,,,
MHL,2021,19.9,0.2,,2.15939339067452,,,0,float,,5.0,120.056192355466,,,
MHL,2022,19.6,0.5,,-0.700580183196621,,,0,float,,5.0,128.337974710453,,,
MHL,2023,18.2,1.0,,-5.39477377525279,,,0,float,,5.0,118.181818181818,,,
MKD,1999,29.8,0.0,,4.33902791307588,32.4,-1.27928657572628,0,float,,5.0,72.6249786897251,,,
MKD,2000,45.6,2.4,,4.54913578288874,32.2,6.60742291038536,0,float,,5.0,80.1601473580914,,,
MKD,2001,45.2,-5.9,,-3.06725662451662,30.52,5.19888525744048,0,float,,5.0,71.4782105684389,,,
MKD,2002,40.5,-5.2,,1.49366547202928,31.94,2.31459794083216,0,float,,5.0,71.5334846721143,,,
MKD,2003,36.5,-0.1,,2.22260165732409,36.69,0.855562122724219,0,float,,5.0,71.0693204909674,,,
MKD,2004,34.6,0.4,,4.67408957960916,37.161,-0.448650206551934,0,float,,5.0,80.8704849956907,,,
MKD,2005,36.7,0.2,,4.72408864201974,37.32,0.525515950714247,0,float,,5.0,85.8410034787176,,,
MKD,2006,30.6,-0.5,,5.13702516153505,36.392,3.21362929606345,0,float,,5.0,92.5516664675666,,,
MKD,2007,23.5,0.6,,6.47348685752347,35.231,2.2517579830545,0,float,,5.0,106.092966003288,,,
MKD,2008,20.6,-0.9,,5.47200139015595,33.93,8.33189666968108,0,float,,5.0,111.570054713298,,,
MKD,2009,23.7,-2.6,,-0.358614856979671,32.351,-0.739633963061192,0,float,,5.0,87.1767537660809,,,
MKD,2010,24.3,-2.4,,3.35875085773812,33.135,1.50997522027613,0,float,,5.0,97.8810691156562,,,
MKD,2011,27.7,-2.5,,2.33988604520331,31.502,3.9047542206974,0,float,,5.0,113.19191013947,,,
MKD,2012,33.7,-3.8,,-0.456183223607937,31.096,3.31605566687647,0,float,,5.0,112.214834702155,,,
MKD,2013,34.0,-3.8,,2.92525766450484,29.017,2.78500056726109,0,float,,5.0,104.857229956305,,,
MKD,2014,38.0,-4.2,,3.62912351276373,28.215,-0.281705032928494,0,float,,5.0,112.537928969299,,,
MKD,2015,38.0,-3.5,,3.85586514041738,26.395,-0.299920475631462,0,float,,5.0,113.698443879103,,,
MKD,2016,39.7,-2.7,,2.84820519363306,24.312,-0.239290787684501,0,float,,5.0,116.185408418026,,,
MKD,2017,39.4,-2.7,,1.08177273813243,22.857,1.35161889677442,0,float,,5.0,124.13728389629,,,
MKD,2018,40.4,-1.8,,2.88059670964267,21.208,1.45831298507126,0,float,,5.0,133.215207648008,,,
MKD,2019,40.4,-2.0,,3.91041953840173,17.414,0.766439573459805,0,float,,5.0,138.576231840539,,,
MKD,2020,50.8,-8.0,,-4.68845000956652,16.575,1.20007348888469,0,float,,5.0,128.241244322257,,,
MKD,2021,52.7,-5.3,,4.51067949038222,15.801,3.23074912132928,0,float,,5.0,146.721411484074,,,
MKD,2022,50.4,-5.2,,2.75888415332967,14.476,14.2047173195833,0,float,,5.0,166.147357379878,,,
MKD,2023,50.5,-4.6,,2.554965253403,13.174,9.36187249769015,0,float,,5.0,147.79425348309,,,
MLI,2000,77.0,-2.2,,-0.736019992224286,1.412,-0.677661659046769,0,float,,5.0,44.6657609797786,,,
MLI,2001,66.3,-2.4,,15.806031742271,1.332,5.18701191944068,0,float,,5.0,49.3239069918871,,,
MLI,2002,36.0,-2.6,,3.03627540738884,1.36,5.03282275711194,0,float,,5.0,46.3529227420157,,,
MLI,2003,37.7,-1.0,,9.79712256086644,1.272,-1.34672619047621,0,float,,5.0,46.8915346664544,,,
MLI,2004,36.1,-2.0,,1.47732490290102,1.413,-3.09978128063957,0,float,,5.0,44.0120986426998,,,
MLI,2005,39.5,-2.3,,2.53837834888921,1.367,6.39788293897883,0,float,,5.0,44.9124085072514,,,
MLI,2006,15.4,23.7,,3.68960265255278,1.395,1.54352596927582,0,float,,5.0,49.0190773451934,,,
MLI,2007,15.6,-2.3,,1.76004607852802,1.372,1.41200201714577,0,float,,5.0,46.8977916237168,,,
MLI,2008,17.3,-1.7,,3.63871070923719,1.383,9.17098813667678,0,float,,5.0,53.6430193085481,,,
MLI,2009,18.8,-3.2,,5.45473562683669,1.406,2.46375188572299,0,float,,5.0,40.5413815808137,,,
MLI,2010,21.8,-2.2,,5.57678859793515,1.375,1.10892690670186,0,float,,5.0,48.8166953656891,,,
MLI,2011,20.1,-2.9,,2.93537897118415,1.403,2.95564395229392,0,float,,5.0,43.1814699134793,,,
MLI,2012,21.3,-0.8,,-1.07239924147837,1.462,5.32312847064058,0,float,,5.0,49.4252356224725,,,
MLI,2013,22.2,-2.0,,3.29068742053545,1.517,-0.606736356351563,0,float,,5.0,54.603243985999,,,
MLI,2014,22.6,-2.4,,6.50263878386326,1.476,0.883814547137841,0,float,,5.0,51.0786821873053,,,
MLI,2015,25.8,-1.5,,6.23887890181064,1.404,1.45069057605961,0,float,,5.0,53.5751760102265,,,
MLI,2016,30.1,-3.3,,6.00506308559498,1.367,-1.79964707083386,0,float,,5.0,53.6126193604252,,,
MLI,2017,30.1,-2.4,,5.37554769647939,1.498,1.75985742927165,0,float,,5.0,49.4919984941972,,,
MLI,2018,31.4,-4.0,,4.86784999935264,1.62,0.299546507387843,0,float,,5.0,50.6998462523276,,,
MLI,2019,34.3,-1.4,,4.99999911699705,3.29,-1.65826694846365,0,float,,5.0,53.9987132798636,,,
MLI,2020,39.8,-4.6,,-1.16910834857605,3.528,0.438088940320669,0,float,,5.0,56.0415474422019,,,
MLI,2021,43.2,-4.1,,3.10094124463507,4.006,3.92560283104277,0,float,,5.0,56.7150525565465,,,
MLI,2022,42.9,-4.0,,3.70319027585386,2.387,9.62147608489064,0,float,,5.0,61.5613274861987,,,
MLI,2023,44.3,-3.0,,4.76394100040932,2.947,2.05880228274223,0,float,,5.0,57.6291572269296,,,
MLT,1995,45.3,,,6.34249103035094,6.33,4.42664550286654,0,fixed,,5.0,177.062370993843,,,
MLT,1996,51.5,,,3.77733599690488,6.329,2.05400000000009,0,fixed,,5.0,164.0985980519,,,
MLT,1997,60.8,,,5.25698063086301,6.328,3.11207791953272,0,fixed,,5.0,155.659194191704,,,
MLT,1998,66.4,,,5.12560250721334,6.326,2.38525135417661,0,fixed,,5.0,157.046511127364,,,
MLT,1999,69.8,,,4.71997491081015,6.325,2.13476888806386,0,fixed,,5.0,165.170976366334,,,
MLT,2000,64.4,-5.8,,19.6812693530689,6.324,2.36959287531806,0,fixed,,5.0,189.601220243957,,,
MLT,2001,70.0,-6.5,,-0.757203651807174,7.107,2.92949244324104,0,fixed,,5.0,161.325358236484,,,
MLT,2002,65.1,-5.6,,2.74113503379645,6.902,2.18849048060549,0,fixed,,5.0,162.524076304792,,,
MLT,2003,68.6,-9.0,,3.69331066307235,7.488,1.30383777442602,0,fixed,,5.0,154.574162373723,,,
MLT,2004,70.4,-4.3,,0.407354423655889,7.317,2.79082848067754,0,fixed,,5.0,155.889918180937,,,
MLT,2005,70.2,-2.8,,2.88123652429068,6.923,3.00796652450313,0,fixed,,5.0,157.548497906438,,,
MLT,2006,64.5,-2.5,,2.33618870316785,6.798,2.77378006481472,0,fixed,,5.0,182.434054006847,,,
MLT,2007,62.0,-2.1,,5.03640177981643,6.472,1.24921923797629,0,fixed,,5.0,184.831332722969,,,
MLT,2008,61.5,-4.1,,4.41059689827608,5.977,4.25862171897073,1,fixed,,5.0,185.749523071551,,,
MLT,2009,66.0,-3.1,,-1.39524956144803,6.896,2.08432746082343,1,fixed,,5.0,163.556849698349,,,
MLT,2010,65.0,-2.2,,6.19734978656928,6.861,1.51563513618532,1,fixed,,5.0,178.232954637612,,,
MLT,2011,68.9,-3.0,,0.992201768011597,6.388,2.9629852819288,1,fixed,,5.0,192.02734125861,,,
MLT,2012,65.6,-3.3,,4.10167460261891,6.203,2.37582057760386,1,fixed,,5.0,199.213864790311,,,
MLT,2013,64.9,-2.2,,6.29233378116625,6.115,1.1802843636655,1,fixed,,5.0,187.432252396507,,,
MLT,2014,60.7,-1.5,,7.6313628225042,5.737,0.310306472181665,1,fixed,,5.0,181.301126701735,,,
MLT,2015,55.0,-0.8,,9.62070302842181,5.389,1.10054826378929,1,fixed,,5.0,207.196020605057,,,
MLT,2016,53.1,1.1,,4.07800422216982,4.694,0.642702771527304,1,fixed,,5.0,213.35947198583,,,
MLT,2017,45.6,3.4,,12.9713425287845,4.008,1.36435448150708,1,fixed,,5.0,213.047591305197,,,
MLT,2018,41.4,1.9,,7.18921425536917,3.956,1.15782362451517,1,fixed,,5.0,228.098551105175,,,
MLT,2019,39.2,0.7,,4.0850557312243,4.08,1.6420600176894,1,fixed,,5.0,233.070440941958,,,
MLT,2020,48.6,-8.7,,-3.45728232537419,4.856,0.638544956776712,1,fixed,,5.0,242.361190373928,,,
MLT,2021,49.6,-7.0,,13.3509818925498,3.754,1.49789217934724,1,fixed,,5.0,220.072294790099,,,
MLT,2022,50.1,-5.3,,2.59276776884379,3.471,6.15375621933037,1,fixed,,5.0,244.581535518883,,,
MLT,2023,46.8,-4.4,,10.6340558017004,3.479,5.09396758978883,1,fixed,,5.0,221.133296375593,,,
MMR,1998,208.6,-4.9,,5.86621315328905,0.772,51.4875497504079,0,float,,1.0,,,,
MMR,1999,150.7,-4.5,,10.9451299817104,0.75,18.4010433741609,0,float,,1.0,,,,
MMR,2000,164.5,-6.0,,13.7459305561226,0.712,-0.109165514668565,0,float,,1.0,,,,
MMR,2001,262.0,-6.3,,11.3439970699605,0.689,21.101305376923,0,float,,1.0,,,,
MMR,2002,190.6,-4.0,,12.0255134340315,0.685,57.0745112621703,0,float,,1.0,,,,
MMR,2003,146.0,-4.2,,13.8439968903798,0.686,36.5897175323924,0,float,,1.0,,,,
MMR,2004,126.6,-4.6,,13.5646616163416,0.677,4.53421374129692,0,float,,1.0,,,,
MMR,2005,119.0,-3.5,,13.5689500216456,0.672,9.36861814196704,0,float,,1.0,,,,
MMR,2006,103.1,-3.4,,13.0761013792372,0.676,19.9964873359214,0,float,,1.0,,,,
MMR,2007,77.4,-3.5,,11.9914352402146,0.684,35.0245970717698,0,float,,1.0,,,,
MMR,2008,59.8,-2.7,,10.2553053929808,0.7,26.7995371934022,0,float,,1.0,,,,
MMR,2009,56.4,-3.6,,10.5500090961932,0.712,1.47234311385647,0,float,,1.0,,,,
MMR,2010,54.4,-5.4,,9.6344394520444,0.725,7.71838195873614,0,float,,1.0,,,,
MMR,2011,49.9,-4.8,,5.59148237823661,0.749,5.0214601462073,0,float,,1.0,,,,
MMR,2012,48.0,-2.7,,7.33267044704149,0.768,1.46758322674679,0,float,,1.0,,,,
MMR,2013,44.8,-1.5,,8.42600102501767,0.775,5.64303883425501,0,float,,1.0,,,,
MMR,2014,34.5,-1.1,,8.16990745558277,0.763,4.953299184844,0,float,,1.0,,,,
MMR,2015,36.6,-4.3,,6.99284029026121,0.766,9.45417189526018,0,float,,1.0,,,,
MMR,2016,35.7,-2.5,,5.86247291518572,1.058,6.92882525816076,0,float,,1.0,,,,
MMR,2017,41.9,-3.4,,6.13610824360305,1.356,4.5725365531752,0,float,,1.0,,,,
MMR,2018,39.9,-2.8,,6.26886221471075,0.767,6.87232865662935,0,float,,1.0,,,,
MMR,2019,37.6,-4.7,,6.57911006765414,0.407,8.82506696804558,0,float,,1.0,,,,
MMR,2020,49.1,-6.5,,-9.04834717984643,1.476,,0,float,,1.0,,,,
MMR,2021,63.4,-2.2,,-12.0163724829177,4.34,,0,float,,1.0,,,,
MMR,2022,56.0,-2.8,,4.0374934360085,3.063,,0,float,,1.0,,,,
MMR,2023,53.2,-2.8,,0.958446625126115,2.977,,0,float,,1.0,,,,
MNE,2002,85.7,-1.4,,1.90393612601383,30.356,,0,float,,5.0,95.2294000160253,,,
MNE,2003,48.6,-4.1,,2.48265891351525,30.39,,0,float,,5.0,77.5983890107329,,,
MNE,2004,45.4,-2.5,,4.42605147138921,30.342,,0,float,,5.0,100.109654967142,,,
MNE,2005,38.6,-1.4,,4.18060206704946,30.31,,0,float,,5.0,104.625139256659,,,
MNE,2006,36.7,4.3,,8.56641991756757,24.815,2.92451258123648,0,float,,5.0,118.177129375183,,,
MNE,2007,31.8,8.4,,7.13755016459636,19.4,4.34712215656112,0,float,,5.0,128.844214152476,,,
MNE,2008,34.2,-2.3,,6.89860030860218,17.15,8.75872769588798,0,float,,5.0,132.48054069386,,,
MNE,2009,43.9,-6.7,,-5.99444862538753,19.09,3.46672373207793,0,float,,5.0,99.8255760432413,,,
MNE,2010,45.1,-4.9,,2.77559782547836,19.649,0.654946570148479,0,float,,5.0,98.8684992495822,,,
MNE,2011,49.0,-6.8,,3.40978812497193,19.759,3.4501431124869,0,float,,5.0,106.752728264703,,,
MNE,2012,57.1,-5.9,,-2.48732882965353,19.808,4.14524724981119,0,float,,5.0,108.779987603414,,,
MNE,2013,59.2,-4.5,,3.38612548540247,19.585,2.20589268141178,0,float,,5.0,103.785966371179,,,
MNE,2014,63.6,-0.7,,2.37030892464516,18.054,-0.710514051710227,0,float,,5.0,100.438431458711,,,
MNE,2015,69.5,-6.0,,2.52306333975571,17.555,1.54869158222486,0,float,,5.0,104.12510886943,,,
MNE,2016,66.7,-6.2,,3.4393056210999,17.732,-0.271385023385176,0,float,,5.0,104.135954584294,,,
MNE,2017,66.9,-6.9,,3.21668504736274,16.082,2.3802359905313,0,float,,5.0,106.711366689116,,,
MNE,2018,72.9,-6.3,,4.73292113433965,15.19,2.611223782638,0,float,,5.0,111.098935509174,,,
MNE,2019,79.6,-1.7,,4.39391565821528,15.128,0.361563704540767,0,float,,5.0,110.0161238696,,,
MNE,2020,108.4,-10.9,,-14.9926187023533,17.878,-0.255655699848551,0,float,,5.0,87.8612027134909,,,
MNE,2021,86.2,-1.4,,13.0462607426359,16.543,2.41080198403165,0,float,,5.0,105.719249175045,,,
MNE,2022,70.3,-4.0,,7.73954689516201,14.851,13.0403036347004,0,float,,5.0,125.455937754994,,,
MNE,2023,59.6,0.4,,6.47836283518564,13.146,8.58476910455403,0,float,,5.0,116.806669538329,,,
MNG,2006,40.9,7.6,,8.55623481664365,7.193,5.09516661663157,0,float,,5.0,112.929983096983,,,
MNG,2007,36.1,2.6,,10.2480163590057,7.2,9.63096309630964,0,float,,5.0,117.880426425377,,,
MNG,2008,31.0,-4.5,,8.90036794067551,5.565,27.9556650246306,0,float,,5.0,121.198013401183,,,
MNG,2009,48.5,-5.2,,-1.26859893608282,5.86,7.6195059351941,0,float,,5.0,107.813757166177,,,
MNG,2010,31.0,0.4,,6.3651616786311,6.549,10.0462065881651,0,float,,5.0,103.350031656557,,,
MNG,2011,32.7,-4.0,,17.2907775869555,4.769,8.41121495327101,0,float,,5.0,126.999228633482,,,
MNG,2012,43.7,-6.2,,12.3198198494032,3.905,14.3303348325838,0,float,,5.0,109.588564338415,,,
MNG,2013,49.4,-0.9,,11.6489161878925,4.231,10.4906567588241,0,float,,5.0,100.311989662943,,,
MNG,2014,44.0,-3.7,,7.88522548204762,4.798,12.2539808129759,0,float,,5.0,109.322311877187,,,
MNG,2015,50.5,-5.0,,2.37983580731722,4.861,5.73568281938327,0,float,,5.0,89.653663477814,,,
MNG,2016,78.7,-15.3,,1.48978448679577,7.235,0.733272227314397,0,float,,5.0,101.055237224997,,,
MNG,2017,86.9,-3.7,,5.63687638694772,6.359,4.30143105302342,0,float,,5.0,115.932901867963,,,
MNG,2018,76.5,2.9,,7.74488062024881,5.377,6.82424790145522,0,float,,5.0,126.355873241513,,,
MNG,2019,66.8,1.0,,5.60224422064255,9.024,7.30106953550729,0,float,,5.0,124.396514621165,,,
MNG,2020,83.4,-9.2,,-4.55775197583431,6.413,3.7237230614026,0,float,,5.0,112.838647629317,,,
MNG,2021,67.3,-3.0,,1.63676957736662,7.871,7.35894657888155,0,float,,5.0,119.098078437771,,,
MNG,2022,64.5,0.7,,5.0327096366527,5.954,15.1509728200805,0,float,,5.0,136.327929944516,,,
MNG,2023,46.7,2.7,,7.4221127615025,5.178,10.347583131434,0,float,,5.0,142.864246599181,,,
MOZ,1999,94.7,-0.3,,11.816986527255,2.663,,0,float,,6.0,45.5276131355411,,,
MOZ,2000,95.8,-1.3,,0.766234955773442,2.832,,0,float,,6.0,47.9208808015891,,,
MOZ,2001,99.8,-4.4,,12.8516820207736,2.838,,0,float,,6.0,50.4153095777265,,,
MOZ,2002,63.4,-3.4,,9.66850534669427,2.902,,0,float,,6.0,73.309162757423,,,
MOZ,2003,63.2,-2.6,,7.21770086569656,2.857,,0,float,,6.0,70.1683599479183,,,
MOZ,2004,50.8,-3.2,,8.20470494788577,2.953,,0,float,,6.0,72.0520001612374,,,
MOZ,2005,60.1,-2.1,,6.31202378023193,3.035,6.42755278070087,0,float,,6.0,72.0092609780982,,,
MOZ,2006,40.0,-3.0,,9.91067756782915,3.037,13.2450879070999,0,float,,6.0,67.3498976872689,,,
MOZ,2007,31.2,-2.2,,7.64935393795867,3.082,8.48948675497455,0,float,,6.0,66.1203821840516,,,
MOZ,2008,32.8,-1.9,,6.87802942560995,3.112,14.5028053002268,0,float,,6.0,64.981416499828,,,
MOZ,2009,39.3,-4.3,,5.92897187460815,3.207,3.78861330914625,0,float,,6.0,67.898572768141,,,
MOZ,2010,38.6,-3.4,,6.67972935662864,3.259,12.4255421735156,0,float,,6.0,73.8373532681892,,,
MOZ,2011,34.2,-4.3,,7.13405842300445,3.295,11.1666056127874,0,float,,6.0,84.4062119333019,,,
MOZ,2012,36.7,-3.4,,7.9945031610722,3.304,2.60245456956618,0,float,,6.0,105.934588060511,,,
MOZ,2013,49.5,-2.5,,6.57141389665537,3.345,4.26135250941963,0,float,,6.0,109.38537659913,,,
MOZ,2014,63.4,-9.8,,7.70256844839309,3.377,2.55974875844295,0,float,,6.0,116.356855242217,,,
MOZ,2015,86.0,-6.6,,7.3930936986377,3.426,3.55075967356746,0,float,,6.0,98.7612036510901,,,
MOZ,2016,124.8,-5.1,,4.69699024225795,3.65,17.4180418197597,0,float,,6.0,110.394358201481,,,
MOZ,2017,103.8,-2.0,,2.63820737310658,3.935,15.1132073899384,0,float,,6.0,105.745640702087,,,
MOZ,2018,105.5,-5.7,,3.48493202422782,4.21,3.91133439990729,0,float,,6.0,124.607457525372,,,
MOZ,2019,98.3,1.7,,2.31781394821475,4.462,2.80270307928111,0,float,,6.0,105.591171401921,,,
MOZ,2020,120.0,-6.2,,-1.21952250011192,5.019,3.48393567493204,0,float,,6.0,99.906146051979,,,
MOZ,2021,104.3,-5.2,,2.37743572761507,5.413,6.40847652975692,0,float,,6.0,112.078964458333,,,
MOZ,2022,100.4,-5.2,,4.3693080193804,6.789,10.2794018093421,0,float,,6.0,135.274535098995,,,
MOZ,2023,90.8,-4.3,,5.50384456650241,6.661,7.12697482131851,0,float,,6.0,106.026083626657,,,
MRT,2000,55.5,,,-3.91802587923293,10.03,3.25406745833358,0,float,,5.0,58.9403747670668,,,
MRT,2001,63.5,,,-0.799493815789347,10.132,4.7148963468961,0,float,,5.0,60.7012124604715,,,
MRT,2002,59.5,,,1.38148396199058,10.201,3.8957052575849,0,float,,5.0,56.7855296001806,,,
MRT,2003,22.9,,,6.92826955106302,9.911,5.15190150769578,0,float,,5.0,55.3180243332438,,,
MRT,2004,22.0,-3.1,,4.7327579245203,9.77,10.3676233473073,0,float,,5.0,75.2188046787959,,,
MRT,2005,71.1,-3.2,,8.56628724906668,9.59,12.1256487185541,0,float,,5.0,88.2350995596491,,,
MRT,2006,38.0,2.0,,18.3331987597713,9.313,6.2410332814282,0,float,,5.0,82.7885012130323,,,
MRT,2007,61.5,-1.4,,-1.96942275160761,9.482,7.25410841304887,0,float,,5.0,86.0640556779132,,,
MRT,2008,57.2,-3.3,,-0.331079195278377,9.715,7.34663541249786,0,float,,5.0,94.1202110004251,,,
MRT,2009,54.3,-3.6,,0.0978758719728035,10.214,2.22092032381779,0,float,,5.0,82.0086176018151,,,
MRT,2010,43.9,-0.5,,2.62022952055378,10.093,6.28354087427704,0,float,,5.0,93.4207451334608,,,
MRT,2011,38.8,0.1,,4.17278328304418,9.976,5.68631959575954,0,float,,5.0,98.485329604158,,,
MRT,2012,39.3,1.7,,4.47001318233693,9.864,4.90242727217997,0,float,,5.0,110.788122743421,,,
MRT,2013,40.7,-0.7,,4.15081318627171,9.926,4.12910173783393,0,float,,5.0,102.398824183169,,,
MRT,2014,49.5,-2.6,,4.27482327130284,10.026,3.53436856147324,0,float,,5.0,91.610371363604,,,
MRT,2015,59.9,-2.4,,5.37633923694936,10.104,3.25472688117631,0,float,,5.0,77.3467864944966,,,
MRT,2016,57.6,0.1,,1.26090922448303,10.287,1.47171045650004,0,float,,5.0,73.1532616736712,,,
MRT,2017,55.7,0.5,,6.27054569386574,10.336,2.25427651934813,0,float,,5.0,78.8149801833884,,,
MRT,2018,59.2,3.2,,4.77217363890155,10.411,3.06735996058356,0,float,,5.0,89.1467294935148,,,
MRT,2019,57.7,2.6,,3.14100489264639,10.416,2.30009262117937,0,float,,5.0,93.4866941351317,,,
MRT,2020,56.5,2.8,,-0.36065738652286,11.051,2.3856948845632,0,float,,5.0,86.7761681322741,,,
MRT,2021,54.5,2.6,,0.7427154981402,11.131,3.56516484650185,0,float,,5.0,88.3068737571235,,,
MRT,2022,50.3,-3.1,,6.7960049994761,10.52,9.52526628622843,0,float,,5.0,102.025899125696,,,
MRT,2023,48.6,-2.4,,6.80949002457973,10.37,4.95305034506872,0,float,,5.0,92.1654445146742,,,
MUS,2000,56.9,-4.2,,8.20279174865273,9.125,4.19928825622807,0,float,,5.0,120.687648773646,,,
MUS,2001,58.2,-5.3,,3.3475407273143,9.14,5.38934426229508,0,float,,5.0,128.05457898019,,,
MUS,2002,63.0,-4.9,,1.61491865862438,8.205,6.41933372221149,0,float,,5.0,118.230470380251,,,
MUS,2003,66.9,-4.6,,5.9254454894774,8.318,3.92105357558188,0,float,,5.0,108.655579313428,,,
MUS,2004,59.4,-4.2,,4.33001985464323,8.337,4.71037060105883,0,float,,5.0,107.027698267505,,,
MUS,2005,58.3,-4.2,,1.77754302034465,9.524,4.93717004981795,0,float,,5.0,121.608743996836,,,
MUS,2006,55.3,-3.9,,4.86554460775534,9.04,8.91350105650142,0,float,,5.0,124.782280192468,,,
MUS,2007,48.8,-2.9,,5.76380219453068,8.475,8.82729272393294,0,float,,5.0,118.623600490745,,,
MUS,2008,48.8,-2.6,,5.4630565042284,7.17,9.73228317146887,0,float,,5.0,113.493057748566,,,
MUS,2009,56.8,-3.3,,3.36352090607312,7.257,2.51609128145113,0,float,,5.0,102.458365840232,,,
MUS,2010,54.4,-3.0,,4.39672657214976,7.654,2.93236301369857,0,float,,5.0,111.508202075575,,,
MUS,2011,54.9,-3.0,,4.14555262561014,7.447,6.52249254869341,0,float,,5.0,115.552473002804,,,
MUS,2012,54.2,-1.7,,3.51062090167264,7.472,3.85216033315983,0,float,,5.0,117.447639083027,,,
MUS,2013,56.5,-3.3,,3.39755085220649,7.322,3.54329573934839,0,float,,5.0,136.552117959236,,,
MUS,2014,59.1,-3.1,,3.85773905280689,7.467,3.21769191994684,0,float,,5.0,135.099064765426,,,
MUS,2015,63.0,-3.5,,3.71766362108832,7.41,1.28654970760232,0,float,,5.0,133.135069083677,,,
MUS,2016,62.6,-2.7,,3.88576121076034,6.814,0.977675134718965,0,float,,5.0,126.310008998042,,,
MUS,2017,61.3,-1.6,,3.95441730960265,6.752,3.66699702675925,0,float,,5.0,126.964059884888,,,
MUS,2018,63.1,-2.2,,4.11669369456492,6.426,3.2160538314457,0,float,,5.0,123.538984386544,,,
MUS,2019,81.1,-8.2,,2.86394938684734,6.331,0.405655190309553,0,float,,5.0,127.940899064133,,,
MUS,2020,91.9,-10.5,,-14.1974358137792,8.626,2.5808007718283,0,float,,5.0,121.12522550435,,,
MUS,2021,86.1,-4.1,,3.33809084057279,7.719,4.02852888157376,0,float,,5.0,135.19300461461,,,
MUS,2022,81.8,-3.1,,8.3424438025047,6.322,10.7737512242899,0,float,,5.0,147.663795034012,,,
MUS,2023,81.5,-4.5,,4.69918189687444,5.571,7.05298238454736,0,float,,5.0,147.321392128852,,,
MWI,2002,101.5,-4.5,,1.70000003078317,5.248,14.7446346101603,0,float,,5.0,,,,
MWI,2003,84.7,-2.6,,5.70563940467414,5.165,9.57679786919214,0,float,,5.0,,,,
MWI,2004,74.7,-2.6,,5.42049754993828,4.964,11.4298060822124,0,float,,5.0,,,,
MWI,2005,70.9,-1.6,,3.26872602317066,4.935,15.4103446604296,0,float,,5.0,,,,
MWI,2006,17.9,0.0,,4.69999976404691,4.954,13.9742943548388,0,float,,5.0,,,,
MWI,2007,18.9,-2.6,,9.59999987683469,4.876,7.9522099086403,0,float,,5.0,,,,
MWI,2008,23.5,-2.9,,7.63973639944591,4.796,8.71260186609043,0,float,,5.0,,,,
MWI,2009,23.5,-3.0,,8.3281098524038,4.732,8.42204427696655,0,float,,5.0,,,,
MWI,2010,19.3,0.6,,6.87406585416142,4.78,7.41159092883827,0,float,,5.0,,,,
MWI,2011,20.0,-2.8,,4.93266999813729,4.829,7.6228226284852,0,float,,5.0,,,,
MWI,2012,28.6,-1.5,,1.90000000072909,4.949,21.2712650013779,0,float,,5.0,,,,
MWI,2013,35.3,-3.7,,5.41034999817167,4.978,27.2833333333334,0,float,,5.0,,,,
MWI,2014,33.5,-3.1,,5.62527000105139,4.967,23.7920649469687,0,float,,5.0,,,,
MWI,2015,35.5,-4.2,,2.80000000003355,4.953,21.8673475542553,0,float,,5.0,,,,
MWI,2016,37.1,-4.9,,2.49999999914311,5.011,21.7111132136499,0,float,,5.0,,,,
MWI,2017,40.0,-5.2,,4.00000000089172,5.046,11.5433939188771,0,float,,5.0,45.3003137160008,,,
MWI,2018,40.8,-4.3,,4.35356471619211,5.021,12.420178108921,0,float,,5.0,43.578773489,,,
MWI,2019,41.2,-4.5,,5.71682519194337,4.964,9.3708360560567,0,float,,5.0,44.1954524635798,,,
MWI,2020,53.9,-8.0,,0.793596429787286,5.72,8.62551469650552,0,float,,5.0,41.0323429397328,,,
MWI,2021,66.5,-8.3,,4.55829212016083,5.652,9.33014410835212,0,float,,5.0,44.5957618170542,,,
MWI,2022,75.7,-9.3,,0.921115069005936,5.02,20.953969729969,0,float,,5.0,43.616624856781,,,
MWI,2023,86.7,-7.8,,1.94575281675984,5.009,28.7897428247298,0,float,,5.0,42.4376683990967,,,
MYS,1990,74.1,0.1,,9.00852713774628,,2.61780104712051,0,peg,,4.0,146.888252533989,,,
MYS,1991,67.3,1.6,,9.54546741443052,3.7,4.358333333333,0,peg,,4.0,159.311447263255,,,
MYS,1992,59.1,1.8,,8.88511797832156,3.71,4.76722829992821,0,peg,,4.0,150.611220981935,,,
MYS,1993,51.1,3.4,,9.89494333377064,4.11,3.53658536585389,0,peg,,4.0,157.940462501597,,,
MYS,1994,43.7,5.4,,9.21204179334867,3.64,3.72497055359284,0,peg,,4.0,179.904942673986,,,
MYS,1995,38.2,3.1,,9.82908519730812,3.15,3.45057509584895,0,peg,,4.0,192.113200253514,,,
MYS,1996,32.8,3.3,,10.0027006861844,2.52,3.48855945858916,0,peg,,4.0,181.766982485457,,,
MYS,1997,29.6,4.8,,7.32274185035924,2.45,2.66251459711946,0,peg,,4.0,185.66511116237,,,
MYS,1998,33.6,-0.6,,-7.35941518817556,3.2,5.27034200348766,0,peg,,4.0,209.492202808189,,,
MYS,1999,34.4,-3.0,,6.13761201057692,3.43,2.74456130240604,0,peg,,4.0,217.570919391949,,,
MYS,2000,32.5,-6.1,,8.85886816969386,3.0,1.53474023697699,0,peg,,4.0,220.406788982074,,,
MYS,2001,38.1,-4.4,,0.517675319192861,3.53,1.41678473206098,0,peg,,4.0,203.364636010653,,,
MYS,2002,39.5,-4.0,,5.39098830692797,3.48,1.80787246281536,0,peg,,4.0,199.356232695655,,,
MYS,2003,41.4,-4.6,,5.7884992858875,3.61,1.08967632577286,0,peg,,4.0,194.195129056831,,,
MYS,2004,42.0,-3.4,,6.78343772370305,3.54,1.42127115937402,0,peg,,4.0,210.374265897124,,,
MYS,2005,40.8,-2.8,,5.33213916141486,3.53,2.97507092684449,0,peg,,4.0,203.854644595624,,,
MYS,2006,39.7,-2.6,,5.5848470671515,3.32,3.60923564224389,0,peg,,4.0,202.577146840398,,,
MYS,2007,39.3,-2.6,,6.29878592740947,3.31,2.02735317779569,0,peg,,4.0,192.465506357652,,,
MYS,2008,39.4,-3.4,,4.83176988913097,3.34,5.44078221100769,0,peg,,4.0,176.668324785148,,,
MYS,2009,50.4,-5.9,,-1.51352871598714,3.62,0.583308405623702,0,peg,,4.0,162.558970452699,,,
MYS,2010,51.2,-4.3,,7.42484738326097,3.32,1.62285235577035,0,peg,,4.0,157.944764886771,,,
MYS,2011,51.9,-3.6,,5.29391283414003,3.05,3.1744709215131,0,peg,,4.0,154.937684607226,,,
MYS,2012,53.8,-3.1,,5.47345419253853,3.04,1.66357102479206,0,peg,,4.0,147.841754766013,,,
MYS,2013,55.7,-3.5,,4.69372252557893,3.14,2.10501231233612,0,peg,,4.0,142.720991464873,,,
MYS,2014,55.4,-2.6,,6.00672194558203,2.88,3.14299050879095,0,peg,,4.0,138.312231176843,,,
MYS,2015,57.0,-2.5,,5.09153242155011,3.1,2.10438980238359,0,peg,,4.0,131.37007244526,,,
MYS,2016,55.8,-2.6,,4.44978139761541,3.44,2.09056659525742,0,peg,,4.0,126.8990100257,,,
MYS,2017,54.4,-2.4,,5.81272240983328,3.41,3.87120115774237,0,peg,,4.0,133.155173371956,,,
MYS,2018,55.6,-2.6,,4.84308697634881,3.3,0.884709160571235,0,peg,,4.0,130.402625502126,,,
MYS,2019,57.1,-2.0,,4.41318742129586,3.33,0.662891865764326,0,peg,,4.0,123.028562027943,,,
MYS,2020,67.7,-4.9,,-5.45684658426701,4.54,-1.1387021539305,0,peg,,4.0,116.788182437638,,,
MYS,2021,69.2,-6.0,,3.31534954399166,4.64,2.47710241465447,0,peg,,4.0,134.035994690727,,,
MYS,2022,65.5,-4.6,,9.03173723044451,3.93,3.37869862549928,0,peg,,4.0,146.424604753908,,,
MYS,2023,69.7,-4.1,,3.5370638041057,3.858,2.48886560125754,0,peg,,4.0,132.593461641599,,,
NAM,1993,17.2,-2.7,,-1.57953915916903,19.078,,0,float,,5.0,96.0955780096704,,,
NAM,1994,16.4,-0.6,,1.72987948847074,19.4,,0,float,,5.0,89.4936808345247,,,
NAM,1995,18.0,-1.7,,3.8990142211043,21.34,,0,float,,5.0,93.5608471865094,,,
NAM,1996,18.7,-3.7,,3.19132430111469,22.844,,0,float,,5.0,96.5442239771745,,,
NAM,1997,17.7,-2.4,,4.22010030384476,24.45,,0,float,,5.0,92.8410903733921,,,
NAM,1998,19.6,-2.8,,3.29158562064818,23.083,,0,float,,5.0,92.1305009296504,,,
NAM,1999,21.8,-1.9,,3.36927842445498,21.668,,0,float,,5.0,91.1002051465947,,,
NAM,2000,20.9,-0.8,,3.49218336365178,20.3,,0,float,,5.0,85.1322442947268,,,
NAM,2001,24.4,-2.0,,1.17794869467917,21.009,,0,float,,5.0,88.5841018380245,,,
NAM,2002,22.2,-1.4,,4.7886612188211,21.538,,0,float,,5.0,94.4152228948906,,,
NAM,2003,27.1,-4.5,,4.23979429582137,22.104,7.1361531145863,0,float,,5.0,95.9524743817213,,,
NAM,2004,29.2,-2.7,,12.2695481036769,22.09,4.13663213144748,0,float,,5.0,81.8622605916543,,,
NAM,2005,26.9,-0.3,,2.52926265819022,22.108,2.28194607024307,0,float,,5.0,80.6803802939816,,,
NAM,2006,26.1,3.4,,7.07317531845825,21.848,4.96116689298916,0,float,,5.0,86.8339693259998,,,
NAM,2007,19.4,6.0,,5.37404415167634,22.12,6.54788141101717,0,float,,5.0,104.979303758915,,,
NAM,2008,19.1,3.5,,2.64981203780268,22.005,9.0946430719281,0,float,,5.0,119.644498184785,,,
NAM,2009,15.9,-0.4,,0.295970914001089,22.271,9.45172651521705,0,float,,5.0,123.762844292976,,,
NAM,2010,16.3,-5.0,,6.03924947955858,22.12,4.8749198764395,0,float,,5.0,108.072477173606,,,
NAM,2011,27.4,-7.1,,5.09133813864338,19.481,5.005595180812,0,float,,5.0,102.189147754138,,,
NAM,2012,24.6,-3.1,,5.0616820696264,16.771,6.72199777334886,0,float,,5.0,100.2134087743,,,
NAM,2013,26.1,-4.7,,5.61471962254485,19.028,5.60092502290401,0,float,,5.0,97.7249042303832,,,
NAM,2014,27.6,-6.4,,6.09251915977956,18.521,5.35016966859602,0,float,,5.0,103.080137009254,,,
NAM,2015,42.1,-8.3,,4.26417453763675,20.791,3.39401538410559,0,float,,5.0,97.2390317873478,,,
NAM,2016,45.8,-9.3,,0.0337944502063294,23.352,6.72858234593338,0,float,,5.0,93.966187960162,,,
NAM,2017,43.8,-5.0,,-1.02724808856709,21.748,6.14579981111164,0,float,,5.0,81.2196661011436,,,
NAM,2018,48.7,-5.1,,1.05993949860752,19.877,4.29159105337875,0,float,,5.0,81.7138652963804,,,
NAM,2019,57.6,-5.5,,-0.839152163419357,19.929,3.72239414422695,0,float,,5.0,82.9011507426355,,,
NAM,2020,64.3,-8.1,,-8.10140201443319,21.003,2.20938236933469,0,float,,5.0,76.9252424036465,,,
NAM,2021,69.6,-8.7,,3.60382919248703,20.931,3.61690530108814,0,float,,5.0,83.5443030923624,,,
NAM,2022,70.1,-6.3,,5.3987247803654,19.615,6.08128114112413,0,float,,5.0,99.2625547814064,,,
NAM,2023,67.9,-3.1,,4.32498048866805,19.154,5.87993463284275,0,float,,5.0,109.8175996703,,,
NAQ,1998,71.6,,,,,,0,float,,5.0,,,,
NAQ,1999,68.7,1.5,,,,,0,float,,5.0,,,,
NAQ,2000,64.8,3.9,,,,,0,float,,5.0,,,,
NAQ,2001,65.3,-0.6,,,,,0,float,,5.0,,,,
NAQ,2002,65.9,-2.9,,,,,0,float,,5.0,,,,
NAQ,2003,64.8,-0.3,,,,,0,float,,5.0,,,,
NAQ,2004,59.6,0.7,,,,,0,float,,5.0,,,,
NAQ,2005,57.4,4.6,,,,,0,float,,5.0,,,,
NAQ,2006,51.6,5.6,,,,,0,float,,5.0,,,,
NAQ,2007,44.5,3.8,,,,,0,float,,5.0,,,,
NAQ,2008,38.0,4.8,,,,,0,float,,5.0,,,,
NAQ,2009,42.9,-5.1,,,,,0,float,,5.0,,,,
NAQ,2010,43.4,-2.4,,,,,0,float,,5.0,,,,
NAQ,2011,43.8,-5.9,,,,,0,float,,5.0,,,,
NAQ,2012,45.0,-3.1,,,,,0,float,,5.0,,,,
NAQ,2013,49.5,-7.8,,,,,0,float,,5.0,,,,
NAQ,2014,50.9,-9.7,,,,,0,float,,5.0,,,,
NAQ,2015,57.1,-11.3,,,,,0,float,,5.0,,,,
NAQ,2016,65.1,-11.5,,,,,0,float,,5.0,,,,
NAQ,2017,64.7,-7.9,,,,,0,float,,5.0,,,,
NAQ,2018,64.8,-4.9,,,,,0,float,,5.0,,,,
NAQ,2019,64.4,-5.2,,,,,0,float,,5.0,,,,
NAQ,2020,74.0,-9.1,,,,,0,float,,5.0,,,,
NAQ,2021,77.6,-5.8,,,,,0,float,,5.0,,,,
NAQ,2022,75.3,-3.7,,,,,0,float,,5.0,,,,
NAQ,2023,76.2,-5.6,,,,,0,float,,5.0,,,,
NER,1995,69.4,-3.2,,2.4572441223155,1.494,10.5632886691814,0,float,,5.0,34.7775356997428,,,
NER,1996,63.5,-0.4,,0.100530504281409,1.498,5.28885751264882,0,float,,5.0,36.539997643493,,,
NER,1997,69.1,-2.4,,1.52747571050666,1.503,2.93345253394422,0,float,,5.0,33.1743453903346,,,
NER,1998,61.3,-2.2,,9.97261495642444,1.381,4.5480157771872,0,float,,5.0,35.0196895457842,,,
NER,1999,63.3,-4.3,,-0.2195625179166,1.385,-2.30212503849648,0,float,,5.0,31.3752367245391,,,
NER,2000,82.1,-2.8,,-1.20847774100575,1.427,2.90014973599108,0,float,,5.0,34.7127807043604,,,
NER,2001,74.0,-2.6,,7.26813490213235,1.47,4.00551428352678,0,float,,5.0,33.0136670843015,,,
NER,2002,69.0,-2.2,,4.91847057594622,1.808,2.62886597938136,0,float,,5.0,30.8343857497549,,,
NER,2003,60.6,-2.2,,2.1706103837418,2.145,-1.61440769175596,0,float,,5.0,33.3827931416238,,,
NER,2004,55.0,-2.8,,0.363801578722132,2.751,0.262543757292838,0,float,,5.0,36.9641044464896,,,
NER,2005,49.5,-1.5,,7.33186884258517,3.1,7.7974978178644,0,float,,5.0,38.3477418070736,,,
NER,2006,18.3,31.0,,5.93104997350342,2.528,0.0404858299595074,0,float,,5.0,36.5313731842429,,,
NER,2007,17.8,-0.7,,3.14272408386731,2.021,0.0539592607581562,0,float,,5.0,35.5028028471007,,,
NER,2008,14.2,1.1,,7.73141422777337,1.584,11.3051098827019,0,float,,5.0,39.7112440540383,,,
NER,2009,15.9,-3.9,,1.96260090694645,1.208,0.582906590801122,0,float,,5.0,49.5122567031625,,,
NER,2010,15.1,-1.0,,8.57816674262253,0.718,0.804073080882659,0,float,,5.0,51.9459863027627,,,
NER,2011,14.7,-2.2,,2.35775693603874,0.316,2.9423851401332,0,float,,5.0,50.2463951569345,,,
NER,2012,18.1,-0.8,,10.5489445763446,2.177,0.455089820359289,0,float,,5.0,45.08596447308,,,
NER,2013,19.6,-1.9,,5.31513063394726,1.401,2.29723114955317,0,float,,5.0,46.2951491493291,,,
NER,2014,22.1,-6.1,,6.64213665495603,0.524,-0.930287259984466,0,float,,5.0,45.7416008365932,,,
NER,2015,29.9,-6.7,,4.39264883207291,0.556,-0.576090369833189,0,float,,5.0,44.727430371186,,,
NER,2016,32.8,-4.5,,4.28137558478143,0.55,1.65388922387806,0,float,,5.0,36.6748378115692,,,
NER,2017,36.5,-4.1,,5.53198531271451,0.556,2.79637318871284,0,float,,5.0,39.0298956366247,,,
NER,2018,37.0,-3.0,,6.89458420864513,0.536,2.96760366004456,0,float,,5.0,38.2929695977016,,,
NER,2019,39.8,-3.6,,6.07881528959186,0.531,-2.48979265070855,0,float,,5.0,39.289303673296,,,
NER,2020,45.0,-4.8,,4.45481803846413,0.591,2.8981937602627,0,float,,5.0,36.3388196908038,,,
NER,2021,51.3,-6.1,,1.11520063869706,0.806,3.8378680284051,0,float,,5.0,38.0460948786617,,,
NER,2022,50.7,-6.8,,12.2215497467041,0.403,4.22621791916392,0,float,,5.0,37.1460454100715,,,
NER,2023,51.8,-5.4,,2.63516980401258,0.407,3.70097316425834,0,float,,5.0,30.7176535069056,,,
NGA,1990,50.9,-0.5,,11.7768859342067,,7.36440030557697,0,float,,5.0,,,,
NGA,1991,53.2,-1.2,,0.358352601622002,3.831,13.0069731037427,0,float,,5.0,,,,
NGA,1992,49.8,0.9,,4.63119294610988,3.79,44.588842715023,0,float,,5.0,,,,
NGA,1993,50.4,-6.1,,-2.03511877399539,4.023,57.1652528349217,0,float,,5.0,,,,
NGA,1994,39.7,-3.0,,-1.81492448517923,4.064,57.031708911966,0,float,,5.0,,,,
NGA,1995,24.2,2.5,,-0.0726647640626794,4.152,72.8355022972636,0,float,,5.0,,,,
NGA,1996,17.9,3.4,,4.19592404666709,4.043,29.2682926829272,0,float,,5.0,,,,
NGA,1997,17.1,1.1,,2.93709941923106,3.964,8.52987421383633,0,float,,5.0,,,,
NGA,1998,15.8,-3.5,,2.58125410190809,3.922,9.99637812386806,0,float,,5.0,,,,
NGA,1999,46.1,-1.4,,0.584126892882125,3.986,6.61837339479756,0,float,,5.0,,,,
NGA,2000,40.9,2.9,,5.01593475936546,3.953,6.9332921556516,0,float,,5.0,,,,
NGA,2001,37.7,-2.3,,5.91768464924425,3.9,18.8736462093863,0,float,,5.0,,,,
NGA,2002,30.7,1.0,,15.3291557409618,3.669,12.8765792031099,0,float,,5.0,,,,
NGA,2003,29.9,-1.6,,7.34719496793299,3.637,14.0317836131437,0,float,,5.0,,,,
NGA,2004,25.2,3.9,,9.25055822923169,3.59,14.9980338183251,0,float,,5.0,,,,
NGA,2005,13.4,3.5,,6.43851652535925,3.727,17.8634933661605,0,float,,5.0,,,,
NGA,2006,6.7,6.2,,6.05942803202491,3.749,8.22743678120907,0,float,,5.0,,,,
NGA,2007,5.8,-0.8,,6.59113036066867,3.794,5.38610421570143,0,float,,5.0,,,,
NGA,2008,5.2,4.0,,6.76447277784263,3.792,11.583054796681,0,float,,5.0,,,,
NGA,2009,6.1,-3.8,,8.03692510100366,3.763,12.5379242951095,0,float,,5.0,,,,
NGA,2010,6.7,-3.0,,8.00565591623166,3.744,13.7400521363694,0,float,,5.0,,,,
NGA,2011,12.4,0.3,,5.30792420293915,3.77,10.8261371880018,0,float,,5.0,,,,
NGA,2012,12.5,-0.1,,4.23006117492493,3.761,12.2242413020582,0,float,,5.0,,,,
NGA,2013,13.0,-1.9,,6.67133539308232,3.711,8.49551838265678,0,float,,5.0,,,,
NGA,2014,15.8,-1.7,,6.30971865521856,3.9,8.04741087967907,0,float,,5.0,,,,
NGA,2015,14.9,-2.7,,2.65269329541779,4.134,9.00943498007706,0,float,,5.0,,,,
NGA,2016,17.4,-3.3,,-1.61686894903467,4.499,15.6968126387972,0,float,,5.0,,,,
NGA,2017,18.0,-3.8,,0.805886619091581,4.83,16.5022662139641,0,float,,5.0,,,,
NGA,2018,20.4,-3.1,,1.92275734199798,5.069,12.0951065173432,0,float,,5.0,,,,
NGA,2019,21.4,-3.3,,2.20842927835211,5.206,11.3964223378115,0,float,,5.0,,,,
NGA,2020,25.7,-4.0,,-6.36889840468527,5.714,13.2460234276598,0,float,,5.0,,,,
NGA,2021,26.6,-4.0,,1.109252540249,5.404,16.9528457221608,0,float,,5.0,,,,
NGA,2022,29.8,-4.0,,4.31882949157136,3.827,18.8471877843274,0,float,,5.0,,,,
NGA,2023,36.3,-3.1,,3.31590368111438,3.074,24.659550203114,0,float,,5.0,,,,
NIC,1997,86.4,,,3.96665092760821,7.1,,0,float,,3.0,58.0055306487605,,,
NIC,1998,86.5,,,3.71168146396694,7.203,,0,float,,3.0,57.0137150680369,,,
NIC,1999,99.8,,,7.03597046350201,7.18,,0,float,,3.0,62.5376445208417,,,
NIC,2000,95.2,2.2,,4.10159025073438,7.181,7.06991352252517,0,float,,3.0,61.2984974600022,,,
NIC,2001,87.5,0.3,,2.96084349057273,7.222,5.98604186279518,0,float,,3.0,57.9801315472268,,,
NIC,2002,110.4,2.1,,0.753938876079573,7.517,3.75017465778466,0,float,,3.0,58.0912844080785,,,
NIC,2003,109.5,1.3,,2.52073289551447,7.6,5.30238773219936,0,float,,3.0,62.1750658877514,,,
NIC,2004,84.0,1.7,,5.31217056950739,6.41,8.47021063584077,0,float,,3.0,67.195316780004,,,
NIC,2005,66.6,1.7,,4.28239833770654,5.37,9.59909986064425,0,float,,3.0,71.6457237072991,,,
NIC,2006,51.2,1.4,,4.15294559846254,5.31,9.1401996677772,0,float,,3.0,87.309670832079,,,
NIC,2007,30.9,1.9,,5.0763520180987,4.89,11.1269347446118,0,float,,3.0,93.025730229333,,,
NIC,2008,26.0,0.3,,3.43571693608081,6.2,19.8262031287429,0,float,,3.0,96.7939847302055,,,
NIC,2009,29.3,-0.9,,-3.2926651586197,8.16,3.68700160498797,0,float,,3.0,86.9936104453444,,,
NIC,2010,30.3,0.7,,4.41009911716546,7.83,5.45513425887423,0,float,,3.0,100.364058423919,,,
NIC,2011,28.8,0.6,,6.31668553491842,6.613,8.082387980991,0,float,,3.0,111.827453935999,,,
NIC,2012,27.9,0.2,,6.4961364710876,5.208,7.1935505333896,0,float,,3.0,115.177288474198,,,
NIC,2013,28.8,-0.3,,4.92709413447304,5.28,7.13546785289407,0,float,,3.0,110.984207880382,,,
NIC,2014,28.7,-0.9,,4.78546013589983,4.52,6.03596861798425,0,float,,3.0,106.698200190796,,,
NIC,2015,28.9,-1.6,,4.79226768332697,4.7,3.99737996694396,0,float,,3.0,98.194164594236,,,
NIC,2016,30.9,-1.9,,4.56314739524967,3.9,3.52317317628473,0,float,,3.0,93.8137278130087,,,
NIC,2017,34.7,-1.8,,4.63120757580209,3.3,3.85067166284727,0,float,,3.0,96.3805864351182,,,
NIC,2018,39.1,-4.3,,-3.3633566598573,5.2,4.94723728039886,0,float,,3.0,93.9847404925404,,,
NIC,2019,44.2,-1.1,,-2.89686986728901,5.457,5.37628990844126,0,float,,3.0,94.0422159246213,,,
NIC,2020,49.2,-2.6,,-2.23654176262323,6.18,3.68181341625572,0,float,,3.0,88.6381231228968,,,
NIC,2021,48.4,-1.3,,10.4543887816515,6.076,4.92841396948968,0,float,,3.0,106.20739806697,,,
NIC,2022,45.9,0.6,,3.55027477135765,4.969,10.4674244465991,0,float,,3.0,115.454670931919,,,
NIC,2023,42.4,2.3,,4.42779393186883,4.698,8.38765854872536,0,float,,3.0,105.019535579852,,,
NLD,1980,43.6,-4.2,,1.34191409240884,,6.51345686297215,0,fixed,,10.0,99.8801255665252,,,
NLD,1981,46.9,-5.2,,-0.78361166175803,,6.73892955078451,0,fixed,,10.0,104.957946798652,,,
NLD,1982,52.4,-5.8,,-1.24075669199284,,5.91109323984916,0,fixed,,10.0,104.595244781537,,,
NLD,1983,58.4,-5.6,,2.06995815677583,,2.74084282543433,0,fixed,,10.0,104.89857252468,,,
NLD,1984,61.9,-6.3,,3.06167877138195,,3.30163841997983,0,fixed,,10.0,110.639752105287,,,
NLD,1985,67.1,-4.3,,2.58018000128781,,2.25858401255268,0,fixed,,10.0,114.574086243885,,,
NLD,1986,68.9,-4.2,,2.78697583712109,,0.0833479494867508,0,fixed,,10.0,97.2090454633133,,,
NLD,1987,71.3,-5.3,,1.9312485744144,,-0.691203091336868,0,fixed,,10.0,95.7408886931331,,,
NLD,1988,73.7,-4.4,,3.44121890433911,,0.737943045747553,0,fixed,,10.0,100.058045106216,,,
NLD,1989,73.7,-5.1,,4.42011793059889,,1.08216015577775,0,fixed,,10.0,106.116656313132,,,
NLD,1990,75.0,-4.1,,4.18322289611109,,2.45408985919675,0,fixed,,10.0,104.115680713624,,,
NLD,1991,74.8,-2.1,,2.4391343395225,7.285,3.15819751859096,0,fixed,,10.0,105.194616821176,,,
NLD,1992,75.6,-3.1,,1.70607100505794,5.555,3.18358569499581,0,fixed,,10.0,102.080770696115,,,
NLD,1993,76.7,-3.1,,1.25755214528137,6.287,2.58418115634715,0,fixed,,10.0,99.0328336645559,,,
NLD,1994,73.5,-3.5,,2.96109252246121,7.159,2.80152693672192,0,fixed,,10.0,103.046028953898,,,
NLD,1995,73.0,-8.7,,3.11603593857495,7.157,1.92322457166359,0,fixed,,10.0,107.916808067097,,,
NLD,1996,71.2,-1.9,,3.42063535269868,6.421,2.11378787066774,0,fixed,,10.0,108.664639443962,,,
NLD,1997,65.7,-1.6,,4.24847396941847,5.511,2.10924562739483,0,fixed,,10.0,114.295027863442,,,
NLD,1998,62.7,-1.3,,4.64770326997895,4.394,1.95913632274257,0,fixed,,10.0,112.408095451564,,,
NLD,1999,58.6,0.3,,5.04334216651563,3.622,2.1571791805505,1,fixed,,10.0,114.327740793016,,,
NLD,2000,52.2,1.1,,4.21970034558892,2.725,2.36052233801958,1,fixed,,10.0,125.667030082421,,,
NLD,2001,49.4,-0.5,,2.32358454925847,2.119,4.15584127195612,1,fixed,,10.0,119.47546387654,,,
NLD,2002,48.7,-2.2,,0.24582951723049,2.554,3.28753104712766,1,fixed,,10.0,112.750024358671,,,
NLD,2003,49.8,-3.2,,0.0978549395212411,3.593,2.09199838997655,1,fixed,,10.0,111.30450319576,,,
NLD,2004,50.1,-1.8,,2.01628331561487,4.646,1.26364739183177,1,fixed,,10.0,116.958160026939,,,
NLD,2005,49.6,-0.5,,2.03401576512488,5.872,1.6881301786962,1,fixed,,10.0,122.255849523252,,,
NLD,2006,45.0,0.0,,3.53729585853395,5.007,1.10150106517709,1,fixed,,10.0,127.195613539333,,,
NLD,2007,42.7,-0.2,,3.88542348324803,4.153,1.61385859802102,1,fixed,,10.0,129.798241740597,,,
NLD,2008,54.4,-0.1,,2.11674514240192,3.658,2.48650198289457,1,fixed,,10.0,130.152049980117,,,
NLD,2009,56.3,-5.1,,-3.66528147002826,4.352,1.18977687021548,1,fixed,,10.0,115.109660363107,,,
NLD,2010,58.9,-5.3,,1.31935287897116,4.991,1.27530569556679,1,fixed,,10.0,130.081707935343,,,
NLD,2011,61.2,-4.4,,1.77330320575034,4.977,2.34107017751373,1,fixed,,10.0,141.757099325776,,,
NLD,2012,65.7,-3.8,,-0.977826121310997,5.821,2.45554765291614,1,fixed,,10.0,149.393223058131,,,
NLD,2013,67.2,-2.9,,-0.0302410184270769,7.241,2.50689852657875,1,fixed,,10.0,150.651850226949,,,
NLD,2014,67.2,-2.2,,1.61255885112396,7.419,0.976035079699679,1,fixed,,10.0,151.715891056501,,,
NLD,2015,63.8,-1.8,,2.12064007193544,6.872,0.600248147278776,1,fixed,,10.0,160.325812564809,,,
NLD,2016,60.9,0.2,,2.42428065449427,6.007,0.316666666666652,1,fixed,,10.0,150.96552921165,,,
NLD,2017,56.0,1.4,,2.78150834679987,4.837,1.38145871407216,1,fixed,,10.0,159.646059656847,,,
NLD,2018,51.6,1.5,,2.25873158164956,3.832,1.70349794744479,1,fixed,,10.0,163.559146573044,,,
NLD,2019,47.7,1.9,,2.3001616053659,3.379,2.63369910249591,1,fixed,,10.0,160.676671884999,,,
NLD,2020,53.4,-3.7,,-3.86799714191608,3.82,1.27246037789161,1,fixed,,10.0,152.233230409706,,,
NLD,2021,50.5,-2.3,,6.27683593745216,4.209,2.67572008805385,1,fixed,,10.0,163.154842689698,,,
NLD,2022,48.4,0.0,,5.00723453395074,3.526,10.0012078753473,1,fixed,,10.0,184.107484252682,,,
NLD,2023,45.8,-0.4,,-0.598061017580278,3.535,3.83839354342808,1,fixed,,10.0,165.030429478933,,,
NMQ,2001,54.1,-0.6,,,,,0,float,,5.0,,,,
NMQ,2002,56.3,-3.5,,,,,0,float,,5.0,,,,
NMQ,2003,59.1,-4.3,,,,,0,float,,5.0,,,,
NMQ,2004,65.2,-3.7,,,,,0,float,,5.0,,,,
NMQ,2005,64.4,-2.6,,,,,0,float,,5.0,,,,
NMQ,2006,63.0,-1.7,,,,,0,float,,5.0,,,,
NMQ,2007,63.1,-2.4,,,,,0,float,,5.0,,,,
NMQ,2008,71.2,-5.6,,,,,0,float,,5.0,,,,
NMQ,2009,83.9,-11.9,,,,,0,float,,5.0,,,,
NMQ,2010,90.9,-10.0,,,,,0,float,,5.0,,,,
NMQ,2011,94.4,-8.7,,,,,0,float,,5.0,,,,
NMQ,2012,97.8,-7.3,,,,,0,float,,5.0,,,,
NMQ,2013,99.1,-4.2,,,,,0,float,,5.0,,,,
NMQ,2014,99.3,-3.7,,,,,0,float,,5.0,,,,
NMQ,2015,101.1,-3.3,,,,,0,float,,5.0,,,,
NMQ,2016,103.4,-4.0,,,,,0,float,,5.0,,,,
NMQ,2017,102.2,-4.2,,,,,0,float,,5.0,,,,
NMQ,2018,103.3,-4.7,,,,,0,float,,5.0,,,,
NMQ,2019,104.2,-5.2,,,,,0,float,,5.0,,,,
NMQ,2020,127.8,-13.4,,,,,0,float,,5.0,,,,
NMQ,2021,120.5,-10.4,,,,,0,float,,5.0,,,,
NMQ,2022,114.4,-3.4,,,,,0,float,,5.0,,,,
NMQ,2023,114.8,-7.1,,,,,0,float,,5.0,,,,
NOR,1980,47.9,5.2,,4.5267984596924,,10.8786610878661,0,float,,10.0,78.521808809333,,,
NOR,1981,43.5,4.6,,1.67423049803278,,13.6429608127721,0,float,,10.0,77.4842445780185,,,
NOR,1982,38.6,3.7,,0.242440465084144,,11.3409961685823,0,float,,10.0,76.3624049182036,,,
NOR,1983,35.5,5.8,,3.94088668258857,,8.46524432209224,0,float,,10.0,74.2680662667809,,,
NOR,1984,35.3,6.7,,6.07555820534726,,6.21827411167509,0,float,,10.0,74.9360294700151,,,
NOR,1985,37.0,9.5,,5.56110673396684,,5.71485463958583,0,float,,10.0,76.0018978445908,,,
NOR,1986,46.1,5.5,,4.04765910229874,,7.1764927481635,0,float,,10.0,70.0384637266886,,,
NOR,1987,38.6,4.2,,1.74427870145095,,8.7170474516696,0,float,,10.0,65.2582968386749,,,
NOR,1988,32.6,2.4,,-0.330025653077698,,6.6763659877142,0,float,,10.0,64.6869047259094,,,
NOR,1989,32.5,1.6,,1.02954207990309,,4.5461433550538,0,float,,10.0,70.0937201147593,,,
NOR,1990,29.1,2.0,,1.95899042256056,,4.1310334831135,0,float,,10.0,71.8452333145932,,,
NOR,1991,39.5,-0.1,,2.85865596855008,5.407,3.43819599109134,0,float,,10.0,70.1792337397934,,,
NOR,1992,45.3,-2.1,,3.56422602983729,5.91,2.32808504911848,0,float,,10.0,67.2953094402868,,,
NOR,1993,54.0,-1.7,,2.87306009185421,5.965,2.28826933193061,0,float,,10.0,67.7921683806396,,,
NOR,1994,51.0,0.0,,5.03933284247313,5.349,1.37567498071478,0,float,,10.0,68.2379055731218,,,
NOR,1995,32.9,3.0,,4.15289526465317,6.307,2.46036778693729,0,float,,10.0,67.8923256141964,,,
NOR,1996,28.6,6.0,,4.96949434701779,5.036,1.26253249164501,0,float,,10.0,70.8364157021835,,,
NOR,1997,26.0,7.4,,5.09208924000464,4.687,2.56692335900252,0,float,,10.0,72.8541136556404,,,
NOR,1998,23.8,3.1,,2.72590814782492,3.737,2.25241329996429,0,float,,10.0,72.3335193420145,,,
NOR,1999,25.1,5.8,,2.18261230296261,3.247,2.36596736596733,0,float,,10.0,70.081642418765,,,
NOR,2000,28.8,15.1,,3.443416131481,3.458,3.08550609131279,0,float,,10.0,74.7840209460062,,,
NOR,2001,27.3,13.2,,2.1634350595868,3.738,3.00419703998233,0,float,,10.0,73.553666590214,,,
NOR,2002,34.0,9.1,,1.45747886087304,4.022,1.28672528415184,0,float,,10.0,67.8482927970815,,,
NOR,2003,43.1,7.2,,1.09635781210122,4.221,2.48782553461781,0,float,,10.0,66.5085380808884,,,
NOR,2004,43.8,10.8,,4.33015597691212,4.256,0.454498502220863,0,float,,10.0,68.7028173740954,,,
NOR,2005,42.1,14.7,,2.96973597025936,4.381,1.53213367609249,0,float,,10.0,70.2469613309236,,,
NOR,2006,52.2,17.7,,2.84726376691944,3.397,2.3293498075755,0,float,,10.0,71.1687450210659,,,
NOR,2007,48.9,16.8,,3.42030119916608,2.493,0.712589073634201,0,float,,10.0,71.1714206590972,,,
NOR,2008,46.8,18.3,,0.822805797014865,2.521,3.75393081761005,0,float,,10.0,73.8668579713193,,,
NOR,2009,41.7,10.0,,-1.61327151945869,3.1,2.19738586853568,0,float,,10.0,66.3869035154741,,,
NOR,2010,42.1,10.6,,1.00493269017117,3.527,2.41890639481003,0,float,,10.0,67.1044480331039,,,
NOR,2011,28.9,13.0,,1.38505117083945,3.196,1.2849515880916,0,float,,10.0,68.3082228214528,,,
NOR,2012,30.2,13.4,,2.82395673492459,3.129,0.696864111498263,0,float,,10.0,67.2907057063447,,,
NOR,2013,30.6,10.3,,1.27290177696287,3.425,2.12048620353112,0,float,,10.0,66.6575278489713,,,
NOR,2014,28.8,8.3,,2.09521388080101,3.486,2.04170286707211,0,float,,10.0,67.7741797940433,,,
NOR,2015,33.2,5.8,,2.04428845501438,4.296,2.17113665389527,0,float,,10.0,68.8351790107466,,,
NOR,2016,36.7,3.9,,1.29158732771135,4.68,3.55000000000007,0,float,,10.0,67.3341230829057,,,
NOR,2017,36.9,4.8,,2.66964474273466,4.164,1.87510059552545,0,float,,10.0,67.1957153368952,,,
NOR,2018,38.1,7.6,,1.1103912365576,3.801,2.76483134528797,0,float,,10.0,68.1761206012317,,,
NOR,2019,39.0,6.3,,1.46970781954143,3.684,2.16773003305411,0,float,,10.0,68.880243105732,,,
NOR,2020,44.3,-2.5,,-1.36055723261586,4.424,1.28658490707996,0,float,,10.0,63.3673184179043,,,
NOR,2021,40.1,9.9,,4.14314688769197,4.359,3.48388055266669,0,float,,10.0,69.1060572345311,,,
NOR,2022,34.8,24.7,,4.08039770659241,3.231,5.76412317852272,0,float,,10.0,79.9216011363033,,,
NOR,2023,42.4,15.9,,0.352695581319765,3.574,5.51784987104659,0,float,,10.0,77.401189583706,,,
NPL,2000,50.8,-1.5,,6.19999998192236,10.531,2.47882020709136,0,float,,5.0,55.7105890041319,,,
NPL,2001,50.8,-2.4,,4.79989214255407,10.502,2.6883037354563,0,float,,5.0,55.7999210803706,,,
NPL,2002,51.8,-2.5,,0.120143177369414,10.593,3.02939948714892,0,float,,5.0,46.2307185004451,,,
NPL,2003,53.0,-0.3,,3.94503776051116,10.644,5.70700931874738,0,float,,5.0,44.2478836156195,,,
NPL,2004,51.3,-0.1,,4.68260325152944,10.652,2.8418113124898,0,float,,5.0,46.1472867206087,,,
NPL,2005,45.1,0.2,,3.47918104829496,10.59,6.83633265892877,0,float,,5.0,44.0629474798613,,,
NPL,2006,42.9,0.2,,3.36461478056277,10.609,6.92033580707589,0,float,,5.0,44.7619877569242,,,
NPL,2007,37.9,-0.7,,3.41156027980276,10.642,2.26921924439074,0,float,,5.0,44.5792750200254,,,
NPL,2008,36.8,-0.3,,6.10463914373472,10.597,9.9078300530648,0,float,,5.0,46.0362063511913,,,
NPL,2009,39.5,-2.2,,4.5330787246486,10.582,11.0948237386987,0,float,,5.0,47.0794477633688,,,
NPL,2010,35.4,-0.7,,4.81641464694573,10.563,9.32650410745395,0,float,,5.0,45.9849057742707,,,
NPL,2011,32.4,-0.7,,3.42180870116162,10.627,9.2270754612596,0,float,,5.0,36.2967588899367,,,
NPL,2012,34.5,-1.2,,4.67014192446953,10.632,9.45980980357125,0,float,,5.0,37.921906058758,,,
NPL,2013,31.9,1.6,,3.52515317129149,10.666,9.04016311917645,0,float,,5.0,41.8653757376722,,,
NPL,2014,27.6,1.4,,6.01148284250441,10.62,8.36415469659563,0,float,,5.0,45.9826416115927,,,
NPL,2015,25.7,0.5,,3.97605327162971,10.643,7.86890895590891,0,float,,5.0,46.6657303895158,,,
NPL,2016,25.0,1.2,,0.433113719381524,10.714,8.7903433200464,0,float,,5.0,42.1154861221646,,,
NPL,2017,25.0,-2.7,,8.97727935643466,10.66,2.77703998300211,0,float,,5.0,44.6424106217427,,,
NPL,2018,31.1,-5.8,,7.62237610397933,10.593,4.40659410175714,0,float,,5.0,48.4473869463778,,,
NPL,2019,34.0,-4.3,,6.65705543110468,10.477,5.56616035243723,0,float,,5.0,49.2495265869012,,,
NPL,2020,43.3,-7.5,,-2.3696206292072,13.037,5.05635826238499,0,float,,5.0,40.9188741248444,,,
NPL,2021,43.3,-4.0,,4.838149614115,12.241,4.12676744440695,0,float,,5.0,43.0538047912219,,,
NPL,2022,42.7,-3.1,,5.6313145568451,10.661,7.6702057938028,0,float,,5.0,48.9734014800201,,,
NPL,2023,47.0,-5.8,,1.98254843461849,10.437,7.11587261530826,0,float,,5.0,41.5701502932467,,,
NRU,2009,295.6,0.4,,-5.55555555555564,,,0,float,,5.0,145.0,,,
NRU,2010,298.9,0.1,,0.0,,,0,float,,5.0,100.0,,,
NRU,2011,236.8,2.7,,14.7058823529412,,0.3003003003003,0,float,,5.0,130.30303030303,,,
NRU,2012,157.3,8.1,,24.3589743589745,,-0.124750499001971,0,float,,5.0,120.408163265306,,,
NRU,2013,166.9,1.7,,4.12371134020613,,,0,float,,5.0,179.347826086957,,,
NRU,2014,147.7,29.6,,15.8415841584163,,,0,float,,5.0,197.222222222222,,,
NRU,2015,113.0,10.7,,3.41880341880281,,,0,float,,5.0,200.0,,,
NRU,2016,86.3,18.9,,4.13223140495909,,,0,float,,5.0,170.149253731343,,,
NRU,2017,78.0,16.2,,-6.34920634920609,,,0,float,,5.0,142.068965517241,,,
NRU,2018,71.1,29.6,,-0.847457627118729,,,0,float,,5.0,140.640059171598,,,
NRU,2019,59.6,31.0,,8.5470085470084,,,0,float,,5.0,155.906685714286,,,
NRU,2020,56.3,42.8,,1.57480314960559,,,0,float,,5.0,134.980107526882,,,
NRU,2021,24.2,52.4,,7.75193798449692,,,0,float,,5.0,130.1856,,,
NRU,2022,18.9,20.5,,0.0,,,0,float,,5.0,141.129076305221,,,
NRU,2023,19.2,18.2,,-0.719424460431725,,,0,float,,5.0,135.0,,,
NZL,1985,64.1,-7.0,,1.61533480446978,,15.4176555719917,0,float,,10.0,60.7432278389189,,,
NZL,1986,68.5,-5.3,,2.71326964068473,,13.2133980640021,0,float,,10.0,52.7703483857609,,,
NZL,1987,62.9,-3.4,,0.962508198457385,,15.7443007888927,0,float,,10.0,50.0061323358067,,,
NZL,1988,54.7,-1.9,,-0.334621133273799,,6.37524944411053,0,float,,10.0,48.4038382023753,,,
NZL,1989,54.9,-2.1,,0.164699005861976,,5.7159915513563,0,float,,10.0,51.9781167466178,,,
NZL,1990,55.5,-2.7,,0.136887537634095,,6.09844414810204,0,float,,10.0,52.6081416580188,,,
NZL,1991,58.0,-6.1,,-1.07586748814022,10.614,2.60239285999773,0,float,,10.0,54.6355654428897,,,
NZL,1992,58.7,-6.2,,1.10092234546755,10.667,1.01456027171236,0,float,,10.0,59.2340588498117,,,
NZL,1993,54.6,-1.5,,6.3836309435096,9.804,1.28820776574386,0,float,,10.0,57.553650605971,,,
NZL,1994,48.9,2.0,,5.11167356780264,8.354,1.74537790773743,0,float,,10.0,58.8145695364238,,,
NZL,1995,43.5,3.7,,4.73676080285628,6.461,3.75494413677554,0,float,,10.0,56.9142524626959,,,
NZL,1996,37.3,2.6,,3.59083953715972,6.29,2.28571305402195,0,float,,10.0,55.1161709577551,,,
NZL,1997,34.6,1.2,,2.07551582422867,6.857,1.18714833105632,0,float,,10.0,55.2468635214425,,,
NZL,1998,34.5,-0.5,,0.855188594957326,7.718,1.26524409915406,0,float,,10.0,57.8960178233763,,,
NZL,1999,32.0,-1.1,,5.38315295474565,7.023,-0.114267129777524,0,float,,10.0,61.4012311333669,,,
NZL,2000,30.0,0.2,,2.86879087314065,6.13,2.6152344624632,0,float,,10.0,68.5169268768932,,,
NZL,2001,28.2,1.3,,3.41557461751114,5.433,2.62581630392903,0,float,,10.0,67.2338243520418,,,
NZL,2002,26.4,2.6,,4.71514593471419,5.282,2.67709257711605,0,float,,10.0,62.6559945554479,,,
NZL,2003,24.7,3.7,,4.72587484712128,4.745,1.75357444759557,0,float,,10.0,57.914769345753,,,
NZL,2004,22.5,4.5,,4.09053577279863,4.005,2.29024902847571,0,float,,10.0,58.7995522745359,,,
NZL,2005,20.8,5.1,,3.35295444152619,3.807,3.03702332617012,0,float,,10.0,58.0187434407163,,,
NZL,2006,18.4,4.6,,2.7744428588158,3.857,3.36540196171993,0,float,,10.0,59.6032650403479,,,
NZL,2007,16.3,3.6,,3.06312221869514,3.661,2.37614310290659,0,float,,10.0,58.4251605749091,,,
NZL,2008,19.0,1.5,,-1.02561134479848,4.167,3.9589493731206,0,float,,10.0,64.2611448527979,,,
NZL,2009,24.3,-1.8,,-0.040259885205117,6.121,2.1156511055456,0,float,,10.0,55.0143501856026,,,
NZL,2010,29.6,-5.5,,1.47182504276788,6.557,2.30202385958572,0,float,,10.0,58.1047406012087,,,
NZL,2011,34.7,-4.9,,2.1445004445998,6.491,4.0279066739204,0,float,,10.0,59.1815679267669,,,
NZL,2012,35.7,-2.2,,2.30256429520961,6.931,1.05991318445632,0,float,,10.0,56.9257462326897,,,
NZL,2013,34.6,-1.3,,2.5648360739867,5.839,1.13442266445817,0,float,,10.0,56.0063219921147,,,
NZL,2014,34.2,-0.3,,3.81933619307242,5.428,1.227507505974,0,float,,10.0,55.1213465284556,,,
NZL,2015,34.2,0.4,,3.72968312125018,5.415,0.292704628136101,0,float,,10.0,54.8749505791536,,,
NZL,2016,33.4,1.0,,3.7435247472109,5.147,0.646240284454524,0,float,,10.0,52.4796021733125,,,
NZL,2017,31.1,1.4,,3.31568621648204,4.736,1.85078767452536,0,float,,10.0,54.2775276299632,,,
NZL,2018,28.1,1.3,,3.32219666491432,4.335,1.59829703801696,0,float,,10.0,55.9063918509538,,,
NZL,2019,31.8,-2.4,,2.32371708441623,4.109,1.61963190184048,0,float,,10.0,54.4612464097007,,,
NZL,2020,43.2,-4.2,,-0.240916114758988,4.595,1.71456170007245,0,float,,10.0,43.8262466218168,,,
NZL,2021,47.5,-3.3,,4.29916005216614,3.776,3.94112060778728,0,float,,10.0,48.4315370741539,,,
NZL,2022,46.9,-4.0,,3.34521847792682,3.299,7.17222476016441,0,float,,10.0,53.2091433736439,,,
NZL,2023,47.3,-3.2,,1.81389453412019,3.734,5.73316283034957,0,float,,10.0,49.8655041498497,,,
OAE,2000,34.9,1.8,,,,,0,float,,5.0,,,,
OAE,2001,35.6,0.4,,,,,0,float,,5.0,,,,
OAE,2002,35.8,-0.2,,,,,0,float,,5.0,,,,
OAE,2003,36.7,-0.1,,,,,0,float,,5.0,,,,
OAE,2004,34.9,0.6,,,,,0,float,,5.0,,,,
OAE,2005,33.9,1.9,,,,,0,float,,5.0,,,,
OAE,2006,33.0,2.7,,,,,0,float,,5.0,,,,
OAE,2007,31.2,3.4,,,,,0,float,,5.0,,,,
OAE,2008,32.7,2.0,,,,,0,float,,5.0,,,,
OAE,2009,35.4,-1.2,,,,,0,float,,5.0,,,,
OAE,2010,35.5,-0.4,,,,,0,float,,5.0,,,,
OAE,2011,36.5,0.2,,,,,0,float,,5.0,,,,
OAE,2012,38.0,0.2,,,,,0,float,,5.0,,,,
OAE,2013,39.0,0.1,,,,,0,float,,5.0,,,,
OAE,2014,40.3,0.2,,,,,0,float,,5.0,,,,
OAE,2015,41.2,0.0,,,,,0,float,,5.0,,,,
OAE,2016,41.6,0.5,,,,,0,float,,5.0,,,,
OAE,2017,41.1,1.2,,,,,0,float,,5.0,,,,
OAE,2018,40.8,1.1,,,,,0,float,,5.0,,,,
OAE,2019,42.7,-0.1,,,,,0,float,,5.0,,,,
OAE,2020,49.5,-4.7,,,,,0,float,,5.0,,,,
OAE,2021,49.0,-1.1,,,,,0,float,,5.0,,,,
OAE,2022,47.8,0.7,,,,,0,float,,5.0,,,,
OAE,2023,49.2,-0.2,,,,,0,float,,5.0,,,,
OEMDC,2000,46.0,-1.3,,,,,0,float,,5.0,,,,
OEMDC,2001,47.1,-2.8,,,,,0,float,,5.0,,,,
OEMDC,2002,50.4,-3.3,,,,,0,float,,5.0,,,,
OEMDC,2003,48.5,-2.6,,,,,0,float,,5.0,,,,
OEMDC,2004,45.8,-1.0,,,,,0,float,,5.0,,,,
OEMDC,2005,40.9,0.5,,,,,0,float,,5.0,,,,
OEMDC,2006,36.5,1.0,,,,,0,float,,5.0,,,,
OEMDC,2007,35.1,0.6,,,,,0,float,,5.0,,,,
OEMDC,2008,33.0,0.7,,,,,0,float,,5.0,,,,
OEMDC,2009,37.9,-3.7,,,,,0,float,,5.0,,,,
OEMDC,2010,36.8,-2.2,,,,,0,float,,5.0,,,,
OEMDC,2011,36.1,-0.9,,,,,0,float,,5.0,,,,
OEMDC,2012,36.1,-0.9,,,,,0,float,,5.0,,,,
OEMDC,2013,37.3,-1.6,,,,,0,float,,5.0,,,,
OEMDC,2014,39.2,-2.3,,,,,0,float,,5.0,,,,
OEMDC,2015,42.9,-4.0,,,,,0,float,,5.0,,,,
OEMDC,2016,48.4,-4.3,,,,,0,float,,5.0,,,,
OEMDC,2017,50.5,-3.7,,,,,0,float,,5.0,,,,
OEMDC,2018,51.9,-3.4,,,,,0,float,,5.0,,,,
OEMDC,2019,54.4,-4.3,,,,,0,float,,5.0,,,,
OEMDC,2020,64.2,-8.4,,,,,0,float,,5.0,,,,
OEMDC,2021,63.8,-4.9,,,,,0,float,,5.0,,,,
OEMDC,2022,63.7,-4.8,,,,,0,float,,5.0,,,,
OEMDC,2023,67.9,-5.2,,,,,0,float,,5.0,,,,
OMN,1990,17.8,4.8,,-0.130425738129333,,,0,float,,5.0,61.2372503810231,,,
OMN,1991,22.6,0.1,,6.07407790816865,4.056,,0,float,,5.0,62.7126492319462,,,
OMN,1992,23.1,-4.9,,8.41388425937097,4.16,,0,float,,5.0,64.7278861669356,,,
OMN,1993,22.2,-6.8,,6.04296067461487,4.009,,0,float,,5.0,65.0815118064186,,,
OMN,1994,23.6,-7.5,,3.87577416657888,4.073,,0,float,,5.0,62.689996465182,,,
OMN,1995,21.9,-3.9,,4.99681952030654,4.167,,0,float,,5.0,64.1500694766095,,,
OMN,1996,21.2,2.2,,3.04593990978547,4.254,,0,float,,5.0,69.3906831462689,,,
OMN,1997,20.8,4.8,,6.03351250709945,4.196,,0,float,,5.0,71.594365872295,,,
OMN,1998,30.9,-4.4,,-0.0678740925781511,4.346,,0,float,,5.0,80.4830604636084,,,
OMN,1999,28.9,0.3,,0.29759569579106,4.433,,0,float,,5.0,76.611197806525,,,
OMN,2000,21.7,12.2,,6.19241063695442,4.433,,0,float,,5.0,81.4132822358275,,,
OMN,2001,22.5,7.5,,4.61316649389876,4.298,-0.816666666666656,0,float,,5.0,84.5270024947002,,,
OMN,2002,15.9,5.3,,-0.784165786429256,4.335,-0.279578822571373,0,float,,5.0,83.6537485764543,,,
OMN,2003,13.0,5.9,,-2.19466567976842,4.599,0.231328682267143,0,float,,5.0,84.846636733578,,,
OMN,2004,14.5,5.4,,1.99251510973346,4.693,0.624969062631367,0,float,,5.0,88.611307129045,,,
OMN,2005,8.4,11.2,,2.77944360306151,4.589,1.90983553531865,0,float,,5.0,86.7613020421318,,,
OMN,2006,7.6,12.2,,4.66981481939328,4.387,3.54498591605033,0,float,,5.0,86.1457079854133,,,
OMN,2007,4.4,10.5,,4.98065467051528,4.309,5.8304841809271,0,float,,5.0,94.8657889777347,,,
OMN,2008,3.2,14.7,,8.95005895005896,4.142,12.3754091529912,0,float,,5.0,94.7619029877161,,,
OMN,2009,5.8,-0.3,,5.98196694904402,3.977,3.46881023754893,0,float,,5.0,91.6279353346997,,,
OMN,2010,5.5,4.9,,2.47199856582773,3.911,3.25657959078624,0,float,,5.0,96.3865546218487,,,
OMN,2011,4.4,8.2,,2.89460973541192,3.95,4.0421886711639,0,float,,5.0,101.641731939942,,,
OMN,2012,4.6,4.1,,8.86312225557018,3.753,2.94773495257209,0,float,,5.0,102.0747604043,,,
OMN,2013,4.7,2.8,,5.22770408145942,3.553,1.05354820265932,0,float,,5.0,112.543521763774,,,
OMN,2014,4.0,-1.6,,1.29225229411081,3.453,1.01401483924156,0,float,,5.0,102.27872108813,,,
OMN,2015,13.9,-13.5,,5.01705799719045,3.403,0.0652901330286599,0,float,,5.0,96.3775801852347,,,
OMN,2016,29.3,-19.6,,5.04642394571691,3.266,1.10920805807027,0,float,,5.0,82.8642642018901,,,
OMN,2017,40.1,-10.5,,0.304057565922449,2.523,1.58909413567799,0,float,,5.0,88.9531480182956,,,
OMN,2018,44.7,-6.7,,1.28710391543288,1.8,0.889312370970404,0,float,,5.0,89.2792178262847,,,
OMN,2019,52.5,-4.8,,-1.12863801728058,2.045,0.490815362820671,0,float,,5.0,86.4782010313236,,,
OMN,2020,67.9,-15.7,,-3.37972052697999,2.94,-0.40640291946585,0,float,,5.0,91.8758908014472,,,
OMN,2021,61.9,-3.2,,2.5821749892893,1.9,1.68221185876085,0,float,,5.0,95.9494877293305,,,
OMN,2022,41.7,10.3,,7.98570728354278,3.3,2.5061425061425,0,float,,5.0,105.745009280655,,,
OMN,2023,37.4,6.7,,1.41401383200161,3.176,0.950782997762827,0,float,,5.0,106.446731102604,,,
PAK,1994,58.5,-3.6,,3.73741555767747,0.601,12.3681943936948,0,float,,5.0,35.0577237131595,,,
PAK,1995,52.3,-3.9,,4.96260914623281,0.611,12.3435785170513,0,float,,5.0,36.132753673519,,,
PAK,1996,52.5,-4.3,,4.84658128681654,0.6,10.3738085885002,0,float,,5.0,38.3301268339895,,,
PAK,1997,52.8,-3.9,,1.01439601077892,0.611,11.3754928865122,0,float,,5.0,36.8522661008964,,,
PAK,1998,53.8,-4.5,,2.55023429817393,0.62,6.22800415424543,0,float,,5.0,34.011725180531,,,
PAK,1999,60.7,-3.1,,3.66013273943236,0.625,4.14263718082171,0,float,,5.0,32.3199628094266,,,
PAK,2000,61.7,-3.2,,4.2600880111325,0.614,4.36666451291681,0,float,,5.0,21.4599638884654,,,
PAK,2001,65.1,-2.5,,3.65135017083765,0.611,3.14826144590618,0,float,,5.0,23.5772074298467,,,
PAK,2002,60.5,-2.6,,2.59481668445784,0.615,3.29034472613153,0,float,,5.0,23.1290159545291,,,
PAK,2003,56.3,-0.1,,5.40131087314342,0.612,2.91413470059479,0,float,,5.0,24.6501585248398,,,
PAK,2004,50.6,-1.3,,7.83125556961251,0.598,7.44462469342739,0,float,,5.0,24.8083348519064,,,
PAK,2005,47.9,-2.3,,7.2765744364722,0.583,9.06332737030417,0,float,,5.0,29.8784940550747,,,
PAK,2006,46.2,-2.8,,6.05163767569996,0.582,7.92108440058789,0,float,,5.0,33.0497193672284,,,
PAK,2007,44.2,-4.2,,4.4448143398844,0.398,7.59868441050774,0,float,,5.0,30.7878814312746,,,
PAK,2008,49.5,-5.9,,2.1204410433083,0.423,20.2861210929554,0,float,,5.0,34.3489608135242,,,
PAK,2009,54.6,-4.5,,3.47255059567348,0.535,13.6477650639761,0,float,,5.0,33.3268872863988,,,
PAK,2010,56.7,-5.4,,1.50171752152883,0.653,12.9388705634889,0,float,,5.0,31.9890020462315,,,
PAK,2011,56.2,-6.2,,2.68011685421705,0.796,11.9160927116277,0,float,,5.0,32.3626382751438,,,
PAK,2012,58.4,-7.7,,3.02758391088629,3.667,9.68235186055684,0,float,,5.0,31.3189732760076,,,
PAK,2013,59.2,-7.5,,4.36686504978387,2.954,7.69215611899565,0,float,,5.0,30.8902743401844,,,
PAK,2014,58.8,-4.4,,4.11642817161422,1.827,7.18938402847028,0,float,,5.0,29.4698256903998,,,
PAK,2015,59.1,-4.7,,4.21794209572506,3.566,2.52932817254229,0,float,,5.0,26.6881860172247,,,
PAK,2016,62.1,-3.9,,6.57383828511043,2.285,3.7651191635658,0,float,,5.0,24.7015780480573,,,
PAK,2017,62.1,-5.2,,4.43262590683975,3.204,4.08537368032608,0,float,,5.0,25.472035002344,,,
PAK,2018,66.3,-5.7,,6.15170261099519,4.083,5.07805725868917,0,float,,5.0,27.6260570796337,,,
PAK,2019,78.7,-7.8,,2.49763692943365,4.83,10.5780305672025,0,float,,5.0,28.9055769867032,,,
PAK,2020,80.8,-7.0,,-1.27408744338709,5.994,9.74011619320125,0,float,,5.0,26.7162807328814,,,
PAK,2021,74.7,-6.0,,6.51388575852702,6.338,9.49641577285205,0,float,,5.0,27.0304204125548,,,
PAK,2022,77.3,-7.8,,4.7781068690358,5.291,19.8738599646655,0,float,,5.0,33.031353478032,,,
PAK,2023,78.5,-7.8,,-0.414935997088406,5.237,30.7681280657005,0,float,,5.0,28.4676925469837,,,
PAN,1994,88.7,2.4,,2.85014717061981,6.428,1.26843190106196,0,fixed,,5.0,143.609032792557,,,
PAN,1995,86.7,2.6,,1.75167890389389,6.512,0.99420698293387,0,fixed,,5.0,146.905380036798,,,
PAN,1996,73.6,2.8,,4.0797027065703,6.728,1.25571661111546,0,fixed,,5.0,165.609680183534,,,
PAN,1997,67.3,1.4,,7.70904000189154,6.588,1.32435122100608,0,fixed,,5.0,174.713863041899,,,
PAN,1998,64.3,-1.2,,8.38747212468969,6.397,0.559081293442494,0,fixed,,5.0,157.996408512839,,,
PAN,1999,60.4,-0.7,,5.21164584606353,6.168,1.24718256949635,0,fixed,,5.0,131.55739694225,,,
PAN,2000,58.0,2.2,,4.20900547865375,6.188,1.49896111605778,0,fixed,,5.0,139.197934867656,,,
PAN,2001,62.1,-0.4,,0.949908149985234,6.293,0.307062436028722,0,fixed,,5.0,135.584351118395,,,
PAN,2002,60.9,-1.0,,2.50884372716125,6.302,1.00583090379039,0,fixed,,5.0,126.024482449851,,,
PAN,2003,59.9,-2.4,,5.09686030493801,6.303,0.391666666666709,0,fixed,,5.0,117.267478940646,,,
PAN,2004,61.5,-4.5,,8.17565333965649,6.097,0.474723078204362,0,fixed,,5.0,124.761756520445,,,
PAN,2005,61.5,-2.3,,8.27618334503531,5.967,2.85588324760957,0,fixed,,5.0,139.211165086724,,,
PAN,2006,56.1,0.5,,9.85723870564752,5.792,2.45789346442102,0,fixed,,5.0,141.47257128141,,,
PAN,2007,48.2,3.2,,13.1530653782933,5.665,4.1686330029888,0,fixed,,5.0,148.665601089573,,,
PAN,2008,40.6,0.4,,10.1974325907958,5.639,8.7586831772878,0,fixed,,5.0,164.58628613577,,,
PAN,2009,39.5,-0.9,,1.61186405976055,5.857,2.40905304082201,0,fixed,,5.0,137.046021610678,,,
PAN,2010,38.5,-1.7,,6.07339353106087,5.845,3.49128872618809,0,fixed,,5.0,145.44871880643,,,
PAN,2011,35.9,-2.0,,11.9088772249531,4.03,5.87580243678763,0,fixed,,5.0,158.208395346813,,,
PAN,2012,31.3,-1.3,,9.62729346439019,3.691,5.69819959165993,0,fixed,,5.0,153.208620367102,,,
PAN,2013,30.8,-2.4,,6.32435388662846,3.674,4.02715991571061,0,fixed,,5.0,133.071568935782,,,
PAN,2014,32.9,-3.0,,4.62581375565551,4.391,2.62652699929143,0,fixed,,5.0,114.970604927053,,,
PAN,2015,34.1,-2.2,,5.26691719595516,4.335,0.137492058461588,0,fixed,,5.0,96.5791573428957,,,
PAN,2016,34.0,-1.8,,4.57196707937275,4.717,0.73973402529995,0,fixed,,5.0,84.3959718738111,,,
PAN,2017,34.3,-1.8,,5.7440594635578,5.338,0.875585918759963,0,fixed,,5.0,84.0475372402933,,,
PAN,2018,36.3,-2.8,,3.91824253321265,5.161,0.761578359399945,0,fixed,,5.0,86.1309615112445,,,
PAN,2019,42.5,-2.7,,3.10295395631086,6.256,-0.355083821021246,0,fixed,,5.0,80.4286505649569,,,
PAN,2020,62.4,-9.7,,-17.8211174074602,14.663,-1.55027540803761,0,fixed,,5.0,68.700423510603,,,
PAN,2021,58.0,-6.4,,16.4669992022652,10.177,1.63070337301898,0,fixed,,5.0,80.1334635232887,,,
PAN,2022,56.2,-4.0,,11.0386022908773,8.086,2.85965128834711,0,fixed,,5.0,93.4752688552496,,,
PAN,2023,54.4,-3.9,,7.16634016390665,6.544,1.48641355277038,0,fixed,,5.0,88.3489105169795,,,
PER,2000,44.9,-2.1,,2.69437139806912,4.959,3.75733833344474,0,float,,7.0,35.5380321623178,,,
PER,2001,43.8,-2.2,,0.617892325624297,5.068,1.97709878502053,0,float,,7.0,35.0644014310212,,,
PER,2002,45.5,-1.4,,5.45352893818767,4.84,0.193135003853722,0,float,,7.0,35.2491813317695,,,
PER,2003,49.4,-1.6,,4.16502313666112,4.15,2.25937753363072,0,float,,7.0,37.6246103251002,,,
PER,2004,46.7,-1.0,,4.95820320611745,4.71,3.66247320092233,0,float,,7.0,41.9360782679273,,,
PER,2005,40.4,-0.4,,6.28506032509601,4.87,1.61630193862544,0,float,,7.0,47.3573174768394,,,
PER,2006,34.9,2.0,,7.5288990440594,4.17,2.00225801248819,0,float,,7.0,51.7850560338442,,,
PER,2007,31.9,3.3,,8.5183877690955,4.08,1.77998644680372,0,float,,7.0,55.6881132836815,,,
PER,2008,28.1,2.5,,9.1265683014642,4.03,5.78587598206755,0,float,,7.0,58.4337673899053,,,
PER,2009,28.2,-1.5,,1.0958236592427,3.96,2.936231535967,0,float,,7.0,48.1119296153519,,,
PER,2010,25.1,0.0,,8.33245910749577,3.6,1.52832059732901,0,float,,7.0,51.6728089370033,,,
PER,2011,23.1,2.1,,6.32719240161117,3.477,3.36931095333853,0,float,,7.0,55.9882802838607,,,
PER,2012,20.7,2.1,,6.13972470560435,3.238,3.61121294940163,0,float,,7.0,52.6198952632294,,,
PER,2013,19.9,0.8,,5.85251821084928,3.575,2.76789666082002,0,float,,7.0,49.7871424471444,,,
PER,2014,20.5,-0.2,,2.38215737180541,3.208,3.41194579807465,0,float,,7.0,46.8531210912899,,,
PER,2015,23.7,-2.0,,3.25224477218451,3.272,3.39809194746308,0,float,,7.0,45.1627686891148,,,
PER,2016,23.9,-2.1,,3.95331871520767,3.741,3.55717663556279,0,float,,7.0,45.3888411964154,,,
PER,2017,24.8,-2.8,,2.51883544233135,3.691,2.99490045809443,0,float,,7.0,47.5135503619971,,,
PER,2018,25.7,-1.9,,3.969351341365,3.492,1.50915423024742,0,float,,7.0,48.631470171736,,,
PER,2019,26.5,-1.4,,2.24063176875049,3.379,2.25212191358027,0,float,,7.0,46.9435053754409,,,
PER,2020,34.3,-8.2,,-10.9333065010382,7.179,2.00241205759292,0,float,,7.0,44.245967197744,,,
PER,2021,35.5,-2.5,,13.4166456126513,5.097,4.27166381536798,0,float,,7.0,55.4083231938774,,,
PER,2022,33.5,-1.4,,2.81819976419922,4.291,8.33370630096231,0,float,,7.0,57.2727003111939,,,
PER,2023,32.4,-2.7,,-0.350699814345759,4.899,6.45561348369586,0,float,,7.0,50.9070307213493,,,
PHL,1993,73.9,0.6,,2.181889985613,3.869,6.71631104109973,0,float,,7.0,50.4650429209218,,,
PHL,1994,63.6,-0.4,,4.37366591819077,3.767,10.3864734299517,0,float,,7.0,52.5265038023175,,,
PHL,1995,60.8,0.0,,4.62522511739661,3.68,6.83199610989534,0,float,,7.0,57.3305579762779,,,
PHL,1996,53.1,0.5,,5.8603478716379,3.607,7.4761037778791,0,float,,7.0,63.8553035508774,,,
PHL,1997,56.9,0.4,,5.18641167406165,3.592,5.59025939650601,0,float,,7.0,77.2286459172662,,,
PHL,1998,50.8,-1.3,,-0.514090599541888,3.697,9.23493432267121,0,float,,7.0,80.077201518421,,,
PHL,1999,54.2,-2.3,,3.34645118398267,3.751,5.93904901780808,0,float,,7.0,77.1614937122172,,,
PHL,2000,59.2,-3.3,,4.38250500083399,3.77,3.9771250324928,0,float,,7.0,85.1533684600039,,,
PHL,2001,59.5,-3.5,,3.04923134463486,3.698,5.34550195567142,0,float,,7.0,84.9003886237531,,,
PHL,2002,65.2,-3.7,,3.71625500158383,3.616,2.72277227722765,0,float,,7.0,83.8448040937789,,,
PHL,2003,71.4,-3.5,,5.08691113513073,3.527,2.28915662650607,0,float,,7.0,87.5746443636636,,,
PHL,2004,71.1,-2.8,,6.56922851180626,3.554,4.82921083627795,0,float,,7.0,87.1252848232048,,,
PHL,2005,64.7,-1.6,,4.94250511877678,3.795,6.51685393258433,0,float,,7.0,83.8456745708051,,,
PHL,2006,57.2,0.0,,5.31641682136939,4.052,5.4852320675105,0,float,,7.0,80.8505386728775,,,
PHL,2007,50.2,-0.3,,6.51929155018938,3.434,2.90000000000003,0,float,,7.0,73.6449799920629,,,
PHL,2008,50.0,0.0,,4.34448730509183,3.72,8.26044703595725,0,float,,7.0,67.6810707730401,,,
PHL,2009,49.8,-2.6,,1.44832306275669,3.858,4.21903052064628,0,float,,7.0,60.8865907869758,,,
PHL,2010,47.6,-2.3,,7.33449996034538,3.605,3.78983634797591,0,float,,7.0,66.1042785137797,,,
PHL,2011,45.4,-0.4,,3.85823282795663,3.592,4.7184170471842,0,float,,7.0,60.7958366999075,,,
PHL,2012,45.7,-0.2,,6.89695171050985,3.504,3.02696391124796,0,float,,7.0,57.8420055133082,,,
PHL,2013,43.9,0.4,,6.75053130142255,3.497,2.58268766141795,0,float,,7.0,55.8247812320298,,,
PHL,2014,40.3,1.3,,6.34798748260867,3.6,3.59782343864211,0,float,,7.0,57.4681720875945,,,
PHL,2015,39.7,0.1,,6.34830971672761,3.068,0.674192536845408,0,float,,7.0,59.1415921053094,,,
PHL,2016,37.4,-0.7,,7.14945675000752,2.695,1.25369880080982,0,float,,7.0,61.7760657653871,,,
PHL,2017,38.1,-0.8,,6.9309883258402,2.552,2.85318772590947,0,float,,7.0,68.1683697426727,,,
PHL,2018,37.1,-1.5,,6.34148557153473,2.338,5.30934661627707,0,float,,7.0,72.1633982990273,,,
PHL,2019,37.0,-1.5,,6.11852566221303,2.237,2.39206534422404,0,float,,7.0,68.8418422595678,,,
PHL,2020,51.6,-5.5,,-9.51829474045297,2.522,2.3931623931624,0,float,,7.0,58.1695603022281,,,
PHL,2021,57.0,-6.2,,5.71473313185116,3.398,3.92718022100332,0,float,,7.0,63.4846098136712,,,
PHL,2022,57.4,-5.5,,7.58098212785563,2.598,5.82115811213955,0,float,,7.0,72.4296836107599,,,
PHL,2023,56.5,-4.4,,5.51894967856043,2.2,5.97802515541409,0,float,,7.0,67.4199693171606,,,
PIQ,1994,41.0,-0.8,,,,,0,float,,5.0,,,,
PIQ,1995,38.7,0.8,,,,,0,float,,5.0,,,,
PIQ,1996,39.8,0.7,,,,,0,float,,5.0,,,,
PIQ,1997,43.9,-0.3,,,,,0,float,,5.0,,,,
PIQ,1998,42.8,1.2,,,,,0,float,,5.0,,,,
PIQ,1999,39.4,-0.9,,,,,0,float,,5.0,,,,
PIQ,2000,40.5,-0.4,,,,,0,float,,5.0,,,,
PIQ,2001,45.7,-2.2,,,,,0,float,,5.0,,,,
PIQ,2002,47.3,-2.3,,,,,0,float,,5.0,,,,
PIQ,2003,42.4,-0.5,,,,,0,float,,5.0,,,,
PIQ,2004,39.9,1.5,,,,,0,float,,5.0,,,,
PIQ,2005,35.3,2.0,,,,,0,float,,5.0,,,,
PIQ,2006,32.6,3.5,,,,,0,float,,5.0,,,,
PIQ,2007,28.6,5.0,,,,,0,float,,5.0,,,,
PIQ,2008,27.6,2.1,,,,,0,float,,5.0,,,,
PIQ,2009,27.4,-4.2,,,,,0,float,,5.0,,,,
PIQ,2010,24.6,1.8,,,,,0,float,,5.0,,,,
PIQ,2011,23.1,1.3,,,,,0,float,,5.0,,,,
PIQ,2012,24.5,-1.1,,,,,0,float,,5.0,,,,
PIQ,2013,28.5,-4.9,,,,,0,float,,5.0,,,,
PIQ,2014,29.7,-4.8,,,,,0,float,,5.0,,,,
PIQ,2015,32.2,-4.0,,,,,0,float,,5.0,,,,
PIQ,2016,35.0,-4.3,,,,,0,float,,5.0,,,,
PIQ,2017,34.1,-2.0,,,,,0,float,,5.0,,,,
PIQ,2018,37.2,-2.3,,,,,0,float,,5.0,,,,
PIQ,2019,38.7,-4.0,,,,,0,float,,5.0,,,,
PIQ,2020,48.6,-7.6,,,,,0,float,,5.0,,,,
PIQ,2021,54.2,-7.0,,,,,0,float,,5.0,,,,
PIQ,2022,51.2,-5.8,,,,,0,float,,5.0,,,,
PIQ,2023,54.9,-4.2,,,,,0,float,,5.0,,,,
PLW,2000,37.1,-13.4,,-2.60392518285772,,,0,float,,5.0,,,,
PLW,2001,34.6,-16.7,,7.34588822740689,,,0,float,,5.0,,,,
PLW,2002,33.9,-12.7,,4.71497567037891,,-1.30123617436562,0,float,,5.0,,,,
PLW,2003,34.8,-6.9,,-2.12775905744436,,0.922874093605824,0,float,,5.0,,,,
PLW,2004,34.2,-4.8,,3.47251267849076,,4.96407576747217,0,float,,5.0,,,,
PLW,2005,30.5,1.4,,2.88482026504025,,3.9514623522091,0,float,,5.0,122.074561928033,,,
PLW,2006,28.6,0.1,,0.228102952380539,,4.42981143370254,0,float,,5.0,128.141473764216,,,
PLW,2007,33.7,-2.1,,0.687060932625798,,3.23875035826881,0,float,,5.0,117.584002441168,,,
PLW,2008,32.0,-1.7,,-5.55349767521281,,11.9655746807329,0,float,,5.0,127.565668476156,,,
PLW,2009,36.6,-2.1,,-6.19509416666021,,1.43813538308953,0,float,,5.0,115.261869136107,,,
PLW,2010,34.5,-1.3,,-3.02648271979963,,1.44219017355169,0,float,,5.0,123.113914891838,,,
PLW,2011,30.6,1.3,,4.5453422056307,,4.6746987951807,0,float,,5.0,138.086472173303,,,
PLW,2012,30.8,1.0,,2.06132919740671,,3.61418047882138,0,float,,5.0,144.101360548224,,,
PLW,2013,27.4,0.5,,-1.39368330622723,,3.35481004221287,0,float,,5.0,140.845204181817,,,
PLW,2014,27.5,3.6,,4.21392368136632,,4.19174548581256,0,float,,5.0,145.793812924789,,,
PLW,2015,21.7,5.1,,8.57000568228419,,0.949040643697081,0,float,,5.0,128.207298267542,,,
PLW,2016,23.7,3.5,,1.66650688235592,,-1.04230533415074,0,float,,5.0,118.759866134181,,,
PLW,2017,26.9,4.8,,-3.42143170174889,,1.4179881966692,0,float,,5.0,122.650636452895,,,
PLW,2018,29.5,6.2,,-0.417625859260369,,2.10970464135017,0,float,,5.0,117.771970509059,,,
PLW,2019,30.5,-0.4,,0.300684343692609,,0.26737967914444,0,float,,5.0,115.497705299446,,,
PLW,2020,52.1,-13.0,,-6.00740723664144,,0.218181818181833,0,float,,5.0,104.430720909895,,,
PLW,2021,69.9,-9.9,,-11.9146400192064,,2.6124818577648,0,float,,5.0,79.5791429216543,,,
PLW,2022,68.9,-4.3,,-0.462879543823192,,12.3526638378124,0,float,,5.0,103.651854764975,,,
PLW,2023,76.4,-2.3,,1.22284844405733,,12.8199748216534,0,float,,5.0,106.757623549153,,,
PNG,1994,40.1,-1.0,,5.94210905967769,2.418,2.85272217387134,0,float,,5.0,93.3026653165289,,,
PNG,1995,36.6,1.1,,-3.31244877829666,2.603,17.280932681459,0,float,,5.0,104.739980951459,,,
PNG,1996,37.8,2.1,,7.73369579796399,2.728,11.6241782908448,0,float,,5.0,107.803352613066,,,
PNG,1997,43.9,0.7,,-3.90438965639359,2.854,3.96437805228409,0,float,,5.0,99.2079750268377,,,
PNG,1998,45.7,-0.2,,-3.76911321783457,2.86,13.5741917656809,0,float,,5.0,102.860932133887,,,
PNG,1999,41.8,-1.9,,1.85555399408817,2.939,14.9321817407701,0,float,,5.0,116.006802066106,,,
PNG,2000,42.3,0.3,,-2.49484199260023,2.92,15.5958933107535,0,float,,5.0,115.421837958873,,,
PNG,2001,47.7,-1.3,,-0.121288605564772,2.801,9.29817332783968,0,float,,5.0,117.580367053663,,,
PNG,2002,48.4,-1.7,,-0.158900533082658,2.756,11.7994470972606,0,float,,5.0,118.919110291279,,,
PNG,2003,40.4,0.2,,2.16410250222083,2.628,14.7090779663557,0,float,,5.0,123.449069006746,,,
PNG,2004,37.2,2.0,,2.72117574098235,2.526,2.15893131266946,0,float,,5.0,131.082911016249,,,
PNG,2005,31.6,2.8,,6.34479592309654,2.385,1.78080439925826,0,float,,5.0,,,,
PNG,2006,26.0,5.3,,5.40994409107307,2.285,2.3684623841683,0,float,,5.0,,,,
PNG,2007,22.2,6.9,,7.81518922862388,2.169,0.91135045567524,0,float,,5.0,,,,
PNG,2008,21.6,2.7,,-0.296457845880582,2.168,10.7614182326827,0,float,,5.0,,,,
PNG,2009,21.7,-5.5,,6.80042148322096,2.089,6.91832532601224,0,float,,5.0,,,,
PNG,2010,17.3,3.1,,10.1284540720232,2.002,6.01360893567856,0,float,,5.0,,,,
PNG,2011,16.3,2.2,,1.10754362619616,2.62,4.44083401028971,0,float,,5.0,,,,
PNG,2012,19.1,-1.2,,4.65711959686239,2.634,4.53720508166972,0,float,,5.0,,,,
PNG,2013,24.9,-6.9,,3.82494632800675,2.698,4.9603174603175,0,float,,5.0,,,,
PNG,2014,26.9,-6.3,,13.5437706216546,2.54,5.22211720226841,0,float,,5.0,,,,
PNG,2015,29.9,-4.5,,6.57835632304275,2.507,5.99595778127107,0,float,,5.0,,,,
PNG,2016,33.7,-4.7,,5.48957315278187,2.478,6.6737288135593,0,float,,5.0,,,,
PNG,2017,32.5,-2.5,,3.53461081750459,2.58,5.42204568023834,0,float,,5.0,,,,
PNG,2018,36.7,-2.6,,-0.279252284959952,2.65,4.37448921453162,0,float,,5.0,,,,
PNG,2019,38.2,-5.0,,4.48051456942582,2.651,3.92867290939597,0,float,,5.0,,,,
PNG,2020,48.7,-8.9,,-3.16743204434815,2.903,4.87167398565555,0,float,,5.0,,,,
PNG,2021,52.6,-6.8,,-0.510612607034361,3.03,4.48359014042398,0,float,,5.0,,,,
PNG,2022,48.2,-5.3,,5.70701964996525,2.689,5.25323922215241,0,float,,5.0,,,,
PNG,2023,53.9,-4.3,,3.81046308333708,2.649,2.29869991296791,0,float,,5.0,,,,
POL,1995,48.6,-4.4,,7.92965956313934,13.695,27.951388563304,0,float,,9.0,43.5552180979904,,,
POL,1996,43.0,-4.8,,6.09387747385628,12.684,19.7949669196707,0,float,,9.0,45.3767344453465,,,
POL,1997,42.6,-4.6,,6.35890635030509,10.964,14.91315861496,0,float,,9.0,50.376378640536,,,
POL,1998,38.6,-4.2,,4.62161133761769,9.935,11.5978554257236,0,float,,9.0,56.5460556555084,,,
POL,1999,39.2,-2.3,,4.69918479192557,12.29,7.15407291179853,0,float,,9.0,53.8980187624686,,,
POL,2000,36.3,-4.0,,4.65633252988236,14.928,9.90017538843065,0,float,,9.0,60.6107209423297,,,
POL,2001,37.0,-4.7,,1.23374464400356,18.435,5.4083354556615,0,float,,9.0,57.8785312712895,,,
POL,2002,41.4,-4.8,,1.90119437968586,20.211,1.90528215048054,0,float,,9.0,60.7967990573911,,,
POL,2003,46.2,-6.0,,3.52337117234833,19.899,0.682701375787632,0,float,,9.0,69.2134479841788,,,
POL,2004,45.0,-5.0,,5.09079546409544,18.822,3.38264681884699,0,float,,9.0,70.9815765694162,,,
POL,2005,46.5,-3.9,,3.26082274679216,17.592,2.18379872390251,0,float,,9.0,70.3114790902584,,,
POL,2006,47.1,-3.5,,6.20210710934373,13.794,1.28469394366416,0,float,,9.0,77.7008035402352,,,
POL,2007,44.4,-1.9,,6.7604478527626,9.551,2.4587431238539,0,float,,9.0,80.745399056691,,,
POL,2008,46.6,-3.6,,4.38377069274605,7.069,4.16497193524779,0,float,,9.0,80.5746815569207,,,
POL,2009,49.7,-7.2,,2.61512859291683,8.131,3.79539242483399,0,float,,9.0,74.9685965264269,,,
POL,2010,53.7,-7.4,,3.16892748258036,9.578,2.58069370250548,0,float,,9.0,82.2258523219922,,,
POL,2011,54.8,-5.0,,5.25546256612796,9.576,4.23940149625932,0,float,,9.0,86.9236892837618,,,
POL,2012,54.5,-3.8,,1.51178167644575,10.031,3.56037151702793,0,float,,9.0,88.8299033066583,,,
POL,2013,56.9,-4.2,,0.684240607051805,10.293,0.991982606332335,0,float,,9.0,90.4175072415629,,,
POL,2014,51.1,-3.7,,3.92050862390032,8.971,0.0538213132399802,0,float,,9.0,92.0340197113178,,,
POL,2015,51.1,-2.6,,4.43176700264478,7.475,-0.874125874125862,0,float,,9.0,92.2554272741942,,,
POL,2016,54.1,-2.4,,3.03117767594847,6.141,-0.664767331433962,0,float,,9.0,96.8659028060623,,,
POL,2017,50.4,-1.5,,5.15245773325907,4.867,2.07593553673859,0,float,,9.0,100.56589524628,,,
POL,2018,48.2,-0.2,,6.2458584723942,3.835,1.81295156542689,0,float,,9.0,102.442462168005,,,
POL,2019,45.2,-0.7,,4.58045817256199,3.267,2.22747880938291,0,float,,9.0,101.581033817373,,,
POL,2020,56.6,-6.9,,-2.03556882399977,3.155,3.37446972618589,0,float,,9.0,99.2590912303436,,,
POL,2021,53.0,-1.7,,6.92718266052501,3.268,5.05502704719272,0,float,,9.0,110.874283021945,,,
POL,2022,48.8,-3.4,,5.25545697386036,2.811,14.4294507575758,0,float,,9.0,123.021332860345,,,
POL,2023,49.5,-5.2,,0.249610834017872,2.743,11.5289127961105,0,float,,9.0,110.024935041815,,,
PRI,2006,33.4,,,-1.40941405684823,11.01,,0,float,,5.0,117.728477994388,,,
PRI,2007,36.9,,,-1.16280665573993,10.93,,0,float,,5.0,117.595779058079,,,
PRI,2008,40.8,,,-1.84413421831884,11.48,,0,float,,5.0,116.277994389108,,,
PRI,2009,46.5,,,-1.95242518381124,15.0,,0,float,,5.0,105.262196842682,,,
PRI,2010,48.3,,,-0.413254119172365,16.1,,0,float,,5.0,104.153228306599,,,
PRI,2011,50.0,,,-0.358510636850312,15.7,,0,float,,5.0,108.558400106824,,,
PRI,2012,53.7,,,0.0292751500944064,14.5,,0,float,,5.0,103.311186552821,,,
PRI,2013,52.3,,,-0.306826666941774,14.3,,0,float,,5.0,104.89224011713,,,
PRI,2014,54.5,-3.1,,-1.19036347346942,13.9,,0,float,,5.0,102.385456504805,,,
PRI,2015,52.7,-2.1,,-1.04929003238674,12.0,,0,float,,5.0,108.880634192821,,,
PRI,2016,49.9,-1.8,,-1.26369434781117,11.8,,0,float,,5.0,110.274045470098,,,
PRI,2017,51.2,-1.1,,-2.88521838398481,10.8,,0,float,,5.0,113.131649032582,,,
PRI,2018,52.4,0.0,,-4.36142703162535,9.2,,0,float,,5.0,106.001202479048,,,
PRI,2019,48.8,1.9,,1.67546379498209,8.3,,0,float,,5.0,107.571456836722,,,
PRI,2020,50.2,-0.6,,-4.1808743093346,8.89,,0,float,,5.0,103.509811317462,,,
PRI,2021,48.9,-0.3,,0.385222719529239,7.9,,0,float,,5.0,96.7453625315476,,,
PRI,2022,16.7,1.8,,2.95709565499587,6.0,,0,float,,5.0,98.2564691765992,,,
PRI,2023,16.6,0.3,,0.731492105366186,5.725,,0,float,,5.0,101.657550951677,,,
PRT,1990,60.2,-6.8,,3.95052317228428,,13.6305705693074,0,fixed,,9.0,65.0555926306887,,,
PRT,1991,63.9,-7.9,,4.36820616663232,3.919,11.8494841773674,0,fixed,,9.0,60.3666002157807,,,
PRT,1992,58.1,-5.2,,1.08947689832507,3.985,9.55926033177516,0,fixed,,9.0,56.3072775978983,,,
PRT,1993,57.2,-8.1,,-2.04327729359404,5.301,6.78377994665408,0,fixed,,9.0,54.1752326633391,,,
PRT,1994,60.4,-7.4,,0.964838285067799,6.709,5.42044019241626,0,fixed,,9.0,57.1773600156865,,,
PRT,1995,62.2,-5.1,,4.28278017236022,7.064,4.22281614099488,0,fixed,,9.0,59.9144721620053,,,
PRT,1996,63.3,-4.6,,3.50424653058748,7.298,3.06897732509786,0,fixed,,9.0,60.2098050471666,,,
PRT,1997,58.7,-3.7,,4.40086766458026,6.571,2.33686298314114,0,fixed,,9.0,62.3049515024583,,,
PRT,1998,55.6,-4.3,,4.80796318953165,4.64,2.57275225909131,0,fixed,,9.0,63.8308988570361,,,
PRT,1999,55.4,-2.9,,3.90657779623113,4.579,2.34009490312169,1,fixed,,9.0,63.3143298172237,,,
PRT,2000,54.2,-3.3,,3.81617714108242,3.806,2.85303039287156,1,fixed,,9.0,67.4529979863247,,,
PRT,2001,57.4,-4.7,,1.94367213427915,3.829,4.36990330551792,1,fixed,,9.0,65.0919551771122,,,
PRT,2002,60.0,-3.7,,0.770924781247714,4.497,3.60034658290915,1,fixed,,9.0,62.3082594169772,,,
PRT,2003,63.9,-5.6,,-0.930521045062918,6.132,3.21899090682895,1,fixed,,9.0,61.1389474883653,,,
PRT,2004,67.1,-5.9,,1.78873552917291,6.319,2.365362040973,1,fixed,,9.0,63.2045936670279,,,
PRT,2005,72.2,-6.1,,0.781847569123585,7.582,2.27716394887838,1,fixed,,9.0,62.944504560452,,,
PRT,2006,73.7,-4.1,,1.62503532956156,7.649,3.1076654587105,1,fixed,,9.0,68.5470531182009,,,
PRT,2007,72.7,-2.9,,2.50657937751231,7.965,2.45396528138746,1,fixed,,9.0,69.9461175817991,,,
PRT,2008,75.6,-3.8,,0.319247344434558,7.553,2.58850657657956,1,fixed,,9.0,72.0757429221604,,,
PRT,2009,87.8,-9.9,,-3.12207827545093,9.432,-0.835530021504157,1,fixed,,9.0,61.4926935267759,,,
PRT,2010,100.1,-11.4,,1.73762453640036,10.771,1.40257289895372,1,fixed,,9.0,67.6892401927983,,,
PRT,2011,114.0,-7.7,,-1.71352745905065,12.715,3.6530110043073,1,fixed,,9.0,73.0075756700531,,,
PRT,2012,128.6,-6.2,,-4.05090267621935,15.509,2.77333854051576,1,fixed,,9.0,75.9411067187813,,,
PRT,2013,130.8,-5.2,,-0.984106574148328,16.237,0.274416666666663,1,fixed,,9.0,78.0305056874282,,,
PRT,2014,132.5,-7.3,,0.741391420706506,13.88,-0.278153367467428,1,fixed,,9.0,80.220669072079,,,
PRT,2015,131.0,-4.4,,1.58979803702681,12.405,0.48793862390472,1,fixed,,9.0,80.6346756266443,,,
PRT,2016,131.2,-1.9,,2.00414129666575,11.058,0.607397074641719,1,fixed,,9.0,79.5223464844001,,,
PRT,2017,126.0,-3.0,,3.31472008175986,8.878,1.36861411643482,1,fixed,,9.0,84.8077923069539,,,
PRT,2018,121.1,-0.4,,2.94628343449202,6.966,0.993715683468233,1,fixed,,9.0,86.7356954918399,,,
PRT,2019,116.1,0.1,,2.74568432648596,6.422,0.338178410046124,1,fixed,,9.0,86.7709889083586,,,
PRT,2020,134.1,-5.8,,-8.20463159324387,6.85,-0.0124383299576209,1,fixed,,9.0,76.5086407209215,,,
PRT,2021,123.9,-2.8,,5.55875672070374,6.712,1.26565719069044,1,fixed,,9.0,85.8735452148975,,,
PRT,2022,111.2,-0.3,,6.98584137580278,6.138,7.83269124233323,1,fixed,,9.0,101.364146479435,,,
PRT,2023,96.9,1.3,,3.09998745904281,6.498,4.31128191898681,1,fixed,,9.0,93.1358537072038,,,
PRY,1990,67.0,7.6,,4.12328287941739,,37.2599561799201,0,float,,5.0,91.3083408020561,,,
PRY,1991,49.4,3.4,,3.49365015491472,5.1,24.2253521126763,0,float,,5.0,89.1393192206208,,,
PRY,1992,34.4,3.1,,1.69642801124701,4.98,15.192743764172,0,float,,5.0,89.4975575588359,,,
PRY,1993,26.6,4.3,,4.93635941475281,5.06,18.2086614173228,0,float,,5.0,113.603763547842,,,
PRY,1994,18.7,4.6,,5.31791766023942,4.41,20.5661948376355,0,float,,5.0,123.079329466864,,,
PRY,1995,17.6,2.8,,6.82281030358578,3.4,13.4254143646407,0,float,,5.0,118.064074196549,,,
PRY,1996,16.8,2.4,,1.57378513175006,8.15,9.79968339016083,0,float,,5.0,103.035267206036,,,
PRY,1997,18.0,3.0,,4.24251610269859,5.36,6.94956608534118,0,float,,5.0,95.9342762479745,,,
PRY,1998,22.1,4.3,,0.0680377558080636,4.417,11.5532684355839,0,float,,5.0,101.606320138559,,,
PRY,1999,32.0,2.7,,-1.36607971240079,5.343,6.75226586102725,0,float,,5.0,77.5552756906357,,,
PRY,2000,33.6,-0.5,,-2.31414056819045,7.61,8.98215976750022,0,float,,5.0,78.6447297611485,,,
PRY,2001,37.1,0.1,,-0.834054716746095,6.206,7.26806028584825,0,float,,5.0,72.6056990118238,,,
PRY,2002,50.5,-1.9,,-0.0214043949985694,9.393,10.5102420856612,0,float,,5.0,79.4415656482927,,,
PRY,2003,37.5,-0.1,,4.32074548551591,6.814,14.2367970499143,0,float,,5.0,81.1273637701163,,,
PRY,2004,36.0,1.3,,4.05741836363771,6.513,4.32326492967491,0,float,,5.0,80.1044466155542,,,
PRY,2005,28.3,0.7,,2.13349066459601,4.825,6.80738203116377,0,float,,5.0,85.0219636540457,,,
PRY,2006,21.0,0.9,,4.80711719268376,5.277,9.58934941129229,0,float,,5.0,84.7335313048126,,,
PRY,2007,16.8,1.3,,5.42162287218235,4.713,8.13047417698577,0,float,,5.0,79.0011374202968,,,
PRY,2008,16.0,2.3,,6.4962921197091,4.415,10.1547846489023,0,float,,5.0,80.777574657268,,,
PRY,2009,14.9,0.6,,-0.261137328080281,5.46,2.59194673430567,0,float,,5.0,70.8419818624432,,,
PRY,2010,13.0,1.5,,11.0952312685521,4.569,4.65116279069765,0,float,,5.0,81.2575233746727,,,
PRY,2011,11.1,1.3,,4.28637120702282,4.67,8.2539682539683,0,float,,5.0,78.4921238489348,,,
PRY,2012,12.3,-0.6,,-0.708043112316886,4.085,3.67591897974496,0,float,,5.0,74.7649574560794,,,
PRY,2013,13.5,-1.2,,8.29307648940471,4.385,2.68385738718582,0,float,,5.0,73.3698713841075,,,
PRY,2014,15.6,-0.3,,5.30123864473624,5.034,5.02882767456766,0,float,,5.0,69.0837249631346,,,
PRY,2015,18.6,-0.4,,2.95715168367079,4.556,3.12900274473925,0,float,,5.0,66.9150655259573,,,
PRY,2016,19.4,-0.4,,4.26802583314583,5.255,4.08682280577241,0,float,,5.0,67.7593152322047,,,
PRY,2017,19.8,-0.4,,4.81007885554041,6.138,3.60247741348943,0,float,,5.0,71.0801344038377,,,
PRY,2018,22.3,-1.0,,3.20425034076639,6.217,3.97561015740694,0,float,,5.0,72.069223625915,,,
PRY,2019,25.8,-2.4,,-0.40185510068001,6.595,2.75709727562775,0,float,,5.0,71.2221617342433,,,
PRY,2020,36.9,-5.7,,-0.819785390971916,7.548,1.76751592356698,0,float,,5.0,62.7602174748561,,,
PRY,2021,37.5,-3.4,,3.99461510731535,7.311,4.787983101236,0,float,,5.0,69.7320126827159,,,
PRY,2022,40.6,-2.6,,-0.0280771723899278,6.755,9.76556667164402,0,float,,5.0,73.8736311444119,,,
PRY,2023,41.0,-3.8,,5.28584584975323,5.794,4.63202285403356,0,float,,5.0,82.5777252296516,,,
QAT,1990,12.6,3.2,,3.41446208112872,,3.0009680542111,0,float,,5.0,85.5703194983577,,,
QAT,1991,21.8,-2.6,,-1.66223257584981,0.87,4.41729323308255,0,float,,5.0,80.9786079182631,,,
QAT,1992,19.9,-2.7,,11.3305277401187,0.87,3.06030603060311,0,float,,5.0,86.5658235125036,,,
QAT,1993,46.3,-9.5,,-1.32513607105912,0.87,-0.8733624454148,0,float,,5.0,80.7984644913628,,,
QAT,1994,54.8,-11.8,,1.41870838953481,0.87,1.32158590308376,0,float,,5.0,78.6499273553627,,,
QAT,1995,50.2,-5.8,,2.3992362961452,0.87,2.9565217391303,0,float,,5.0,87.6679508473432,,,
QAT,1996,57.8,-8.7,,4.3739105695453,0.87,4.90453460620532,0,float,,5.0,83.5092188258127,,,
QAT,1997,54.4,-9.4,,30.0120397093796,0.87,4.83448981913322,0,float,,5.0,84.4470382258535,,,
QAT,1998,76.6,-7.0,,11.2186524616371,0.87,2.9513888888889,0,float,,5.0,91.0581301901956,,,
QAT,1999,81.8,-4.4,,4.28406436325426,0.87,2.18170320404723,0,float,,5.0,85.7329697856399,,,
QAT,2000,51.6,4.6,,8.02812548837973,0.87,1.65033522434232,0,float,,5.0,89.6126597159917,,,
QAT,2001,59.2,4.5,,3.89814748805541,0.87,1.47133434804683,0,float,,5.0,94.968671679198,,,
QAT,2002,47.7,7.9,,7.18252331136711,0.87,0.239999999999952,0,float,,5.0,88.4697236252199,,,
QAT,2003,38.8,6.7,,3.7199194981967,0.87,2.26456504389469,0,float,,5.0,90.1649486943021,,,
QAT,2004,30.1,17.7,,19.2185032411244,0.87,6.79933665008279,0,float,,5.0,90.3724288385622,,,
QAT,2005,19.1,9.8,,7.49272803754515,0.87,8.81439532334683,0,float,,5.0,94.7455441696331,,,
QAT,2006,13.9,8.4,,26.17039955781,0.87,11.8358096197431,0,float,,5.0,98.570919313572,,,
QAT,2007,9.4,10.3,,17.9852165615129,0.52,13.7581625759964,0,float,,5.0,96.11443696558,,,
QAT,2008,11.4,9.5,,17.6630346842674,0.31,15.0501451570333,0,float,,5.0,89.4332931345959,,,
QAT,2009,36.0,14.1,,11.9575512911227,0.31,-4.86327801622565,0,float,,5.0,80.1441629727012,,,
QAT,2010,30.4,4.6,,16.7315558489187,0.45,-2.42525675161714,0,float,,5.0,86.0703268232169,,,
QAT,2011,33.5,5.2,,13.0214050496923,0.56,1.13836623529202,0,float,,5.0,98.7216351018991,,,
QAT,2012,32.1,8.6,,4.62623675511804,0.48,2.31534853431661,0,float,,5.0,105.746343435217,,,
QAT,2013,30.9,19.3,,4.43070196521455,0.28,3.22197756829293,0,float,,5.0,102.383208106327,,,
QAT,2014,24.9,13.4,,4.11911527912761,0.2,3.34972085659523,0,float,,5.0,99.0343747414317,,,
QAT,2015,35.5,18.4,,4.75334572438737,0.17,1.8140772393776,0,float,,5.0,93.7076041736357,,,
QAT,2016,46.7,-9.2,,3.06419188430156,0.15,2.6765917009819,0,float,,5.0,89.5476001199351,,,
QAT,2017,51.6,-6.8,,-1.49760470227838,0.14,0.394878914083005,0,float,,5.0,91.4945879195194,,,
QAT,2018,52.2,2.3,,1.23487220191065,0.11,0.255815382724408,0,float,,5.0,91.838448978201,,,
QAT,2019,62.1,1.0,,0.688240954592672,0.1,-0.666641124861147,0,float,,5.0,90.0463755485388,,,
QAT,2020,72.6,-2.1,,-3.5576039896784,0.14,-2.5403150300476,0,float,,5.0,90.0190948833102,,,
QAT,2021,58.4,0.2,,1.62684671918775,0.14,2.30446565742003,0,float,,5.0,92.7791585715125,,,
QAT,2022,42.6,10.4,,4.18500970982862,0.13,4.99527553740761,0,float,,5.0,100.213647199618,,,
QAT,2023,42.8,5.5,,1.18715991623776,0.13,3.02764899198902,0,float,,5.0,,,,
ROU,2000,29.6,-4.0,,2.4612634592269,6.969,45.6665940440238,0,float,,8.0,48.5213253850786,,,
ROU,2001,27.4,-3.2,,5.21813625673708,6.561,34.4770123493527,0,float,,8.0,51.9285910211481,,,
ROU,2002,27.4,-2.6,,5.70299165043771,8.112,22.5398862605386,0,float,,8.0,53.7102478139376,,,
ROU,2003,24.9,-2.3,,2.34114732919521,6.95,15.2734889936255,0,float,,8.0,56.1795270470243,,,
ROU,2004,21.3,-3.4,,10.4281130180976,7.719,11.8743635936399,0,float,,8.0,60.6264786669408,,,
ROU,2005,17.8,-0.7,,4.6681480508487,7.174,9.01491283343835,0,float,,8.0,59.3605494490555,,,
ROU,2006,12.7,-1.4,,8.02881107599163,7.27,6.55851412276983,0,float,,8.0,61.6836259265159,,,
ROU,2007,12.4,-3.0,,7.23380774362805,6.413,4.83732928313989,0,float,,8.0,63.5051566734658,,,
ROU,2008,13.0,-4.6,,9.30746717077338,5.787,7.85080255714482,0,float,,8.0,65.1752009979412,,,
ROU,2009,22.5,-6.9,,-5.51670615843011,6.859,5.58742004264393,0,float,,8.0,58.4700583666529,,,
ROU,2010,30.2,-6.2,,-3.90581157302972,6.959,6.09141668601891,0,float,,8.0,69.9549354932718,,,
ROU,2011,32.6,-4.1,,4.49558909946313,7.177,5.7892532881588,0,float,,8.0,76.271356441629,,,
ROU,2012,36.2,-2.4,,1.90361696799603,6.794,3.33492267693442,0,float,,8.0,76.5943239913672,,,
ROU,2013,39.3,-2.4,,0.278771877470234,7.096,3.9847123554813,0,float,,8.0,81.3976131747183,,,
ROU,2014,40.5,-1.8,,4.11600109267832,6.802,1.06830987684298,0,float,,8.0,83.3751429575201,,,
ROU,2015,39.4,-1.3,,3.1570360543854,6.812,-0.594156437495203,0,float,,8.0,83.5205767017155,,,
ROU,2016,39.5,-2.5,,2.85993252302089,5.901,-1.54479666813897,0,float,,8.0,85.8925282906884,,,
ROU,2017,37.1,-2.9,,8.19547826641261,4.927,1.3390212110439,0,float,,8.0,87.1560645667801,,,
ROU,2018,36.4,-2.8,,5.39452228185675,4.187,4.62548443137779,0,float,,8.0,87.0911701095809,,,
ROU,2019,36.8,-4.6,,3.96028958497598,3.912,3.82785432599438,0,float,,8.0,84.9063630584793,,,
ROU,2020,49.5,-9.6,,-3.59802546034757,5.035,2.63107311184743,0,float,,8.0,78.3616463562709,,,
ROU,2021,51.8,-6.7,,5.58735072538869,5.59,5.05232876096582,0,float,,8.0,87.0711965460145,,,
ROU,2022,51.9,-5.9,,4.18771305104109,5.614,13.7954887432521,0,float,,8.0,93.9496509383447,,,
ROU,2023,52.6,-5.7,,2.25773416555121,5.589,10.3971874764996,0,float,,8.0,83.3753324062231,,,
RUS,1997,51.5,,,1.3999158052963,11.813,14.761329268806,0,float,,5.0,47.2569214100748,,,
RUS,1998,135.2,-7.4,,-5.2999616266239,13.261,27.6856798076742,0,float,,5.0,55.7722532849766,,,
RUS,1999,92.4,-3.6,,6.39991469144101,13.036,85.7464940960636,0,float,,5.0,69.393281498812,,,
RUS,2000,55.9,3.1,,10.0000668136515,10.581,20.7987606558704,0,float,,5.0,68.0939070373555,,,
RUS,2001,44.4,3.0,,5.10005122572568,8.978,21.4770072117159,0,float,,5.0,61.1108586644206,,,
RUS,2002,37.6,0.7,,4.69999190914258,7.875,15.7887307914463,0,float,,5.0,59.6454457319607,,,
RUS,2003,28.3,1.4,,7.29995234528189,8.21,13.6632930228666,0,float,,5.0,59.1282690076014,,,
RUS,2004,20.8,4.6,,7.19994786954857,7.763,10.8886157326216,0,float,,5.0,56.5818523984055,,,
RUS,2005,14.9,7.6,,6.39996544799469,7.124,12.6853039507349,0,float,,5.0,56.7132484905422,,,
RUS,2006,9.8,7.8,,8.20006825456321,7.055,9.66865454789265,0,float,,5.0,54.733401867266,,,
RUS,2007,8.0,5.6,,8.49997776916511,6.002,9.00729868861079,0,float,,5.0,51.7061227454606,,,
RUS,2008,7.4,4.5,,5.19996926404957,6.205,14.1107677840442,0,float,,5.0,53.3824660408908,,,
RUS,2009,9.9,-5.9,,-7.79999391271275,8.301,11.6473295764118,0,float,,5.0,48.4350610278181,,,
RUS,2010,10.1,-3.2,,4.49999999920672,7.407,6.84939230255025,0,float,,5.0,50.3555054872589,,,
RUS,2011,10.3,1.4,,4.30002918604238,6.571,8.4404648593257,0,float,,5.0,48.0353994077919,,,
RUS,2012,11.2,0.4,,4.0240861571798,5.484,5.07474300799149,0,float,,5.0,47.1513903857957,,,
RUS,2013,12.3,-1.2,,1.75542214916291,5.513,6.75466833903486,0,float,,5.0,46.287149400499,,,
RUS,2014,15.1,-1.1,,0.736267221403651,5.212,7.82016970013845,0,float,,5.0,47.8013412628116,,,
RUS,2015,15.3,-3.4,,-1.9727192264298,5.615,15.5343959935701,0,float,,5.0,49.3593493116887,,,
RUS,2016,14.8,-3.7,,0.193671130698817,5.591,7.04243725413707,0,float,,5.0,46.5181198396096,,,
RUS,2017,14.3,-1.5,,1.82670527549192,5.238,3.68333072334495,0,float,,5.0,46.8765243371311,,,
RUS,2018,13.6,2.9,,2.80634082046656,4.871,2.87831382614981,0,float,,5.0,51.5809003703964,,,
RUS,2019,13.7,1.9,,2.19807571381982,4.513,4.47202631837903,0,float,,5.0,49.2287536619033,,,
RUS,2020,19.2,-4.0,,-2.65365449695453,5.62,3.38219796948068,0,float,,5.0,45.9669082029127,,,
RUS,2021,16.5,0.8,,5.866491772979,4.749,6.69445891957612,0,float,,5.0,50.5861954621752,,,
RUS,2022,15.1,-1.3,,-1.43537063467896,3.867,13.7436797398232,0,float,,5.0,42.7663082313349,,,
RUS,2023,15.2,-2.2,,4.06661395813023,3.076,5.86571931748967,0,float,,5.0,41.3395116492933,,,
RWA,1995,102.2,-2.1,,35.224078310176,11.938,,0,float,,5.0,35.5084537965888,,,
RWA,1996,84.6,-5.1,,12.7456957642204,11.507,7.41137173526642,0,float,,5.0,36.809895604067,,,
RWA,1997,73.3,-2.3,,13.8497524852284,11.087,12.0154225195686,0,float,,5.0,37.9015933606179,,,
RWA,1998,71.1,-2.6,,8.85866949472509,11.255,6.2100670945581,0,float,,5.0,32.8449012952097,,,
RWA,1999,79.5,-4.5,,4.35188831823314,11.569,-2.40593209742259,0,float,,5.0,31.155176977133,,,
RWA,2000,87.2,-0.2,,8.37089593573039,11.699,3.89952980284712,0,float,,5.0,31.3192321274779,,,
RWA,2001,85.2,-1.8,,8.48456034086699,11.732,3.34285506749409,0,float,,5.0,33.1583013228126,,,
RWA,2002,93.4,-2.1,,13.1920736288433,11.432,1.99258542453993,0,float,,5.0,31.3172752974708,,,
RWA,2003,80.7,-1.3,,2.2023875095978,11.658,7.44970014007366,0,float,,5.0,32.8189983492155,,,
RWA,2004,82.1,2.3,,7.44766737037035,11.699,12.2507102894391,0,float,,5.0,37.0316755294291,,,
RWA,2005,59.8,1.1,,9.37789916585375,11.842,9.01408918092339,0,float,,5.0,38.0262688816851,,,
RWA,2006,22.8,0.0,,9.22707576994632,11.586,8.88282654777923,0,float,,5.0,33.6578390444203,,,
RWA,2007,22.4,-1.6,,7.63329819042882,11.58,9.08072205873158,0,float,,5.0,36.4479761431748,,,
RWA,2008,18.5,0.8,,11.161247324054,11.517,15.4382138709255,0,float,,5.0,37.9969638376772,,,
RWA,2009,18.7,0.3,,6.24825750704265,11.625,12.9443978401712,0,float,,5.0,37.2137499920385,,,
RWA,2010,19.0,-0.6,,7.33465645016436,11.637,-0.246128693436934,0,float,,5.0,37.7415245466166,,,
RWA,2011,18.9,-0.9,,7.95838869909085,11.756,3.0801706924026,0,float,,5.0,40.1597511764349,,,
RWA,2012,19.3,-2.4,,8.64150815708138,11.671,10.2710182318876,0,float,,5.0,41.081185425557,,,
RWA,2013,27.0,-1.3,,4.71984856950924,11.768,5.92426867984854,0,float,,5.0,43.260980041775,,,
RWA,2014,29.5,-4.0,,5.66845354233575,11.837,2.35449052820358,0,float,,5.0,44.4828257252622,,,
RWA,2015,33.5,-2.7,,8.87036752872743,11.831,2.52850284192421,0,float,,5.0,45.7348675761767,,,
RWA,2016,41.5,-2.3,,5.65874584202778,11.788,7.17434301982009,0,float,,5.0,50.08973657056,,,
RWA,2017,46.1,-2.5,,4.70393439751061,11.875,8.27953672260832,0,float,,5.0,54.2079656602139,,,
RWA,2018,49.2,-2.6,,8.07084254621641,10.759,-0.311210160390699,0,float,,5.0,47.9830578657248,,,
RWA,2019,52.8,-5.0,,9.28613387454543,11.236,3.34787655037648,0,float,,5.0,48.892715033759,,,
RWA,2020,66.7,-9.3,,-2.77710485515125,11.829,9.85039902274207,0,float,,5.0,44.3511840604967,,,
RWA,2021,66.2,-6.9,,8.41140448646523,15.775,-0.391346748300791,0,float,,5.0,59.8007993935018,,,
RWA,2022,59.0,-5.6,,9.82497394651698,15.084,17.6892095588153,0,float,,5.0,60.9591709408266,,,
RWA,2023,61.4,-4.9,,8.55964292914153,12.352,19.789546746467,0,float,,5.0,66.8925839339472,,,
SAQ,1995,67.2,-5.6,,,,,0,float,,5.0,,,,
SAQ,1996,64.5,-5.8,,,,,0,float,,5.0,,,,
SAQ,1997,65.9,-6.8,,,,,0,float,,5.0,,,,
SAQ,1998,66.5,-8.0,,,,,0,float,,5.0,,,,
SAQ,1999,69.7,-7.0,,,,,0,float,,5.0,,,,
SAQ,2000,72.5,-7.0,,,,,0,float,,5.0,,,,
SAQ,2001,77.5,-8.9,,,,,0,float,,5.0,,,,
SAQ,2002,80.6,-8.9,,,,,0,float,,5.0,,,,
SAQ,2003,77.2,-8.8,,,,,0,float,,5.0,,,,
SAQ,2004,75.9,-7.4,,,,,0,float,,5.0,,,,
SAQ,2005,73.8,-5.7,,,,,0,float,,5.0,,,,
SAQ,2006,70.3,-4.6,,,,,0,float,,5.0,,,,
SAQ,2007,68.8,-3.7,,,,,0,float,,5.0,,,,
SAQ,2008,67.8,-7.4,,,,,0,float,,5.0,,,,
SAQ,2009,67.6,-8.2,,,,,0,float,,5.0,,,,
SAQ,2010,63.9,-7.7,,,,,0,float,,5.0,,,,
SAQ,2011,64.5,-7.4,,,,,0,float,,5.0,,,,
SAQ,2012,64.1,-6.9,,,,,0,float,,5.0,,,,
SAQ,2013,63.8,-6.4,,,,,0,float,,5.0,,,,
SAQ,2014,63.3,-6.2,,,,,0,float,,5.0,,,,
SAQ,2015,64.8,-6.6,,,,,0,float,,5.0,,,,
SAQ,2016,65.0,-6.4,,,,,0,float,,5.0,,,,
SAQ,2017,65.9,-6.0,,,,,0,float,,5.0,,,,
SAQ,2018,67.2,-6.1,,,,,0,float,,5.0,,,,
SAQ,2019,72.2,-7.6,,,,,0,float,,5.0,,,,
SAQ,2020,83.3,-11.7,,,,,0,float,,5.0,,,,
SAQ,2021,79.6,-8.7,,,,,0,float,,5.0,,,,
SAQ,2022,79.0,-8.6,,,,,0,float,,5.0,,,,
SAQ,2023,80.1,-7.9,,,,,0,float,,5.0,,,,
SAU,1991,39.4,-3.3,,8.22077074524385,7.316,4.86111111111137,0,float,,5.0,74.6992988351616,,,
SAU,1992,47.8,-8.1,,4.58058206179402,7.2,-0.0770060064690921,0,float,,5.0,75.0920345777317,,,
SAU,1993,58.6,-9.3,,0.379835927354492,7.002,1.05579531442695,0,float,,5.0,67.80697438575,,,
SAU,1994,67.9,-8.3,,0.952965973086691,6.733,0.564325478533149,0,float,,5.0,60.0713114592181,,,
SAU,1995,74.2,-5.1,,0.311708028499027,6.365,4.86843103056033,0,float,,5.0,65.0417272083752,,,
SAU,1996,75.2,-3.2,,3.30468254228352,5.804,1.22206054877756,0,float,,5.0,66.653820067958,,,
SAU,1997,76.7,-2.5,,2.64731939948642,5.283,0.0571506050626489,0,float,,5.0,65.1880669440449,,,
SAU,1998,101.5,-8.9,,2.80381183998992,4.752,-0.37126675171199,0,float,,5.0,56.0883926105725,,,
SAU,1999,103.0,-6.0,,-0.633393640920247,4.346,-1.33375489653896,0,float,,5.0,57.8460488194196,,,
SAU,2000,86.7,3.2,,4.71813422138024,4.57,-1.12499838517645,0,float,,5.0,68.1664488005167,,,
SAU,2001,93.1,-3.9,,0.344593196175438,4.618,-1.12094804896791,0,float,,5.0,63.5605836794513,,,
SAU,2002,96.4,-5.9,,-0.688390130317757,5.265,0.247186492339686,0,float,,5.0,64.5927974099254,,,
SAU,2003,81.6,1.2,,8.76873381743964,5.563,0.612195358172966,0,float,,5.0,69.831170708742,,,
SAU,2004,62.9,9.7,,8.63100545880309,5.822,0.5155078977673,0,float,,5.0,75.0828366569341,,,
SAU,2005,37.3,18.0,,5.94489623934835,6.051,0.479231671630955,0,float,,5.0,81.9540759410158,,,
SAU,2006,25.8,20.8,,3.31348473625901,6.254,2.20902314069647,0,float,,5.0,89.9446046768984,,,
SAU,2007,17.1,11.8,,2.21365396372528,5.734,4.16782358431579,0,float,,5.0,94.8633170967657,,,
SAU,2008,12.1,29.8,,6.2379875365458,5.085,9.87024816760266,0,float,,5.0,96.1026308742185,,,
SAU,2009,14.0,-5.4,,-1.06671711240203,5.377,5.0572227614833,0,float,,5.0,84.8583415624843,,,
SAU,2010,8.4,4.4,,5.0395150823517,5.55,5.33941733020905,0,float,,5.0,82.5496850227537,,,
SAU,2011,5.3,11.4,,11.758820686671,5.77,5.8262163739404,0,float,,5.0,84.3594342438995,,,
SAU,2012,3.0,11.7,,5.76157382270968,5.622,2.86627029905053,0,float,,5.0,81.74067854616,,,
SAU,2013,2.1,5.5,,2.94563789152025,5.6,3.51104209799866,0,float,,5.0,80.2515014286783,,,
SAU,2014,1.5,-3.4,,4.02467158380668,5.877,2.24185348779063,0,float,,5.0,78.000111117736,,,
SAU,2015,5.5,-14.9,,4.65512316652699,5.6,1.22269318552328,0,float,,5.0,67.1052692300592,,,
SAU,2016,12.2,-13.2,,1.70404739202878,5.6,2.05347076823965,0,float,,5.0,57.9216635110364,,,
SAU,2017,15.9,-8.6,,1.18210705878283,5.89,-0.834845735027162,0,float,,5.0,59.5319791578229,,,
SAU,2018,16.8,-5.2,,3.2269508901591,6.029,2.46594308994843,0,float,,5.0,59.1029104697141,,,
SAU,2019,20.3,-4.0,,1.65158925617395,5.636,-1.19298644533328,0,float,,5.0,56.7938204886513,,,
SAU,2020,29.7,-10.2,,-3.80478901996312,7.66,3.37234961012303,0,float,,5.0,47.533159225048,,,
SAU,2021,25.5,-2.0,,6.51959698325419,6.621,3.06328988941548,0,float,,5.0,50.8839263398787,,,
SAU,2022,21.3,2.2,,12.0005874752929,5.589,2.47407371925372,0,float,,5.0,56.8241647749332,,,
SAU,2023,23.0,-1.8,,0.542592439393161,4.008,2.32708518362706,0,float,,5.0,55.7974682325487,,,
SDN,1992,495.2,-24.5,,6.57786138499603,15.668,117.624468896394,0,float,,5.0,19.6706332930978,,,
SDN,1993,285.9,-8.0,,4.56874918954713,15.51,101.380423763812,0,float,,5.0,11.4660832437785,,,
SDN,1994,386.5,-3.0,,1.00622924788334,15.617,115.398144292738,0,float,,5.0,14.610015048858,,,
SDN,1995,239.0,-3.5,,5.99709226051246,15.627,68.3751929485422,0,float,,5.0,14.7723984872323,,,
SDN,1996,220.9,-2.6,,5.9191237633176,15.605,132.823777374139,0,float,,5.0,20.0298432137309,,,
SDN,1997,167.7,-0.6,,18.3126571850273,15.324,47.1685369647197,0,float,,5.0,17.858606720307,,,
SDN,1998,179.7,-0.6,,4.30850425525036,15.352,24.6218785461586,0,float,,5.0,21.8751479870534,,,
SDN,1999,160.5,-0.8,,3.10409561549652,15.399,17.1664454201761,0,float,,5.0,24.7143682332999,,,
SDN,2000,143.2,-0.7,,6.34586743997545,15.595,7.12125897172291,0,float,,5.0,29.4042344599492,,,
SDN,2001,125.6,-0.8,,6.50036053396883,15.56,1.93529572095333,0,float,,5.0,20.2933456223411,,,
SDN,2002,121.7,-0.7,,6.0064715363132,15.514,22.2247241495905,0,float,,5.0,25.6255617213052,,,
SDN,2003,117.4,0.8,,6.28880816146516,15.515,6.48943208673338,0,float,,5.0,26.4402280670553,,,
SDN,2004,97.8,0.2,,5.14088851762675,15.538,9.65754628605945,0,float,,5.0,30.4323376195052,,,
SDN,2005,75.5,-1.9,,5.64351551343631,15.545,8.50585075933117,0,float,,5.0,35.8715914021946,,,
SDN,2006,63.7,-1.3,,6.5314117467792,15.542,7.19912990114709,0,float,,5.0,36.2025936172703,,,
SDN,2007,53.7,-2.8,,5.73527423664484,15.534,14.7542770780084,0,float,,5.0,34.4033361615632,,,
SDN,2008,55.8,0.5,,3.84674473121058,15.566,14.2971224481434,0,float,,5.0,36.7410978273835,,,
SDN,2009,71.0,-3.8,,-2.76770436599138,13.0,11.256758706301,0,float,,5.0,32.7808783344833,,,
SDN,2010,74.6,0.1,,3.85824195230107,15.168,12.9776663898014,0,float,,5.0,32.728309950035,,,
SDN,2011,78.1,-2.3,,-3.21353209253371,17.44,18.0966171221351,0,float,,5.0,27.512339023518,,,
SDN,2012,117.7,-7.4,,-17.0046884048945,16.973,35.5590574147024,0,float,,5.0,21.8561745247301,,,
SDN,2013,105.8,-5.8,,1.95514463302422,16.273,36.5223449139154,0,float,,5.0,26.8585245020134,,,
SDN,2014,84.4,-4.7,,4.66137954229873,15.41,36.9066427863595,0,float,,5.0,20.8451090041313,,,
SDN,2015,93.2,-3.9,,1.91017689052751,14.39,16.9095706050977,0,float,,5.0,18.3782728546541,,,
SDN,2016,109.9,-3.9,,3.46764218409288,13.656,17.750253831196,0,float,,5.0,15.2816698903461,,,
SDN,2017,149.5,-6.1,,0.70925628476644,13.0,32.3516260968437,0,float,,5.0,17.8313898297102,,,
SDN,2018,209.8,-7.9,,-2.6809305497999,12.347,63.2925073455888,0,float,,5.0,21.8679187274323,,,
SDN,2019,216.5,-10.8,,-2.17825104530091,11.697,50.9940515002965,0,float,,5.0,26.1196204552625,,,
SDN,2020,278.8,-6.0,,-3.62980082410752,11.995,163.257782355458,0,float,,5.0,9.95514507626151,,,
SDN,2021,191.3,-0.3,,-1.8685204827207,11.087,359.093040778999,0,float,,5.0,4.12754863828426,,,
SDN,2022,189.0,-2.1,,-0.957816591119183,7.53,138.80846024176,0,float,,5.0,2.69883443585856,,,
SDN,2023,261.2,-3.7,,-29.4332716274387,,,0,float,,5.0,2.47372878267665,,,
SEN,1996,0.1,0.9,,2.01997720854131,2.831,2.75430663482407,0,float,,5.0,46.272432717398,,,
SEN,1997,67.8,1.0,,3.04560103485423,2.759,1.75316478097236,0,float,,5.0,47.2413224036235,,,
SEN,1998,18.8,0.9,,5.89847931769205,2.751,1.15678070391341,0,float,,5.0,48.0986748167655,,,
SEN,1999,15.0,-0.6,,6.28330825030987,2.655,0.827250608272497,0,float,,5.0,49.4852621662422,,,
SEN,2000,57.5,0.8,,3.88721095816793,2.638,0.731981981981597,0,float,,5.0,48.680089723263,,,
SEN,2001,53.2,-1.4,,4.31085146618369,2.674,2.97450083919566,0,float,,5.0,49.7205780648314,,,
SEN,2002,52.0,0.2,,0.0686965747419066,2.82,2.33730187454299,0,float,,5.0,53.1442994641329,,,
SEN,2003,42.9,-0.5,,5.59395094456143,2.781,-0.0519970242714495,0,float,,5.0,50.8212198933376,,,
SEN,2004,38.0,0.2,,4.64329393683312,2.775,0.514781781023016,0,float,,5.0,53.6592031275529,,,
SEN,2005,36.1,-0.3,,4.31023852639633,2.679,1.71133325855502,0,float,,5.0,54.9032435689485,,,
SEN,2006,17.5,-3.7,,2.33077098330239,2.755,2.11228583877117,0,float,,5.0,54.1362378092613,,,
SEN,2007,19.0,-2.8,,2.82711920133374,2.8,5.85330428467681,0,float,,5.0,59.2713043549794,,,
SEN,2008,19.1,-3.5,,3.70316906391386,2.816,7.34720236578406,0,float,,5.0,62.7617698176319,,,
SEN,2009,29.9,-3.7,,2.75210448455053,2.807,-2.2480214785534,0,float,,5.0,52.3072908773365,,,
SEN,2010,34.6,-3.9,,3.39088925336209,2.795,1.22868119673344,0,float,,5.0,52.4578551962948,,,
SEN,2011,32.9,-4.9,,1.33409107961258,2.853,3.40322829786971,0,float,,5.0,57.5768785989578,,,
SEN,2012,34.5,-4.2,,4.00299555090457,3.896,1.41822871177854,0,float,,5.0,61.9753040040375,,,
SEN,2013,36.9,-4.3,,2.41238527605579,5.012,0.710245486695176,0,float,,5.0,60.6267663596737,,,
SEN,2014,42.4,-3.9,,6.22407443790986,5.849,-1.09025507446895,0,float,,5.0,58.4425289760992,,,
SEN,2015,44.5,-3.7,,6.36704365066983,6.757,0.135211933635165,0,float,,5.0,58.1103376742017,,,
SEN,2016,47.5,-3.3,,6.35606857208136,4.455,0.837284942557434,0,float,,5.0,54.1081692072139,,,
SEN,2017,61.1,-3.0,,7.40748618589598,4.078,1.31815314847789,0,float,,5.0,57.8165678119905,,,
SEN,2018,61.5,-3.7,,6.20924103388887,3.453,0.460985642464188,0,float,,5.0,61.7898394793183,,,
SEN,2019,81.5,-13.9,,4.6136280976221,2.863,1.76011151192939,0,float,,5.0,64.2362506061005,,,
SEN,2020,90.1,-9.6,,1.34207377285524,3.432,2.54314685681662,0,float,,5.0,60.0468716137065,,,
SEN,2021,98.7,-13.7,,6.5440010991951,3.436,2.18032278088147,0,float,,5.0,69.3759939883832,,,
SEN,2022,104.7,-16.1,,3.85043193752725,2.837,9.69681899081073,0,float,,5.0,79.3974220189679,,,
SEN,2023,118.4,-14.8,,4.25743083300657,2.784,5.93947798773215,0,float,,5.0,71.5942815846823,,,
SEQ,2000,64.5,-1.7,,,,,0,float,,5.0,,,,
SEQ,2001,64.0,-2.0,,,,,0,float,,5.0,,,,
SEQ,2002,60.7,-2.4,,,,,0,float,,5.0,,,,
SEQ,2003,58.0,-1.2,,,,,0,float,,5.0,,,,
SEQ,2004,55.7,-0.4,,,,,0,float,,5.0,,,,
SEQ,2005,51.3,0.3,,,,,0,float,,5.0,,,,
SEQ,2006,45.8,0.6,,,,,0,float,,5.0,,,,
SEQ,2007,45.4,0.1,,,,,0,float,,5.0,,,,
SEQ,2008,42.6,0.3,,,,,0,float,,5.0,,,,
SEQ,2009,45.3,-2.5,,,,,0,float,,5.0,,,,
SEQ,2010,44.0,-1.0,,,,,0,float,,5.0,,,,
SEQ,2011,42.6,0.2,,,,,0,float,,5.0,,,,
SEQ,2012,44.0,-0.7,,,,,0,float,,5.0,,,,
SEQ,2013,44.3,-0.8,,,,,0,float,,5.0,,,,
SEQ,2014,44.3,-0.9,,,,,0,float,,5.0,,,,
SEQ,2015,45.8,-1.5,,,,,0,float,,5.0,,,,
SEQ,2016,46.0,-1.3,,,,,0,float,,5.0,,,,
SEQ,2017,46.5,-1.0,,,,,0,float,,5.0,,,,
SEQ,2018,47.3,-0.8,,,,,0,float,,5.0,,,,
SEQ,2019,48.5,-0.8,,,,,0,float,,5.0,,,,
SEQ,2020,58.4,-5.4,,,,,0,float,,5.0,,,,
SEQ,2021,62.1,-4.0,,,,,0,float,,5.0,,,,
SEQ,2022,62.9,-2.4,,,,,0,float,,5.0,,,,
SEQ,2023,65.2,-1.6,,,,,0,float,,5.0,,,,
SGP,1990,73.5,2.0,,9.82089955731777,,3.46075338652824,0,float,,5.0,344.33221784507,,,
SGP,1991,76.4,0.7,,6.68839753958379,2.18,3.42570173078643,0,float,,5.0,323.887994825751,,,
SGP,1992,79.0,2.7,,6.63980556949564,3.09,2.26307118702851,0,float,,5.0,311.312267281518,,,
SGP,1993,71.2,4.4,,11.459650875246,3.07,2.28929964388641,0,float,,5.0,313.416139807665,,,
SGP,1994,70.7,7.9,,11.0956893100227,3.03,3.10013262599502,0,float,,5.0,316.216547584567,,,
SGP,1995,69.8,4.8,,7.17540112091071,3.3,1.72053384788524,0,float,,5.0,345.459263895462,,,
SGP,1996,71.3,2.0,,7.47139086002002,3.57,1.38318052481876,0,float,,5.0,334.911163288092,,,
SGP,1997,70.8,5.7,,8.31620911124497,2.5,2.00358618538962,0,float,,5.0,323.86442214814,,,
SGP,1998,84.6,2.4,,-2.19101500611274,3.41,-0.267502292876153,0,float,,5.0,312.079255674686,,,
SGP,1999,85.3,5.2,,5.71837175710837,4.85,0.0167098337370727,0,float,,5.0,336.484846412882,,,
SGP,2000,82.3,4.6,,9.03831632555163,3.7,1.36162392448456,0,float,,5.0,364.364520468218,,,
SGP,2001,94.5,1.2,,-1.07086275100448,3.76,0.997197956155943,0,float,,5.0,349.292105694978,,,
SGP,2002,96.3,2.2,,3.92336076702013,5.65,-0.391676866585049,0,float,,5.0,349.746013985676,,,
SGP,2003,99.1,0.7,,4.54825542643229,5.93,0.507905300237551,0,float,,5.0,377.218564301581,,,
SGP,2004,95.7,2.1,,9.93998268434957,5.84,1.66272719863072,0,float,,5.0,401.523712538509,,,
SGP,2005,92.7,2.6,,7.36632239250758,5.59,0.425106276569107,0,float,,5.0,420.430512920559,,,
SGP,2006,86.5,2.2,,9.00676607871758,4.48,0.965657519018511,0,float,,5.0,425.363399543019,,,
SGP,2007,87.8,7.1,,9.02151951268893,3.9,2.10980166714574,0,float,,5.0,394.288471919078,,,
SGP,2008,97.9,3.6,,1.86348345462035,3.96,6.63544058395309,0,float,,5.0,437.326714891057,,,
SGP,2009,101.7,-0.1,,0.127953382778088,5.86,0.589142019610516,0,float,,5.0,358.192811828842,,,
SGP,2010,98.7,5.7,,14.5197497108994,4.12,2.82884527612958,0,float,,5.0,369.685555787646,,,
SGP,2011,103.1,8.0,,6.21493416858989,3.89,5.25115624639373,0,float,,5.0,379.098631377539,,,
SGP,2012,106.7,7.3,,4.43549759378537,3.72,4.58084479423094,0,float,,5.0,369.212965787665,,,
SGP,2013,98.2,6.0,,4.81763099120676,3.86,2.36439793742726,0,float,,5.0,367.041780049019,,,
SGP,2014,97.7,4.6,,3.93554027709007,3.74,1.03316955857629,0,float,,5.0,360.467319166237,,,
SGP,2015,102.1,2.9,,2.97679931634806,3.79,-0.521975611895763,0,float,,5.0,329.471398940262,,,
SGP,2016,105.9,3.2,,3.91095306322606,4.08,-0.529809760375464,0,float,,5.0,301.338866227561,,,
SGP,2017,107.3,5.2,,4.32679370770501,4.2,0.576763191179996,0,float,,5.0,315.401433455385,,,
SGP,2018,109.2,3.7,,3.18660848474074,3.613,0.438784215129623,0,float,,5.0,325.725809994853,,,
SGP,2019,127.7,3.8,,1.15877947300108,3.1,0.567829988405447,0,float,,5.0,324.270088576625,,,
SGP,2020,147.1,-6.7,,-3.61084281729929,4.1,-0.172111865925382,0,float,,5.0,331.080556828077,,,
SGP,2021,139.9,1.1,,10.1410845197192,4.64,2.31610315765146,0,float,,5.0,326.53325458764,,,
SGP,2022,153.3,1.2,,4.01027884472296,3.591,6.13095418919732,0,float,,5.0,330.246917062891,,,
SGP,2023,170.4,3.4,,1.45026775889565,3.444,4.83372362825798,0,float,,5.0,323.7012199919,,,
SLB,1997,21.9,1.8,,-0.91407746990609,2.009,8.08400135486043,0,float,,5.0,100.91097317163,,,
SLB,1998,33.3,4.3,,1.29151109576075,2.155,12.3995038128069,0,float,,5.0,83.1388019998149,,,
SLB,1999,35.4,-0.3,,-0.485730372778804,2.194,8.02036839296841,0,float,,5.0,69.1617439923623,,,
SLB,2000,37.4,-2.5,,-14.2769995149354,2.446,7.88956186986721,0,float,,5.0,58.5523280892414,,,
SLB,2001,44.6,-2.0,,-7.95660550454917,2.642,6.92583732057426,0,float,,5.0,45.1100685673042,,,
SLB,2002,55.5,-3.7,,-2.7999838935951,2.698,10.9296341872692,0,float,,5.0,45.1275100252581,,,
SLB,2003,51.8,8.9,,6.52346760921694,2.286,8.26946349334406,0,float,,5.0,55.9586076145116,,,
SLB,2004,49.4,14.5,,7.68364102152745,2.026,6.98584202682567,0,float,,5.0,62.8118968234281,,,
SLB,2005,38.5,11.5,,7.35907917681935,1.879,7.33066341633299,0,float,,5.0,66.5710774479487,,,
SLB,2006,36.9,11.3,,4.13726239664898,1.916,11.2199870214146,0,float,,5.0,69.7893995920413,,,
SLB,2007,29.5,13.7,,3.63973499569106,1.978,7.66602013484806,0,float,,5.0,83.7476122894046,,,
SLB,2008,26.1,1.7,,6.22590636247851,1.998,17.3200651968774,0,float,,5.0,87.3526147171949,,,
SLB,2009,17.2,2.1,,2.86486309630651,2.02,7.09271716876286,0,float,,5.0,71.8849537891287,,,
SLB,2010,21.6,5.7,,9.70817235491481,1.617,1.05148163321038,0,float,,5.0,96.1485545423385,,,
SLB,2011,18.1,6.1,,7.43023752099302,1.292,7.34270706018,0,float,,5.0,107.24751599476,,,
SLB,2012,13.3,4.6,,2.46591837712438,0.984,5.91200602491155,0,float,,5.0,104.823434628967,,,
SLB,2013,11.6,3.6,,5.23744704670068,0.694,5.3913638858756,0,float,,5.0,99.6074605551315,,,
SLB,2014,10.1,2.1,,1.18945509547778,0.73,5.16590237925171,0,float,,5.0,93.4534073008692,,,
SLB,2015,7.9,0.8,,1.67578612030815,0.736,-0.57446928635949,0,float,,5.0,88.1884859107326,,,
SLB,2016,7.5,-3.6,,5.55494348257992,0.736,0.512485626268792,0,float,,5.0,85.54984577725,,,
SLB,2017,8.8,-2.3,,3.07546176144591,0.727,0.488686760261083,0,float,,5.0,82.1974922027324,,,
SLB,2018,7.9,1.5,,2.74585244829055,0.722,3.46147484973729,0,float,,5.0,88.4949614655388,,,
SLB,2019,7.8,-1.5,,1.74925244485951,0.746,1.63485544012247,0,float,,5.0,82.9985659020552,,,
SLB,2020,9.1,-2.4,,-3.38125925839405,0.868,2.96354992076065,0,float,,5.0,60.2204367377792,,,
SLB,2021,16.1,-1.8,,-0.227975292792024,0.879,-0.115437894412839,0,float,,5.0,67.4200567620007,,,
SLB,2022,16.5,-2.7,,-2.58448361755723,1.475,5.51812928576938,0,float,,5.0,74.8355405899571,,,
SLB,2023,22.3,-4.1,,2.84111851154807,1.443,5.88585897042164,0,float,,5.0,101.134531825762,,,
SLE,2001,113.5,-3.2,,-6.34545563328469,4.235,,0,float,,5.0,35.9381586081315,,,
SLE,2002,99.8,-3.0,,26.5241350674409,3.909,,0,float,,5.0,38.9169111968846,,,
SLE,2003,99.8,-2.8,,9.48363126885343,3.879,,0,float,,5.0,46.4464363702625,,,
SLE,2004,93.2,-1.5,,6.47884588417347,3.42,,0,float,,5.0,46.1719991766037,,,
SLE,2005,78.9,-1.2,,4.3534998069981,3.734,,0,float,,5.0,47.547983989225,,,
SLE,2006,61.9,-0.9,,4.28311062264335,3.89,,0,float,,5.0,22.0888664739674,,,
SLE,2007,26.4,12.6,,3.74975804751641,4.022,11.6499744518106,0,float,,5.0,21.8067992689239,,,
SLE,2008,46.1,-2.2,,3.68605969932123,4.132,8.21112432289608,0,float,,5.0,21.2566155636984,,,
SLE,2009,31.1,-1.5,,1.53080323958716,4.268,7.46901898540982,0,float,,5.0,23.0753395976546,,,
SLE,2010,28.9,-3.1,,6.35566595800495,4.34,7.18566275668163,0,float,,5.0,27.9541259241389,,,
SLE,2011,25.8,-2.8,,8.10065518714917,4.388,6.79138291952621,0,float,,5.0,43.7807969332619,,,
SLE,2012,24.1,-3.4,,10.578331663387,4.378,6.58776239392585,0,float,,5.0,53.3813447139398,,,
SLE,2013,22.3,-1.7,,14.6633238075229,4.376,5.52412877994266,0,float,,5.0,53.3627646114117,,,
SLE,2014,26.8,-2.8,,-7.81501512457241,4.678,4.63931171409667,0,float,,5.0,51.1187772788807,,,
SLE,2015,28.4,-2.9,,-4.36333262093788,4.483,6.68943562498681,0,float,,5.0,36.4823958242319,,,
SLE,2016,38.9,-5.4,,6.43743652764257,4.182,10.8860609413903,0,float,,5.0,43.0672126969961,,,
SLE,2017,44.2,-5.6,,3.20786087715987,3.656,18.2215094003386,0,float,,5.0,41.5213782343591,,,
SLE,2018,44.2,-3.6,,2.8938564123677,3.192,16.0295447693699,0,float,,5.0,37.3774603119412,,,
SLE,2019,45.3,-2.0,,5.50270937378153,3.204,14.8049990906021,0,float,,5.0,37.5619529967261,,,
SLE,2020,46.4,-3.5,,-1.2533490322766,3.509,13.4468711101052,0,float,,5.0,30.613100943757,,,
SLE,2021,47.1,-4.3,,5.8968527047094,3.551,11.8739588840234,0,float,,5.0,42.1435161621354,,,
SLE,2022,54.0,-5.9,,5.3135546141915,3.137,27.2082883814653,0,float,,5.0,45.054212809586,,,
SLE,2023,49.4,-5.0,,5.7100218981806,3.092,47.6428733253179,0,float,,5.0,55.286796968766,,,
SLV,1991,43.3,-2.3,,1.49408756791307,7.53,14.4026748806266,0,float,,7.0,47.7534309263615,,,
SLV,1992,36.4,-4.3,,7.02196331575217,7.88,11.2144813801987,0,float,,7.0,48.675245823902,,,
SLV,1993,31.9,-1.4,,5.81831555719015,9.94,18.5066883302714,0,float,,7.0,53.5272904870361,,,
SLV,1994,30.5,-0.9,,4.6920617266787,7.68,10.5858066526451,0,float,,7.0,55.1486486416098,,,
SLV,1995,28.0,-0.2,,4.73408140229732,7.65,10.0296564501018,0,float,,7.0,59.3607543357884,,,
SLV,1996,28.5,-2.7,,0.811461899328009,7.68,9.78892040179966,0,float,,7.0,55.2818567293307,,,
SLV,1997,27.8,-2.0,,3.13797006665828,7.98,4.49013627855204,0,float,,7.0,63.5570927549383,,,
SLV,1998,25.7,-2.9,,2.65227730016461,7.1,2.54705977554151,0,float,,7.0,60.8722907509534,,,
SLV,1999,28.0,-3.1,,2.16203373722973,7.3,0.514827130192979,0,float,,7.0,60.9904896201298,,,
SLV,2000,29.6,-3.4,,1.12790697674419,6.96,2.27128756828723,0,float,,7.0,68.7100889044911,,,
SLV,2001,37.8,-4.9,,0.879613659882722,6.96,3.7508205747202,0,float,,7.0,65.8907385362251,,,
SLV,2002,43.8,-5.5,,1.57291844759789,6.2,1.86552503610077,0,float,,7.0,65.9190907767708,,,
SLV,2003,46.0,-4.2,,1.56539303147618,6.9,2.1203909173333,0,float,,7.0,68.23698247861,,,
SLV,2004,46.8,-2.8,,0.889404485692197,6.8,4.45194392395045,0,float,,7.0,69.7822641767691,,,
SLV,2005,46.3,-3.5,,2.68083009363194,7.22,4.69094870903769,0,float,,7.0,69.7158116750578,,,
SLV,2006,52.6,-3.4,,4.3369986028604,6.57,4.03712359429612,0,float,,7.0,73.4555675070266,,,
SLV,2007,52.2,-2.3,,1.84760220587859,6.41,4.57808572377153,0,float,,7.0,77.6210560347995,,,
SLV,2008,54.2,-3.8,,2.15440298282768,5.88,6.70792293515939,0,float,,7.0,80.6659739399085,,,
SLV,2009,65.8,-6.6,,-2.10876837627522,7.33,1.05595029731201,0,float,,7.0,66.0711911744487,,,
SLV,2010,66.8,-5.0,,2.15419536693635,4.893,1.17933576873673,0,float,,7.0,73.5372876725398,,,
SLV,2011,65.6,-4.5,,3.80688113429295,4.297,5.1289237668161,0,float,,7.0,79.2766437025052,,,
SLV,2012,70.0,-3.8,,2.82262371802327,3.843,1.72973481581383,0,float,,7.0,77.6485716222883,,,
SLV,2013,69.7,-4.5,,2.23562439198375,3.693,0.757669184522973,0,float,,7.0,80.4511944908271,,,
SLV,2014,71.8,-4.0,,1.70870628357073,4.154,1.14134467538233,0,float,,7.0,78.1044257477935,,,
SLV,2015,73.5,-3.6,,2.40000008852115,3.998,-0.731384487387957,0,float,,7.0,76.5602707370519,,,
SLV,2016,75.2,-3.1,,2.53906241135864,4.418,0.60404908699661,0,float,,7.0,72.8190933731491,,,
SLV,2017,77.1,-2.5,,2.24761908134138,4.385,1.0123540331558,0,float,,7.0,74.3046511916519,,,
SLV,2018,77.0,-2.7,,2.4124442237792,4.006,1.09033000581892,0,float,,7.0,75.6336168879956,,,
SLV,2019,77.9,-3.1,,2.43747159065784,4.17,0.0753241350024612,0,float,,7.0,76.0420130991468,,,
SLV,2020,95.4,-8.1,,-7.893101359867,5.008,-0.371590212324095,0,float,,7.0,66.4595069497083,,,
SLV,2021,88.0,-5.5,,11.9047617015957,4.327,3.46692585313082,0,float,,7.0,81.8450759800765,,,
SLV,2022,83.7,-2.7,,2.9546041089332,2.999,7.19861615609867,0,float,,7.0,88.7011372097555,,,
SLV,2023,85.0,-4.7,,3.35508721646165,2.992,4.04554694222477,0,float,,7.0,79.8122651787866,,,
SMQ,2000,48.3,,,,,,0,float,,5.0,,,,
SMQ,2001,52.5,-3.7,,,,,0,float,,5.0,,,,
SMQ,2002,72.2,-3.1,,,,,0,float,,5.0,,,,
SMQ,2003,69.1,-3.0,,,,,0,float,,5.0,,,,
SMQ,2004,63.4,-0.8,,,,,0,float,,5.0,,,,
SMQ,2005,56.7,-0.7,,,,,0,float,,5.0,,,,
SMQ,2006,52.6,-2.0,,,,,0,float,,5.0,,,,
SMQ,2007,50.4,-1.0,,,,,0,float,,5.0,,,,
SMQ,2008,48.0,-1.3,,,,,0,float,,5.0,,,,
SMQ,2009,51.2,-4.0,,,,,0,float,,5.0,,,,
SMQ,2010,50.1,-2.9,,,,,0,float,,5.0,,,,
SMQ,2011,49.7,-2.5,,,,,0,float,,5.0,,,,
SMQ,2012,50.0,-2.5,,,,,0,float,,5.0,,,,
SMQ,2013,50.7,-3.2,,,,,0,float,,5.0,,,,
SMQ,2014,52.6,-5.1,,,,,0,float,,5.0,,,,
SMQ,2015,60.0,-6.9,,,,,0,float,,5.0,,,,
SMQ,2016,63.7,-6.5,,,,,0,float,,5.0,,,,
SMQ,2017,67.3,-6.6,,,,,0,float,,5.0,,,,
SMQ,2018,73.2,-6.2,,,,,0,float,,5.0,,,,
SMQ,2019,75.0,-4.3,,,,,0,float,,5.0,,,,
SMQ,2020,84.8,-9.7,,,,,0,float,,5.0,,,,
SMQ,2021,77.4,-3.9,,,,,0,float,,5.0,,,,
SMQ,2022,75.0,-3.5,,,,,0,float,,5.0,,,,
SMQ,2023,85.1,-5.8,,,,,0,float,,5.0,,,,
SMR,2001,11.6,,,5.57834290401968,,,0,float,,5.0,,,,
SMR,2002,17.2,,,0.310800310800303,,,0,float,,5.0,,,,
SMR,2003,16.1,,,3.87296669248644,,,0,float,,5.0,,,,
SMR,2004,16.9,2.4,,4.5488441461596,,1.43083868527343,0,float,,5.0,,,,
SMR,2005,14.5,3.6,,2.42510699001426,,1.68548890528347,0,float,,5.0,,,,
SMR,2006,14.2,1.5,,3.83008356545962,,2.09525935611432,0,float,,5.0,,,,
SMR,2007,12.6,1.8,,7.10932260228034,,2.49894575725803,0,float,,5.0,,,,
SMR,2008,15.5,0.2,,-0.500939261114581,,4.29320249287704,0,float,,5.0,,,,
SMR,2009,20.1,-2.5,,-10.3209565764632,,2.19959237046011,0,float,,5.0,,,,
SMR,2010,20.0,-2.2,,-5.47368421052632,,2.58541815582587,0,float,,5.0,,,,
SMR,2011,16.6,-4.0,,-8.3147735708983,,2.89979584300123,0,float,,5.0,,,,
SMR,2012,17.2,-7.1,,-7.04453441295546,,2.8273322422258,0,float,,5.0,,,,
SMR,2013,23.2,-7.7,,-0.78397212543554,,1.60439298078082,0,float,,5.0,,,,
SMR,2014,21.0,1.1,,-0.702370500438988,,1.11296303373851,0,float,,5.0,,,,
SMR,2015,19.3,-3.3,,2.29150309460655,,0.145686073241066,0,float,,5.0,321.364011035718,,,
SMR,2016,21.4,-0.2,,2.34441211810459,,0.644075340346552,0,float,,5.0,320.146095231777,,,
SMR,2017,56.6,-3.5,,0.258259899709444,,1.01413313194508,0,float,,5.0,313.850322940524,,,
SMR,2018,56.7,-1.6,,1.49390399796074,,1.16333522293158,0,float,,5.0,309.487954987512,,,
SMR,2019,56.2,-0.1,,2.06569082920953,,0.472651967352852,0,float,,5.0,307.264770546858,,,
SMR,2020,69.8,-37.6,,-6.64791226034481,,-0.133368898372915,0,float,,5.0,304.903169667588,,,
SMR,2021,77.2,-16.4,,13.8977857594089,,1.61551411551421,0,float,,5.0,342.470171021559,,,
SMR,2022,70.6,0.4,,7.89844678230362,,5.32545321311365,0,float,,5.0,370.43607698812,,,
SMR,2023,68.3,-0.7,,0.401932371532837,,5.93190858629403,0,float,,5.0,340.983400117352,,,
SRB,2000,200.6,-0.1,,6.0550897288645,12.6,71.1206287946541,0,float,,5.0,21.109043880746,,,
SRB,2001,95.9,0.3,,6.77852279368084,12.8,95.0052258100006,0,float,,5.0,53.8950786178485,,,
SRB,2002,68.4,-2.3,,6.54104600309256,13.8,19.4908321579689,0,float,,5.0,54.302882889577,,,
SRB,2003,64.4,-2.4,,4.55968997935088,15.2,9.87617889729578,0,float,,5.0,58.2946720222191,,,
SRB,2004,57.6,0.1,,6.68686836863701,18.5,11.0263627183464,0,float,,5.0,72.2876162455649,,,
SRB,2005,50.1,1.0,,5.90349622935489,20.85,16.1199806482826,0,float,,5.0,71.9925488520017,,,
SRB,2006,37.0,-0.9,,3.90066644620993,20.85,11.7240229980834,0,float,,5.0,75.529235364472,,,
SRB,2007,30.0,-0.8,,7.83207023027602,18.06,6.39170644391413,0,float,,5.0,72.7165875771534,,,
SRB,2008,29.4,-4.3,,5.16089327231823,13.67,12.410986775178,0,float,,5.0,75.7432462868839,,,
SRB,2009,35.3,-3.3,,-3.14261075416574,16.116,8.11695092238082,0,float,,5.0,63.5017226157541,,,
SRB,2010,42.4,-3.3,,1.61097281449412,19.204,6.14255360247248,0,float,,5.0,73.7088615865295,,,
SRB,2011,46.0,-3.8,,0.0542724836581954,22.959,11.1373976342129,0,float,,5.0,75.7493613069523,,,
SRB,2012,58.0,-6.1,,-0.443956070983248,24.0,7.33038589596646,0,float,,5.0,82.0766814348254,,,
SRB,2013,61.2,-4.8,,0.451578805330726,22.154,7.69426362896655,0,float,,5.0,84.3322563766638,,,
SRB,2014,63.5,-5.6,,-1.80427041681132,19.223,2.08244793880154,0,float,,5.0,88.3815023270446,,,
SRB,2015,67.1,-3.2,,1.2957386351958,17.66,1.39235822000187,0,float,,5.0,93.5281477663237,,,
SRB,2016,65.0,-1.1,,2.97519807160826,15.257,1.12231397417769,0,float,,5.0,97.6906940431804,,,
SRB,2017,55.3,1.3,,2.3634031250553,13.477,3.13106248590115,0,float,,5.0,102.740445166934,,,
SRB,2018,51.1,0.8,,4.64935035491007,12.733,1.95984076293801,0,float,,5.0,105.563713028559,,,
SRB,2019,49.5,0.0,,4.75020793899014,10.395,1.84922984511086,0,float,,5.0,107.577309546092,,,
SRB,2020,54.3,-6.9,,-0.950023991851594,9.011,1.57553290083415,0,float,,5.0,100.324460810129,,,
SRB,2021,53.6,-3.2,,7.94905650472278,9.843,4.08510285335102,0,float,,5.0,112.342298324945,,,
SRB,2022,50.9,-0.1,,2.70347705543654,8.439,11.9815117344703,0,float,,5.0,131.913292283516,,,
SRB,2023,45.7,-1.2,,3.74793303561771,8.268,12.3719043552519,0,float,,5.0,114.49206464322,,,
SSA,2000,58.1,-0.2,,3.4358337996657,6.35294746056262,4.19928825622807,0,float,,5.0,,,,
SSA,2001,54.9,-1.4,,4.22119839047403,6.25911261802644,5.07745045522496,0,float,,5.0,,,,
SSA,2002,48.2,-0.8,,6.39924111968367,6.15545043361504,5.03282275711194,0,float,,5.0,,,,
SSA,2003,44.1,-1.5,,4.1312972548824,6.09002400306892,6.08442811371068,0,float,,5.0,,,,
SSA,2004,40.1,0.4,,6.6935904451781,5.94433087548822,4.17816000119791,0,float,,5.0,,,,
SSA,2005,32.4,1.3,,6.00692540507985,5.84614199165635,6.605240855492,0,float,,5.0,,,,
SSA,2006,24.5,3.6,,6.0464630905323,5.75538288432854,6.61655430536479,0,float,,5.0,,,,
SSA,2007,21.7,0.4,,6.15715285313649,5.71458050648746,7.02551436974771,0,float,,5.0,,,,
SSA,2008,21.0,1.0,,5.20765761067246,5.71119279179789,10.2969758221254,0,float,,5.0,,,,
SSA,2009,23.7,-3.8,,3.15210965605388,5.76570980698131,4.84866964640711,0,float,,5.0,,,,
SSA,2010,22.8,-2.9,,6.0677707928219,5.94056421498979,4.06749555950263,0,float,,5.0,,,,
SSA,2011,24.5,-1.0,,4.28795897854658,5.91593755883997,5.68631959575954,0,float,,5.0,64.9961124943996,,,
SSA,2012,24.3,-1.5,,3.3284467382704,5.8029961583218,6.57589970757698,0,float,,5.0,63.8206323433827,,,
SSA,2013,26.0,-2.6,,5.27788752698235,5.57489984928367,4.90520875694557,0,float,,5.0,62.1838544865555,,,
SSA,2014,28.9,-3.0,,4.72767581662336,5.62977664752398,4.40535234185293,0,float,,5.0,60.6079000465894,,,
SSA,2015,33.0,-3.6,,2.92864568387523,5.78723856454759,3.39401538410559,0,float,,5.0,57.181559971836,,,
SSA,2016,37.6,-3.8,,1.30783035327565,5.86589334716284,5.43051966119156,0,float,,5.0,54.9463073627742,,,
SSA,2017,39.8,-4.0,,2.50327515080239,5.99391143462101,5.19795180719179,0,float,,5.0,54.0211228466299,,,
SSA,2018,42.2,-3.1,,2.7922269325805,6.03233771776817,4.09297819300637,0,float,,5.0,56.4421879581311,,,
SSA,2019,44.6,-3.7,,2.54617045203717,6.18089551293782,3.10773229242274,0,float,,5.0,55.4043844435003,,,
SSA,2020,51.6,-5.9,,-3.28342298905326,6.65249326111529,3.48393567493204,0,float,,5.0,50.961904883829,,,
SSA,2021,51.5,-4.6,,3.58478965187514,6.84750929089377,4.25936417542868,0,float,,5.0,55.6113533048507,,,
SSA,2022,52.1,-4.0,,4.02837470360804,6.08211610820711,9.52526628622843,0,float,,5.0,58.8521146696301,,,
SSA,2023,56.8,-4.0,,2.71209038880693,5.76152900751665,7.05298238454736,0,float,,5.0,57.1531452365655,,,
SSD,2011,0.0,4.6,,-4.64031673600859,12.585,46.8521757193597,0,float,,5.0,93.226859754919,,,
SSD,2012,8.9,-14.8,,-46.0821223743007,12.803,45.5258978371706,0,float,,5.0,71.6198113947489,,,
SSD,2013,17.6,-3.4,,13.1297311406943,12.665,-0.0580909784225664,0,float,,5.0,50.8112465907463,,,
SSD,2014,39.6,-9.5,,3.37364847715736,12.561,1.6742990629552,0,float,,5.0,64.6345178070809,,,
SSD,2015,58.2,-16.3,,-10.7933646271143,12.464,52.7663304192143,0,float,,5.0,65.5513491845003,,,
SSD,2016,128.9,-15.5,,,12.854,379.999585624026,0,float,,5.0,,,,
SSD,2017,77.5,4.2,,,12.983,187.851630279442,0,float,,5.0,,,,
SSD,2018,84.3,-1.2,,,12.853,83.5015294922,0,float,,5.0,,,,
SSD,2019,43.4,0.0,,,12.656,87.2413641500032,0,float,,5.0,,,,
SSD,2020,48.3,-5.5,,,14.246,29.6758435538572,0,float,,5.0,,,,
SSD,2021,56.4,-9.3,,,13.95,10.5167158294358,0,float,,5.0,,,,
SSD,2022,42.1,4.4,,,12.475,-6.68732094212668,0,float,,5.0,,,,
SSD,2023,62.0,9.1,,,12.374,2.38280434813754,0,float,,5.0,,,,
SSQ,2000,60.7,-0.2,,,,,0,float,,5.0,,,,
SSQ,2001,57.5,-1.4,,,,,0,float,,5.0,,,,
SSQ,2002,50.9,-0.8,,,,,0,float,,5.0,,,,
SSQ,2003,46.6,-1.5,,,,,0,float,,5.0,,,,
SSQ,2004,42.1,0.4,,,,,0,float,,5.0,,,,
SSQ,2005,34.2,1.1,,,,,0,float,,5.0,,,,
SSQ,2006,26.2,3.4,,,,,0,float,,5.0,,,,
SSQ,2007,23.3,0.3,,,,,0,float,,5.0,,,,
SSQ,2008,22.7,1.0,,,,,0,float,,5.0,,,,
SSQ,2009,25.7,-3.8,,,,,0,float,,5.0,,,,
SSQ,2010,24.9,-2.8,,,,,0,float,,5.0,,,,
SSQ,2011,26.5,-1.0,,,,,0,float,,5.0,,,,
SSQ,2012,26.7,-1.6,,,,,0,float,,5.0,,,,
SSQ,2013,28.1,-2.7,,,,,0,float,,5.0,,,,
SSQ,2014,30.5,-3.0,,,,,0,float,,5.0,,,,
SSQ,2015,35.1,-3.7,,,,,0,float,,5.0,,,,
SSQ,2016,40.3,-3.8,,,,,0,float,,5.0,,,,
SSQ,2017,42.7,-4.0,,,,,0,float,,5.0,,,,
SSQ,2018,45.1,-3.2,,,,,0,float,,5.0,,,,
SSQ,2019,47.2,-3.8,,,,,0,float,,5.0,,,,
SSQ,2020,55.8,-5.9,,,,,0,float,,5.0,,,,
SSQ,2021,53.8,-4.5,,,,,0,float,,5.0,,,,
SSQ,2022,54.1,-4.0,,,,,0,float,,5.0,,,,
SSQ,2023,60.3,-4.0,,,,,0,float,,5.0,,,,
STP,2001,418.4,-13.5,,3.06448295788719,15.73,9.22203707560889,0,float,,5.0,,,,
STP,2002,366.5,-10.4,,3.360188168222,17.63,10.128724672229,0,float,,5.0,,,,
STP,2003,329.4,-15.9,,8.29151946119818,16.36,9.79241974934509,0,float,,5.0,,,,
STP,2004,354.5,-25.1,,3.5379059435684,16.12,13.2858860871796,0,float,,5.0,,,,
STP,2005,334.2,26.8,,6.61462475033599,16.47,17.1522049354354,0,float,,5.0,,,,
STP,2006,283.2,18.0,,8.86610935944026,16.65,23.0770373451381,0,float,,5.0,,,,
STP,2007,110.1,125.1,,3.64147185166024,16.021,18.5485136325779,0,float,,5.0,,,,
STP,2008,60.7,13.6,,6.2287850696102,15.421,31.9901039492573,0,float,,5.0,72.8032735325871,,,
STP,2009,70.3,-18.0,,3.30239966645061,15.136,16.9574758025945,0,float,,5.0,71.0282157639862,,,
STP,2010,83.0,-12.1,,1.44845522890635,14.628,13.34005235378,0,float,,5.0,84.6502605115304,,,
STP,2011,86.0,-13.0,,1.99943210333259,14.229,14.3271667616801,0,float,,5.0,86.1122609020117,,,
STP,2012,59.6,-12.3,,2.94294277416023,13.59,10.6379353431628,0,float,,5.0,83.2030197079574,,,
STP,2013,76.8,2.1,,5.11967735428513,12.476,8.10583270875476,0,float,,5.0,83.4581625069125,,,
STP,2014,92.5,-6.3,,4.90621048664867,11.428,6.99849943966421,0,float,,5.0,114.769955102294,,,
STP,2015,101.1,-7.6,,1.5397042826735,10.591,5.24587835022454,0,float,,5.0,112.659579338965,,,
STP,2016,104.6,-5.0,,5.17682468684113,9.684,5.43051966119156,0,float,,5.0,100.395470605091,,,
STP,2017,92.3,-3.1,,4.11297966281954,8.808,5.6902961992902,0,float,,5.0,92.8973617603292,,,
STP,2018,95.9,-2.0,,4.37812808264972,8.712,7.86859628873909,0,float,,5.0,79.2002901440524,,,
STP,2019,98.6,-0.1,,2.01431672129407,8.835,7.72024525213248,0,float,,5.0,67.5747989988655,,,
STP,2020,91.0,2.9,,2.62485949543812,9.679,9.81932791540146,0,float,,5.0,48.6640079711896,,,
STP,2021,85.1,-1.5,,1.89929891337832,9.563,8.13777038378732,0,float,,5.0,57.9403473155232,,,
STP,2022,86.8,-2.2,,0.168698492216564,8.964,18.0056351122841,0,float,,5.0,64.9920379103896,,,
STP,2023,73.2,-2.1,,0.372252775001456,9.032,21.2589138473,0,float,,5.0,46.9745787336632,,,
SUR,1990,72.9,-3.0,,-4.49999999759301,,21.7399443397526,0,float,,5.0,,,,
SUR,1991,75.7,-9.8,,2.69999913539954,17.189,25.9674625060223,0,float,,5.0,,,,
SUR,1992,64.4,-6.5,,0.400000008536168,17.28,43.6661783854171,0,float,,5.0,,,,
SUR,1993,51.1,-4.7,,-6.6999981497152,15.64,143.51155848349,0,float,,5.0,,,,
SUR,1994,30.5,-1.9,,3.39999889736058,12.7,368.478068706267,0,float,,5.0,,,,
SUR,1995,16.3,1.2,,0.0,8.39,235.558815073605,0,float,,5.0,,,,
SUR,1996,11.8,3.4,,1.00000122281456,10.88,-0.701887251452818,0,float,,5.0,,,,
SUR,1997,16.8,-0.3,,5.6999976832949,10.56,7.14511160883929,0,float,,5.0,,,,
SUR,1998,21.6,-6.4,,2.30000165105389,10.63,18.9753691994478,0,float,,5.0,,,,
SUR,1999,32.3,-4.9,,-1.4000004700581,13.6,98.7730914112164,0,float,,5.0,,,,
SUR,2000,48.4,-7.8,,2.09999886750489,12.873,59.401686545079,0,float,,5.0,,,,
SUR,2001,37.2,3.5,,4.20000042083539,12.047,38.5862878872611,0,float,,5.0,,,,
SUR,2002,37.4,-3.3,,2.80000068850687,11.187,15.5273989185702,0,float,,5.0,,,,
SUR,2003,31.5,-0.1,,6.29999943314137,10.336,23.0022321778219,0,float,,5.0,,,,
SUR,2004,29.4,-1.2,,8.50000018479413,9.49,9.98632511974878,0,float,,5.0,,,,
SUR,2005,27.1,-3.4,,4.50000021086888,9.302,9.89800489561465,0,float,,5.0,,,,
SUR,2006,22.5,0.6,,5.79354358463304,9.142,11.2813043273975,0,float,,5.0,98.1681931723564,,,
SUR,2007,16.4,5.0,,5.11148777773458,9.017,6.42627934470524,0,float,,5.0,101.377000372162,,,
SUR,2008,14.8,2.4,,4.14340681165626,8.854,14.6671427437912,0,float,,5.0,109.166838523407,,,
SUR,2009,14.6,2.0,,3.01369898266211,8.72,-0.133636646714877,0,float,,5.0,87.9206617785298,,,
SUR,2010,17.3,-0.2,,5.16882515225814,7.15,6.94108221639996,0,float,,5.0,90.9613941465855,,,
SUR,2011,18.7,2.3,,5.84936767173009,7.54,17.7117796414558,0,float,,5.0,,,,
SUR,2012,20.1,-0.4,,2.69034974668847,8.1,5.00686319367273,0,float,,5.0,,,,
SUR,2013,27.9,-2.6,,2.9334416518612,6.6,1.92343604108305,0,float,,5.0,,,,
SUR,2014,25.2,-2.7,,0.255503031645475,6.94,3.38341272749477,0,float,,5.0,,,,
SUR,2015,41.2,-8.3,,-3.41304268067621,7.22,6.89390359168238,0,float,,5.0,,,,
SUR,2016,75.4,-10.2,,-4.91166050905851,7.917,55.4123879763196,0,float,,5.0,,,,
SUR,2017,73.0,-8.6,,1.56603782534897,7.905,21.9969430173304,0,float,,5.0,,,,
SUR,2018,68.6,-8.6,,4.94827108468886,7.817,,0,float,,5.0,,,,
SUR,2019,84.0,-20.2,,1.16758977233877,7.755,,0,float,,5.0,,,,
SUR,2020,146.4,-12.0,,-15.9751917148622,8.973,34.889784309078,0,float,,5.0,,,,
SUR,2021,115.8,-5.7,,-2.43538583612838,8.706,59.1196626251977,0,float,,5.0,,,,
SUR,2022,111.7,-2.6,,2.40622235601218,7.973,52.446027276241,0,float,,5.0,,,,
SUR,2023,97.7,-1.7,,2.41659215006946,7.699,51.5873159600861,0,float,,5.0,,,,
SVK,1995,21.3,-3.4,,5.8434942995335,13.109,9.84109579837761,0,fixed,,9.0,107.235188114551,,,
SVK,1996,30.3,-9.7,,6.11957878556568,11.341,5.7758278615594,0,fixed,,9.0,110.817704215698,,,
SVK,1997,32.8,-6.2,,5.48584018546269,11.894,6.14198999595657,0,fixed,,9.0,117.288133745109,,,
SVK,1998,33.9,-5.4,,3.82610773560614,12.421,6.66565123195822,0,fixed,,9.0,101.906217751394,,,
SVK,1999,47.1,-7.3,,-0.473261209621114,16.099,10.5704416075224,0,fixed,,9.0,97.530252180251,,,
SVK,2000,50.6,-12.7,,0.78922447792516,18.546,12.0357805974299,0,fixed,,9.0,108.939262958746,,,
SVK,2001,51.4,-7.7,,2.92516077248489,19.148,7.32962019115532,0,fixed,,9.0,121.931131222912,,,
SVK,2002,45.6,-8.4,,4.41725348271514,18.541,3.12714222984609,0,fixed,,9.0,120.599168045888,,,
SVK,2003,43.6,-2.3,,4.85669851591319,17.549,8.55414305406653,0,fixed,,9.0,125.998506220804,,,
SVK,2004,42.0,-2.4,,5.38949856996771,18.206,7.54850088183423,0,fixed,,9.0,140.222460021585,,,
SVK,2005,35.0,-2.9,,6.48493222274386,16.276,2.70908494588383,0,fixed,,9.0,148.705461161746,,,
SVK,2006,31.5,-3.6,,8.92568704770216,13.395,4.48333120449615,0,fixed,,9.0,164.992205726236,,,
SVK,2007,30.4,-2.3,,10.8186295074904,11.16,2.75672371638135,0,fixed,,9.0,166.580025216882,,,
SVK,2008,28.6,-2.5,,5.36337721231949,9.514,4.59817976325028,0,fixed,,9.0,162.464472991641,,,
SVK,2009,36.4,-8.2,,-5.50533790972226,12.023,1.61510464058236,1,fixed,,9.0,136.714352092364,,,
SVK,2010,40.7,-7.4,,6.79058159142423,14.387,0.957018132975174,1,fixed,,9.0,155.108497681586,,,
SVK,2011,43.3,-4.4,,2.56242473215553,13.634,3.91928599146291,1,fixed,,9.0,169.178076311066,,,
SVK,2012,51.7,-4.4,,1.56917104702706,13.966,3.6061026352289,1,fixed,,9.0,176.968958181431,,,
SVK,2013,54.6,-2.9,,0.703323545247201,14.226,1.40047368963025,1,fixed,,9.0,180.903136491458,,,
SVK,2014,53.4,-3.2,,2.70795151449488,11.536,-0.0761653295419871,1,fixed,,9.0,176.756316098132,,,
SVK,2015,51.6,-2.8,,5.17687909722133,11.492,-0.325219777427765,1,fixed,,9.0,179.42602289503,,,
SVK,2016,52.1,-2.6,,1.94781841524558,9.679,-0.520010196278358,1,fixed,,9.0,182.757379596201,,,
SVK,2017,51.4,-1.0,,2.87473327453695,8.142,1.31194588223247,1,fixed,,9.0,186.644687399549,,,
SVK,2018,49.3,-1.0,,4.06211981896483,6.544,2.51403712883803,1,fixed,,9.0,188.732964699496,,,
SVK,2019,48.0,-1.2,,2.27589910019393,5.761,2.6645613342544,1,fixed,,9.0,183.722608631236,,,
SVK,2020,58.4,-5.3,,-2.58551241733207,6.719,1.93694126694223,1,fixed,,9.0,167.534173320366,,,
SVK,2021,60.2,-5.1,,5.6558588065555,6.894,3.1496062992126,1,fixed,,9.0,181.97948448512,,,
SVK,2022,57.8,-1.6,,0.544591632137454,6.143,12.7741463637611,1,fixed,,9.0,204.056318531151,,,
SVK,2023,55.8,-5.3,,2.11263633214959,5.843,10.5319476645211,1,fixed,,9.0,181.39087235645,,,
SVN,1995,18.2,-8.2,,4.1071588268846,7.15,13.4637296178669,0,fixed,,10.0,93.0505272972723,,,
SVN,1996,21.6,-1.2,,2.91361775262531,6.879,9.86445061546854,0,fixed,,10.0,93.6684415177777,,,
SVN,1997,22.1,-2.4,,5.17133827310541,6.648,8.35967990704302,0,fixed,,10.0,96.4295395033677,,,
SVN,1998,22.8,-2.4,,3.06382595802013,7.39,7.89116682856682,0,fixed,,10.0,97.068081542623,,,
SVN,1999,23.8,-3.0,,5.26800700427259,7.324,6.1555875445156,0,fixed,,10.0,92.9581874247278,,,
SVN,2000,26.1,-3.8,,3.49791942086068,6.918,8.91174418658757,0,fixed,,10.0,104.620348581459,,,
SVN,2001,26.3,-4.6,,2.82868479430465,5.682,8.37966587492208,0,fixed,,10.0,105.583223530684,,,
SVN,2002,27.7,-2.5,,3.28258371393918,5.922,7.48077770703761,0,fixed,,10.0,104.880458289416,,,
SVN,2003,27.0,-2.7,,3.19503117236037,6.479,5.54416421752897,0,fixed,,10.0,103.280027127626,,,
SVN,2004,27.1,-2.0,,4.54602214352336,6.012,3.5929759424951,0,fixed,,10.0,112.399933466762,,,
SVN,2005,26.6,-1.4,,3.8541277114569,6.506,2.45150132316477,0,fixed,,10.0,121.127284217914,,,
SVN,2006,26.2,-1.3,,5.90878130011174,5.95,2.45792444195863,0,fixed,,10.0,130.517913086158,,,
SVN,2007,22.9,-0.1,,7.1392312914716,4.818,3.657495632841,1,fixed,,10.0,137.66309435102,,,
SVN,2008,21.9,-1.4,,3.37223866114127,4.371,5.64742380573939,1,fixed,,10.0,135.387093664802,,,
SVN,2009,34.9,-5.9,,-7.59058614046387,5.858,0.839262246793805,1,fixed,,10.0,114.482301023638,,,
SVN,2010,38.6,-5.6,,1.11213719306735,7.236,1.80117022137138,1,fixed,,10.0,128.606575425363,,,
SVN,2011,46.8,-6.7,,0.655438128379743,8.166,1.8028517194191,1,fixed,,10.0,140.332355750319,,,
SVN,2012,54.1,-4.2,,-2.91553782040462,8.841,2.59741386039003,1,fixed,,10.0,143.656448572975,,,
SVN,2013,70.8,-11.2,,-0.823776417691676,10.103,1.76920085881897,1,fixed,,10.0,145.168789432403,,,
SVN,2014,81.1,-4.5,,2.76283327639742,9.668,0.199343826570844,1,fixed,,10.0,146.471705096746,,,
SVN,2015,83.4,-2.8,,2.39330621338168,8.962,-0.525552285820783,1,fixed,,10.0,147.218367714503,,,
SVN,2016,79.4,-2.0,,3.03441486663654,8.0,-0.0549995416705683,1,fixed,,10.0,148.238448080388,,,
SVN,2017,74.9,0.1,,5.17440215579958,6.564,1.42910743319306,1,fixed,,10.0,158.70213584467,,,
SVN,2018,71.0,0.9,,4.37908347331195,5.108,1.7386086198818,1,fixed,,10.0,162.613493975851,,,
SVN,2019,66.0,0.7,,3.50525332381912,4.446,1.63052260754335,1,fixed,,10.0,160.044275685249,,,
SVN,2020,80.2,-7.7,,-4.08500094942896,4.971,-0.05485681576061,1,fixed,,10.0,147.549008584942,,,
SVN,2021,74.8,-4.6,,8.41686457725321,4.744,1.91706506089269,1,fixed,,10.0,161.788727511439,,,
SVN,2022,72.8,-3.0,,2.66850555542486,4.011,8.83369886749452,1,fixed,,10.0,186.647076274632,,,
SVN,2023,68.3,-2.6,,2.3758326648385,3.652,7.44687717385846,1,fixed,,10.0,160.1596693009,,,
SWE,1993,66.1,-10.9,,-2.06561636908388,9.33,4.72817304626049,0,float,,10.0,58.2335910018621,,,
SWE,1994,68.6,-8.8,,4.01576585901515,9.58,2.15813800724629,0,float,,10.0,63.9497416473143,,,
SWE,1995,68.7,-7.0,,4.09438992772475,8.897,2.455148578184,0,float,,10.0,68.6810841853675,,,
SWE,1996,68.9,-3.1,,1.70471985374236,9.547,0.533131978766238,0,float,,10.0,66.506522070023,,,
SWE,1997,67.7,-1.6,,3.06499186399252,10.359,0.658410256243526,0,float,,10.0,71.9948985844646,,,
SWE,1998,65.4,0.8,,4.24583179417877,8.941,-0.267132668354971,0,float,,10.0,74.3347541033848,,,
SWE,1999,60.3,0.6,,4.20111929805536,7.607,0.462175756339138,0,float,,10.0,74.8479171666973,,,
SWE,2000,50.4,3.1,,4.63112136551369,5.466,0.899143734041715,0,float,,10.0,81.4721590850121,,,
SWE,2001,52.0,1.4,,1.36080642694121,4.73,2.40595834145436,0,float,,10.0,80.5691828117714,,,
SWE,2002,49.9,-1.5,,2.27772867861897,4.965,2.15848213589266,0,float,,10.0,77.0853186972402,,,
SWE,2003,49.5,-1.2,,1.88102769675844,5.555,1.92565534892383,0,float,,10.0,75.3282174864238,,,
SWE,2004,48.7,0.2,,4.17958419343711,6.693,0.373659828721824,0,float,,10.0,78.7358819187356,,,
SWE,2005,48.9,2.1,,2.79313782840156,7.81,0.453170852576138,0,float,,10.0,84.167923018031,,,
SWE,2006,43.8,2.2,,4.67607488877992,7.066,1.36021468627693,0,float,,10.0,88.3302608918239,,,
SWE,2007,39.2,3.4,,3.22486814096095,6.161,2.21216883436733,0,float,,10.0,89.5469236610223,,,
SWE,2008,37.9,1.9,,-0.923113250067971,6.235,3.43704910602875,0,float,,10.0,92.8083687095596,,,
SWE,2009,41.2,-0.9,,-4.25561384207619,8.351,-0.494460544378051,0,float,,10.0,81.958313967393,,,
SWE,2010,38.6,-0.1,,5.75076477579255,8.61,1.15798802715626,0,float,,10.0,85.0914849272733,,,
SWE,2011,37.7,-0.4,,3.16388567406926,7.804,2.9611507382214,0,float,,10.0,86.3907448060188,,,
SWE,2012,38.0,-1.2,,-0.414397702454409,7.976,0.888377506923735,0,float,,10.0,85.2980605424359,,,
SWE,2013,40.8,-1.6,,1.13766671801426,8.052,-0.044292970148682,0,float,,10.0,81.6402521329964,,,
SWE,2014,45.7,-1.8,,2.29577238758284,7.954,-0.179638494114635,0,float,,10.0,83.8229810483527,,,
SWE,2015,44.5,-0.3,,4.38824673608589,7.432,-0.0467847449832812,0,float,,10.0,84.1730765958171,,,
SWE,2016,42.9,0.9,,2.13117914731151,6.99,0.984269244577992,0,float,,10.0,83.4519478574149,,,
SWE,2017,41.6,1.3,,1.88282184966646,6.718,1.79449904665599,0,float,,10.0,86.0693088740521,,,
SWE,2018,39.9,0.7,,1.7702553546772,6.365,1.95353530127028,0,float,,10.0,90.4087142361701,,,
SWE,2019,35.8,0.4,,2.60823012869524,6.833,1.78415097403835,0,float,,10.0,92.7511390290561,,,
SWE,2020,40.4,-3.2,,-1.93379704032216,8.291,0.497367318853572,0,float,,10.0,84.4745958141618,,,
SWE,2021,37.3,-0.1,,5.2258643028773,8.803,2.16319736447143,0,float,,10.0,91.1102374413042,,,
SWE,2022,34.2,1.0,,1.25543620445816,7.417,8.36929098869189,0,float,,10.0,107.111751826512,,,
SWE,2023,32.1,-0.6,,-0.204061304891439,7.611,8.5486248974891,0,float,,10.0,107.619709443974,,,
SWZ,1993,15.0,-3.2,,3.10611397305176,21.76,12.0234238724148,0,float,,5.0,,,,
SWZ,1994,13.1,-3.4,,2.40069167481312,21.726,13.7693248804359,0,float,,5.0,,,,
SWZ,1995,12.5,0.9,,4.82565106458388,21.65,12.2885912601426,0,float,,5.0,,,,
SWZ,1996,11.5,-1.0,,3.84205383650107,22.074,6.42521330315218,0,float,,5.0,,,,
SWZ,1997,12.7,2.1,,3.10280518683581,22.5,7.12532722513057,0,float,,5.0,,,,
SWZ,1998,15.6,1.0,,2.60403956171793,23.214,8.10996563573863,0,float,,5.0,,,,
SWZ,1999,16.7,-1.2,,2.95087537020716,23.868,6.08886063431493,0,float,,5.0,,,,
SWZ,2000,18.2,-1.2,,1.76017328388222,24.547,12.2085358545844,0,float,,5.0,,,,
SWZ,2001,21.7,-2.2,,1.41221393287066,25.24,5.94210982281648,0,float,,5.0,,,,
SWZ,2002,17.2,-3.7,,4.0886479398829,25.771,12.0197154699232,0,float,,5.0,,,,
SWZ,2003,17.7,-2.1,,4.53865525672528,26.259,7.28999999999999,0,float,,5.0,,,,
SWZ,2004,15.0,-4.0,,3.61711931922247,26.716,3.44533507316614,0,float,,5.0,,,,
SWZ,2005,13.6,-1.7,,5.99228289096037,27.221,4.77400404553712,0,float,,5.0,,,,
SWZ,2006,14.7,8.7,,6.72880946564094,27.693,5.30463946338728,0,float,,5.0,,,,
SWZ,2007,16.1,2.4,,4.31772144872362,28.24,8.07608827861589,0,float,,5.0,,,,
SWZ,2008,14.6,1.6,,1.44055358727118,27.891,12.6574601863915,0,float,,5.0,,,,
SWZ,2009,10.6,-3.0,,1.43311134247756,27.488,7.44823423445754,0,float,,5.0,,,,
SWZ,2010,14.2,-9.3,,3.82443487429767,26.856,4.50923691774369,0,float,,5.0,,,,
SWZ,2011,14.6,-3.9,,1.83973625916165,26.105,6.10742714590251,0,float,,5.0,,,,
SWZ,2012,14.8,3.4,,4.09048190124592,25.226,8.93964682788212,0,float,,5.0,,,,
SWZ,2013,15.2,0.6,,4.09458522119226,24.556,5.62130623468948,0,float,,5.0,85.2034551274939,,,
SWZ,2014,14.1,-1.2,,2.05738179246586,23.931,5.68134885776447,0,float,,5.0,91.6200186943398,,,
SWZ,2015,16.0,-5.9,,1.70425806017289,23.431,4.95124493704919,0,float,,5.0,88.2620944023684,,,
SWZ,2016,20.1,-8.4,,2.94916821059911,22.718,7.8472745908568,0,float,,5.0,89.3584874439935,,,
SWZ,2017,21.7,-5.6,,3.52095345987983,24.543,6.22137528933118,0,float,,5.0,86.8801420302976,,,
SWZ,2018,26.5,-6.6,,0.0653956557843571,26.471,4.81506167461513,0,float,,5.0,85.4927768173538,,,
SWZ,2019,30.5,-6.2,,6.43186888691574,28.222,2.59801620311077,0,float,,5.0,86.6407948477595,,,
SWZ,2020,37.7,-4.2,,-2.95183453409287,32.978,,0,float,,5.0,84.0140188426878,,,
SWZ,2021,37.3,-4.6,,4.23621913615419,34.153,,0,float,,5.0,89.9313874866569,,,
SWZ,2022,39.5,-5.3,,0.386070835562705,36.472,,0,float,,5.0,92.5715871298334,,,
SWZ,2023,39.4,-0.7,,3.53257662836211,34.61,,0,float,,5.0,99.7246110815617,,,
SYC,1990,80.4,11.9,,7.45476632743625,,3.88888888888912,0,float,,5.0,62.5764814210132,,,
SYC,1991,89.2,3.2,,2.76042625999888,,1.98675496688734,0,float,,5.0,56.0589192181602,,,
SYC,1992,79.9,6.4,,7.17304395387974,,3.24675324675323,0,float,,5.0,52.3955389700337,,,
SYC,1993,82.2,-3.6,,7.3033707678707,,1.38364779874215,0,float,,5.0,57.891896451761,,,
SYC,1994,123.5,-6.9,,-2.43656881060774,,1.73697270471464,0,float,,5.0,50.072344089516,,,
SYC,1995,133.5,-2.6,,0.485036699253456,,-0.243902439024459,0,float,,5.0,53.3925777094071,,,
SYC,1996,146.7,-9.7,,9.99794595219808,,-1.10024449877743,0,float,,5.0,98.0553434635995,,,
SYC,1997,143.0,-5.9,,12.193641751411,,0.618046971569891,0,float,,5.0,76.647187022948,,,
SYC,1998,161.2,-16.7,,2.4674409352512,,2.57985257985242,0,float,,5.0,78.9739492859688,,,
SYC,1999,159.8,-10.3,,1.87200510893879,,6.34730538922156,0,float,,5.0,88.3643279187233,,,
SYC,2000,177.8,-14.7,,4.25319834931828,,6.26876876876878,0,float,,5.0,151.302447835167,,,
SYC,2001,199.8,-8.9,,-2.27116288552982,,5.96962204168156,0,float,,5.0,179.884914877473,,,
SYC,2002,195.9,-16.3,,1.21283290259314,,0.174999999999924,0,float,,5.0,156.9298895573,,,
SYC,2003,177.0,3.4,,-5.88712848764477,,3.30255386407089,0,float,,5.0,168.844235034216,,,
SYC,2004,163.2,0.4,,-2.8504539768538,,3.85730391367399,0,float,,5.0,149.54093675029,,,
SYC,2005,144.1,0.4,,9.0057617374238,,0.907187718073944,0,float,,5.0,171.101735954764,,,
SYC,2006,135.1,-2.5,,9.40612855732827,,-0.353465498693756,0,float,,5.0,177.56693551462,,,
SYC,2007,144.0,-9.9,,8.87606645570879,,5.32060027285142,0,float,,5.0,174.928462798259,,,
SYC,2008,192.1,7.9,,-2.72594626154864,,36.9647582875289,0,float,,5.0,208.842968505327,,,
SYC,2009,106.1,4.8,,-2.47937594726137,,31.7544407744178,0,float,,5.0,221.933825358009,,,
SYC,2010,82.2,0.5,,4.50513204312067,,-2.40463875108227,0,float,,5.0,198.162692424328,,,
SYC,2011,82.5,3.4,,9.5097833517957,,2.55926772230953,0,float,,5.0,210.075382747992,,,
SYC,2012,80.1,2.9,,3.1106784939243,,7.11037062326403,0,float,,5.0,222.178254853141,,,
SYC,2013,68.2,0.3,,1.25373496242949,,4.33893848329099,0,float,,5.0,196.517733268793,,,
SYC,2014,70.4,2.9,,4.0636918123521,,1.38583454581263,0,float,,5.0,213.354469426486,,,
SYC,2015,75.4,1.4,,8.9140088750469,,4.04194410725617,0,float,,5.0,187.475012467679,,,
SYC,2016,64.3,0.0,,12.1175272453913,,-1.01548191697626,0,float,,5.0,180.866188390939,,,
SYC,2017,56.7,-1.7,,6.95416218794271,,2.85679575568437,0,float,,5.0,197.442236417869,,,
SYC,2018,51.3,-0.8,,4.93947272254312,,3.70291839111568,0,float,,5.0,185.7075372109,,,
SYC,2019,48.9,0.4,,5.5142920737342,,1.80709400809982,0,float,,5.0,173.407846880196,,,
SYC,2020,77.4,-15.7,,-11.7398608281732,,1.20266463987123,0,float,,5.0,153.48333156592,,,
SYC,2021,71.0,-5.8,,0.552281631207279,,9.76909936973542,0,float,,5.0,183.77081501466,,,
SYC,2022,60.6,-0.8,,9.88048366355446,,2.6260363285129,0,float,,5.0,191.578843890135,,,
SYC,2023,55.1,-1.2,,5.17980996672414,,-1.03530088431952,0,float,,5.0,183.842116553333,,,
SYR,1990,189.8,-3.9,,3.73955590233751,,19.3968672229543,0,float,,5.0,56.2900629080826,,,
SYR,1991,182.4,-6.6,,7.66646818712442,6.75,9.00000000000003,0,float,,5.0,56.4792466395347,,,
SYR,1992,173.6,-7.3,,12.972790068566,6.949,11.0091743119265,0,float,,5.0,63.888006888572,,,
SYR,1993,171.9,-5.0,,6.15089557310075,7.4,13.2231404958679,0,float,,5.0,68.7691991637563,,,
SYR,1994,163.0,-6.0,,7.21302920527431,7.5,15.3284671532846,0,float,,5.0,78.4544982128073,,,
SYR,1995,152.6,-3.8,,7.02658954303115,7.2,7.97995780590686,0,float,,5.0,68.9765751565305,,,
SYR,1996,141.5,-2.8,,9.82556940470964,7.221,8.2498900991551,0,float,,5.0,69.9141790558683,,,
SYR,1997,147.6,-1.8,,5.0238045081104,7.31,1.88611136179086,0,float,,5.0,66.2229786914424,,,
SYR,1998,151.2,-2.8,,6.78530452433867,7.376,-0.797165633303916,0,float,,5.0,61.424844770787,,,
SYR,1999,147.7,-1.5,,-3.55344987109004,7.6,-3.70370370370365,0,float,,5.0,64.3084049166638,,,
SYR,2000,152.1,-1.4,,0.675642589410501,9.587,-3.84615384615379,0,float,,5.0,65.2850582895397,,,
SYR,2001,144.5,2.3,,3.79340343988601,11.63,2.99999999999995,0,float,,5.0,67.899683665793,,,
SYR,2002,132.4,-2.0,,7.85855098148016,10.94,-0.130505282417402,0,float,,5.0,71.2388878454941,,,
SYR,2003,133.4,-2.7,,0.590781711933914,10.28,5.79682944905841,0,float,,5.0,61.5469905405418,,,
SYR,2004,113.0,-4.2,,6.9025333036284,9.513,4.43314136719839,0,float,,5.0,78.1150532903158,,,
SYR,2005,50.7,-4.4,,6.21550444795768,8.81,7.24034939348535,0,float,,5.0,80.1330802847908,,,
SYR,2006,45.0,-1.1,,5.04600280095076,8.17,10.0241105377571,0,float,,5.0,74.2051735962788,,,
SYR,2007,42.7,-3.0,,5.6747382107833,8.42,3.90770950443607,0,float,,5.0,76.3793296606986,,,
SYR,2008,37.3,-2.9,,4.47662154277957,10.94,15.7453252219709,0,float,,5.0,74.2279603412154,,,
SYR,2009,31.2,-2.9,,5.91229460524147,8.14,2.92089711805367,0,float,,5.0,59.9438413962102,,,
SYR,2010,30.0,-7.8,,5.19150915015936,8.61,4.3974138315007,0,float,,5.0,64.0101621944449,,,
TCD,1999,44.7,-4.1,,-0.68285022143975,0.753,-8.02505962727454,0,float,,5.0,50.5078677642823,,,
TCD,2000,52.4,-4.7,,-0.879681024156014,0.796,3.82260088086306,0,float,,5.0,51.5711720135652,,,
TCD,2001,43.5,-3.5,,11.6581346550771,0.792,12.4312865279941,0,float,,5.0,64.3219080406854,,,
TCD,2002,42.0,-4.1,,8.4912098197177,0.769,5.19181895195446,0,float,,5.0,126.350807849912,,,
TCD,2003,34.4,-4.3,,14.7216670123589,0.725,-1.75256941248655,0,float,,5.0,83.3789149599315,,,
TCD,2004,25.2,-1.8,,33.6293718498522,0.672,-5.35540028884816,0,float,,5.0,101.768590921564,,,
TCD,2005,22.0,-0.1,,17.3325337352162,0.663,7.89036567462993,0,float,,5.0,77.577493649797,,,
TCD,2006,20.1,1.7,,-0.54282957080251,0.716,8.03628897951331,0,float,,5.0,77.0815766029615,,,
TCD,2007,17.6,2.0,,4.20017418353298,0.839,-8.9747396200927,0,float,,5.0,75.1059962731949,,,
TCD,2008,15.7,2.8,,3.08119033854541,0.922,10.2969758221254,0,float,,5.0,69.0677746090641,,,
TCD,2009,23.9,-8.4,,-1.40828262637592,0.943,9.95242290748864,0,float,,5.0,64.8597511917067,,,
TCD,2010,22.9,-3.2,,13.6738272725339,0.911,-2.07786574641866,0,float,,5.0,63.7311691270791,,,
TCD,2011,22.3,1.7,,4.49542967058827,0.92,2.0292405367826,0,float,,5.0,57.5437561870898,,,
TCD,2012,20.0,0.3,,9.06180392253447,0.886,7.51662364663833,0,float,,5.0,54.3851887421013,,,
TCD,2013,22.3,-1.5,,2.83821524730293,0.955,0.222671564624551,0,float,,5.0,51.5308164549816,,,
TCD,2014,29.4,-3.2,,2.06283074361411,0.984,1.6819731392567,0,float,,5.0,40.8116269859319,,,
TCD,2015,31.3,-3.3,,3.30415979779805,1.032,4.37712665065654,0,float,,5.0,48.5114982079885,,,
TCD,2016,40.2,-1.5,,-4.12250332637034,1.091,-0.792440525236102,0,float,,5.0,43.9580149331537,,,
TCD,2017,39.1,-0.2,,-1.61746922820204,1.132,-1.5370996298084,0,float,,5.0,43.2900613852468,,,
TCD,2018,33.8,1.4,,5.74111580758154,1.135,4.27462198610545,0,float,,5.0,46.7384317860183,,,
TCD,2019,38.4,-0.1,,5.38282202874814,1.077,-0.971939175419401,0,float,,5.0,46.6777247152768,,,
TCD,2020,41.6,1.2,,-0.393646582380399,1.695,4.46414437232861,0,float,,5.0,40.6428170621932,,,
TCD,2021,41.7,-1.3,,0.293442648033434,1.53,-0.77284437035914,0,float,,5.0,43.9465041015895,,,
TCD,2022,32.1,3.8,,4.12969897668356,1.081,5.78802687843616,0,float,,5.0,47.9883784319429,,,
TCD,2023,32.2,-1.3,,3.99861309461539,1.059,10.8363568399843,0,float,,5.0,46.8626488759728,,,
TGO,2005,63.1,-1.7,,-4.66629938413338,4.149,6.78292893028314,0,float,,5.0,61.4542800128481,,,
TGO,2006,67.7,-1.9,,2.65013209943473,4.229,2.22897779414027,0,float,,5.0,61.6128604620733,,,
TGO,2007,70.5,-1.8,,-1.1751368996605,3.822,0.945673271705214,0,float,,5.0,61.7740721086659,,,
TGO,2008,67.3,-0.6,,4.03561315398862,3.279,8.69482814363902,0,float,,5.0,62.3076674472105,,,
TGO,2009,57.6,-2.6,,5.45381096920332,2.847,3.71360592035809,0,float,,5.0,62.210419994299,,,
TGO,2010,33.5,-1.7,,5.85433399076879,2.379,1.44594517430864,0,float,,5.0,66.7974885937104,,,
TGO,2011,37.0,-4.5,,5.82325622135289,1.982,3.5635147290396,0,float,,5.0,77.732312664143,,,
TGO,2012,34.3,-4.6,,6.30271426865185,2.029,2.57718174055848,0,float,,5.0,75.7132085684163,,,
TGO,2013,41.1,-5.1,,5.82425069283059,2.084,1.82539475909162,0,float,,5.0,82.1477877564195,,,
TGO,2014,44.9,-7.1,,5.63323739145223,2.141,0.19087507624975,0,float,,5.0,70.9156517502517,,,
TGO,2015,52.4,-7.0,,5.4680413807304,2.204,2.58500390801595,0,float,,5.0,69.1281378813376,,,
TGO,2016,59.9,-7.0,,4.21490387414525,2.968,1.28544847051417,0,float,,5.0,66.4450409805081,,,
TGO,2017,57.1,-0.2,,4.00791259566937,3.744,-0.981889868943119,0,float,,5.0,58.2088602526732,,,
TGO,2018,58.0,-0.6,,4.79518333086139,2.9,0.927755426457183,0,float,,5.0,57.5737388499452,,,
TGO,2019,54.9,1.7,,4.91949260488683,2.036,0.674652770077525,0,float,,5.0,56.3398500747576,,,
TGO,2020,61.4,-7.0,,2.15900131150536,2.231,1.69928463299399,0,float,,5.0,55.0659513954403,,,
TGO,2021,63.3,-4.5,,5.13562929064506,2.344,4.1862150652352,0,float,,5.0,56.3775580757321,,,
TGO,2022,63.0,-7.8,,6.29443692019429,1.965,7.96757361617945,0,float,,5.0,61.575092396894,,,
TGO,2023,64.1,-6.3,,6.19762969378132,1.942,5.48928568141131,0,float,,5.0,59.9291777017427,,,
THA,1996,15.2,2.7,,5.65194446499471,1.071,5.80510554737349,0,float,,4.0,84.2741479979753,,,
THA,1997,40.5,-1.7,,-2.75357515314082,0.873,5.62579747129106,0,float,,4.0,95.0517906464755,,,
THA,1998,49.9,-6.3,,-7.63403528600102,3.404,7.99472875027457,0,float,,4.0,100.240473732828,,,
THA,1999,56.6,-9.0,,4.57230775115542,2.968,0.284726459223048,0,float,,4.0,100.706288704433,,,
THA,2000,57.8,-1.8,,4.45524704335014,2.389,1.59196917460972,0,float,,4.0,121.297955351472,,,
THA,2001,57.5,-1.8,,3.44424900968372,2.6,1.62690887314091,0,float,,4.0,120.267966273533,,,
THA,2002,54.9,-6.7,,6.14903605210036,1.82,0.697308976625449,0,float,,4.0,114.969743021067,,,
THA,2003,47.5,2.0,,7.18924330340971,1.54,1.80434994635718,0,float,,4.0,116.692819704865,,,
THA,2004,46.3,1.1,,6.28934214285795,1.51,2.75914926231082,0,float,,4.0,127.411873720393,,,
THA,2005,45.5,2.2,,4.18763842884337,1.35,4.54036919634536,0,float,,4.0,137.853866832247,,,
THA,2006,39.2,1.9,,4.96781089246107,1.22,4.63747436011764,0,float,,4.0,134.086946191268,,,
THA,2007,36.0,0.2,,5.43515169050809,1.18,2.24154095286802,0,float,,4.0,129.873226989717,,,
THA,2008,34.9,0.8,,1.72569884866334,1.18,5.46848949649846,0,float,,4.0,140.437011540931,,,
THA,2009,42.4,-2.2,,-0.690618232300579,1.49,-0.845716092316721,0,float,,4.0,119.269418854589,,,
THA,2010,39.8,-1.1,,7.51339053261624,0.622,3.24758842443725,0,float,,4.0,127.250522638251,,,
THA,2011,39.1,0.1,,0.840132083053334,0.66,3.81191694558332,0,float,,4.0,139.675407224576,,,
THA,2012,41.9,-0.9,,7.24279620249642,0.58,3.00948610403357,0,float,,4.0,137.67493851024,,,
THA,2013,42.2,0.6,,2.68749556320556,0.249,2.18617704418967,0,float,,4.0,132.462274174269,,,
THA,2014,43.3,-0.7,,0.984468863619426,0.576,1.89455652481545,0,float,,4.0,130.905495444398,,,
THA,2015,42.6,0.2,,3.13404724911635,0.597,-0.898143410569433,0,float,,4.0,124.839662152526,,,
THA,2016,41.7,0.4,,3.43515771692182,0.688,0.186235191075453,0,float,,4.0,120.57522728913,,,
THA,2017,41.8,-0.5,,4.1776810321001,0.83,0.664415139830893,0,float,,4.0,120.891427433638,,,
THA,2018,41.9,0.2,,4.22287028746071,0.765,1.06683487370758,0,float,,4.0,120.841864730984,,,
THA,2019,41.1,0.4,,2.11455779628278,0.716,0.705524801910317,0,float,,4.0,109.689514715166,,,
THA,2020,49.4,-4.5,,-6.09306312966953,1.099,-0.846087518861799,0,float,,4.0,97.6624419371158,,,
THA,2021,58.4,-6.7,,1.55858232076893,1.215,1.23104516549814,0,float,,4.0,117.131472183199,,,
THA,2022,60.5,-4.6,,2.63784213566305,0.94,6.07589952842433,0,float,,4.0,132.813458288082,,,
THA,2023,62.2,-1.9,,2.24883437970568,0.733,1.22908986612448,0,float,,4.0,128.792359690165,,,
TJK,1998,96.6,-5.1,,5.31286765940042,4.65,,0,float,,5.0,106.89554276797,,,
TJK,1999,107.8,-4.0,,3.69955071665851,4.45,,0,float,,5.0,133.60594795539,,,
TJK,2000,111.4,-4.5,,8.32432449473859,4.15,,0,float,,5.0,175.351206134214,,,
TJK,2001,99.4,-2.1,,9.58083617842951,3.75,38.59188944886,0,float,,5.0,146.657305562056,,,
TJK,2002,98.3,-2.4,,10.8000037591665,3.95,12.2499847845885,0,float,,5.0,138.6839688324,,,
TJK,2003,69.8,-1.7,,10.9999990780572,3.85,16.3034912049491,0,float,,5.0,137.669592976856,,,
TJK,2004,49.4,-2.3,,10.2999989410117,3.45,7.14196508692253,0,float,,5.0,128.338170674363,,,
TJK,2005,45.8,-2.8,,6.69999851655409,3.45,7.09193244083773,0,float,,5.0,126.994699303416,,,
TJK,2006,36.8,2.0,,7.00000321108996,3.65,10.0108651886461,0,float,,5.0,141.153912074728,,,
TJK,2007,34.3,2.1,,7.80000011872161,2.874,13.1491247062982,0,float,,5.0,145.528099715723,,,
TJK,2008,30.2,1.9,,7.89999827154939,4.942,20.4705219109964,0,float,,5.0,114.480149093579,,,
TJK,2009,36.9,-0.2,,3.90000114826496,7.028,6.44823481066697,0,float,,5.0,85.9781370434108,,,
TJK,2010,36.8,-2.7,,6.49999908585235,7.037,6.44531440780658,0,float,,5.0,73.493044509473,,,
TJK,2011,35.5,0.6,,7.40000059956711,7.04,12.4315490430406,0,float,,5.0,79.7842446734572,,,
TJK,2012,32.5,0.4,,7.49999946321525,7.022,5.83116601031462,0,float,,5.0,83.1759445401528,,,
TJK,2013,29.3,-0.7,,7.39999974700379,7.019,5.00964645344951,0,float,,5.0,71.7437428882341,,,
TJK,2014,27.9,0.9,,6.70000069016253,7.024,6.10442765129667,0,float,,5.0,54.6071596053705,,,
TJK,2015,35.0,-2.0,,6.01930331771186,7.033,5.7145594964971,0,float,,5.0,49.9378160689555,,,
TJK,2016,42.2,-2.9,,6.89999999999999,7.036,6.00458082322139,0,float,,5.0,55.7246446907573,,,
TJK,2017,46.3,-5.6,,7.10000041864309,7.035,,0,float,,5.0,53.7861046057767,,,
TJK,2018,46.3,-2.7,,7.5999988895536,7.028,,0,float,,5.0,55.8461114113303,,,
TJK,2019,43.2,-2.0,,7.40000016310556,7.026,,0,float,,5.0,56.0450159145896,,,
TJK,2020,50.9,-4.3,,4.40000111553493,7.576,,0,float,,5.0,55.7491040194954,,,
TJK,2021,42.0,-0.6,,9.39999955037523,7.687,,0,float,,5.0,71.825937435383,,,
TJK,2022,31.8,-0.2,,8.00000033846364,7.051,,0,float,,5.0,65.4355115893577,,,
TJK,2023,29.9,-0.9,,8.29999921651935,7.037,,0,float,,5.0,65.6347010367354,,,
TKM,1997,64.2,-0.2,,-11.4000001301061,11.0,,0,float,,5.0,103.690369036904,,,
TKM,1998,81.6,1.2,,7.1000003383482,12.2,,0,float,,5.0,96.3201143265452,,,
TKM,1999,66.7,2.5,,16.4999995329385,12.7,,0,float,,5.0,90.4761904761905,,,
TKM,2000,55.1,-0.6,,5.46906425232281,11.73,,0,float,,5.0,103.580317825005,,,
TKM,2001,34.1,0.8,,4.34384545203714,10.898,,0,float,,5.0,81.9858549438358,,,
TKM,2002,24.2,0.2,,0.257179997445405,10.141,,0,float,,5.0,63.7046861184792,,,
TKM,2003,16.9,4.0,,3.2688286670479,9.289,,0,float,,5.0,63.201750694386,,,
TKM,2004,11.4,1.5,,5.00040735874585,8.419,,0,float,,5.0,59.3199674884855,,,
TKM,2005,6.8,0.9,,13.0340347988606,7.495,,0,float,,5.0,53.9723419741336,,,
TKM,2006,4.2,5.6,,10.9733082952862,6.601,,0,float,,5.0,52.4473010022922,,,
TKM,2007,3.1,4.2,,11.0592995865825,5.719,,0,float,,5.0,56.2777777777778,,,
TKM,2008,3.6,10.7,,14.7000000144534,4.852,,0,float,,5.0,94.7240751970891,,,
TKM,2009,3.1,7.5,,6.10000001746145,4.0,,0,float,,5.0,104.95217927132,,,
TKM,2010,7.0,2.1,,9.20000007329543,4.0,,0,float,,5.0,97.2464440197632,,,
TKM,2011,14.8,3.8,,14.7183120474814,4.003,,0,float,,5.0,118.095536458021,,,
TKM,2012,17.9,7.5,,11.0508311776258,3.994,,0,float,,5.0,119.176960326488,,,
TKM,2013,20.4,1.5,,10.1628450365084,3.993,,0,float,,5.0,109.48116584462,,,
TKM,2014,16.0,0.9,,10.3497353947965,4.005,,0,float,,5.0,102.760907500564,,,
TKM,2015,19.0,-0.7,,6.45254918531575,4.016,,0,float,,5.0,73.2280034158293,,,
TKM,2016,21.1,-2.4,,6.22909997062793,4.026,,0,float,,5.0,58.2932324852085,,,
TKM,2017,24.7,-2.8,,6.45138358820188,4.035,,0,float,,5.0,47.3983995269018,,,
TKM,2018,22.5,-0.2,,6.20602363832646,4.036,,0,float,,5.0,41.6378669600992,,,
TKM,2019,17.7,-0.4,,6.33169567608873,4.035,,0,float,,5.0,37.6560517756178,,,
TKM,2020,15.4,-0.2,,5.87065623130427,4.489,,0,float,,5.0,29.9541700399769,,,
TKM,2021,12.3,0.6,,6.15115785574542,4.458,,0,float,,5.0,33.4124528498008,,,
TKM,2022,7.1,3.4,,6.23491365071671,4.017,,0,float,,5.0,37.8107225896924,,,
TKM,2023,5.5,0.1,,6.31879850268643,4.007,,0,float,,5.0,34.1794035540188,,,
TLS,2001,0.0,3.2,,16.3476940466477,3.386,,0,float,,5.0,166.743415284881,,,
TLS,2002,0.0,-7.6,,-6.70069541098115,3.371,,0,float,,5.0,180.403744337855,,,
TLS,2003,0.0,-8.2,,-2.18226413236545,3.54,7.16515891441839,0,float,,5.0,122.311964931018,,,
TLS,2004,0.0,-7.5,,0.400003981151968,3.668,3.23751394003321,0,float,,5.0,107.330819562041,,,
TLS,2005,0.0,-10.5,,2.98457963807486,3.611,1.11167400387198,0,float,,5.0,74.6712513087646,,,
TLS,2006,0.0,41.0,,-4.11609268942114,3.634,3.93616259929866,0,float,,5.0,98.8757193818142,,,
TLS,2007,0.0,-29.9,,10.2653884542201,3.523,10.3009020174895,0,float,,5.0,128.760892225689,,,
TLS,2008,0.0,-18.6,,11.3948048266465,3.434,9.06423621948942,0,float,,5.0,135.250760342415,,,
TLS,2009,0.0,-17.2,,10.1469544183475,3.289,0.669681185965433,0,float,,5.0,157.686448551719,,,
TLS,2010,0.0,-19.8,,9.33149490201264,3.301,6.76597680236481,0,float,,5.0,134.4005216863,,,
TLS,2011,0.0,-25.4,,5.95855605611087,3.385,13.499840238577,0,float,,5.0,140.766349625231,,,
TLS,2012,0.0,-38.7,,4.86062186827468,3.47,11.8003096701544,0,float,,5.0,128.500493298465,,,
TLS,2013,0.5,-14.4,,3.10436683211147,3.57,11.0849085109954,0,float,,5.0,79.6341248298199,,,
TLS,2014,1.5,-37.5,,4.47249846569638,3.618,0.726275016139465,0,float,,5.0,82.7357773406823,,,
TLS,2015,2.9,-33.2,,2.48004040218397,3.678,0.552796026277853,0,float,,5.0,60.0769209292639,,,
TLS,2016,4.7,-55.7,,3.00993062553351,4.657,-1.33853876185163,0,float,,5.0,60.310621759226,,,
TLS,2017,6.7,-33.8,,-3.18241522489195,4.254,0.557215537430361,0,float,,5.0,58.6347507796182,,,
TLS,2018,9.3,-26.9,,-0.466502170658785,3.765,2.63647201015892,0,float,,5.0,64.8191831225499,,,
TLS,2019,9.5,-25.4,,24.2128840085001,3.148,0.958812739703141,0,float,,5.0,70.6142440551536,,,
TLS,2020,10.1,-18.9,,31.7257416721413,2.808,0.495499215459571,0,float,,5.0,84.7503111042388,,,
TLS,2021,6.5,-20.1,,5.36980119392668,2.344,3.69792094666786,0,float,,5.0,99.8600009384765,,,
TLS,2022,7.9,-29.5,,-20.5224802314812,1.537,7.00530945399787,0,float,,5.0,97.621108820704,,,
TLS,2023,12.4,-34.7,,-18.1359049134472,1.525,8.42035103310377,0,float,,5.0,89.3046490972644,,,
TON,1999,38.4,1.5,,2.30246259770198,3.69,4.46435467675891,0,float,,5.0,60.7775208771412,,,
TON,2000,43.6,1.3,,3.75409745006452,3.966,6.32763551411153,0,float,,5.0,61.508239295468,,,
TON,2001,53.4,2.2,,1.49248125545273,4.368,8.29028318850332,0,float,,5.0,62.4065643935194,,,
TON,2002,60.7,2.6,,4.4292235994526,4.683,10.3590607918507,0,float,,5.0,73.8374093817514,,,
TON,2003,56.2,2.4,,0.0518054450729011,5.18,11.6386219580734,0,float,,5.0,73.2160568173731,,,
TON,2004,52.2,4.2,,-1.96794740326561,3.878,10.9734053679554,0,float,,5.0,73.9737151214869,,,
TON,2005,43.3,4.2,,-0.657650703495165,2.542,8.66569221131751,0,float,,5.0,76.2080494394572,,,
TON,2006,39.6,1.3,,-2.16566342680382,1.09,6.14911606456568,0,float,,5.0,66.3549884749532,,,
TON,2007,37.8,5.4,,-2.46430779100223,1.21,5.8422487490138,0,float,,5.0,68.2299182500325,,,
TON,2008,34.0,2.1,,4.86284132376997,1.279,10.4469875128223,0,float,,5.0,72.6563791156237,,,
TON,2009,39.7,6.9,,-5.12917819150532,1.419,1.42685972070539,0,float,,5.0,74.3406648891028,,,
TON,2010,44.7,-1.2,,0.824396914081831,1.501,3.53491239189831,0,float,,5.0,70.7976681214649,,,
TON,2011,51.9,-6.0,,6.70369746238768,1.594,6.27075302995692,0,float,,5.0,78.8578648859134,,,
TON,2012,60.0,-1.7,,0.919761024923076,1.638,1.14753853706055,0,float,,5.0,77.9722872799652,,,
TON,2013,48.9,-1.3,,0.393922530137331,1.75,0.77562932236742,0,float,,5.0,82.731581196292,,,
TON,2014,47.4,6.4,,1.99053769890816,1.914,2.51087633253696,0,float,,5.0,74.7304254735603,,,
TON,2015,51.1,-2.7,,1.11374402398066,2.022,-1.05399831971283,0,float,,5.0,81.3902291563255,,,
TON,2016,49.4,1.5,,6.59869879417958,2.048,2.57815515245081,0,float,,5.0,87.7771750789587,,,
TON,2017,44.7,3.6,,3.20231976224244,2.137,7.51706283551116,0,float,,5.0,88.0434925855836,,,
TON,2018,45.5,2.9,,0.527828083180253,2.248,5.03209691984883,0,float,,5.0,86.1039702691392,,,
TON,2019,41.8,3.2,,-0.285210784299821,2.165,1.17954334821801,0,float,,5.0,88.045385533046,,,
TON,2020,41.7,5.1,,1.80618715298932,2.712,-0.349737696727419,0,float,,5.0,81.849496682175,,,
TON,2021,43.0,-0.9,,-0.934919892094683,2.111,5.64051140636743,0,float,,5.0,68.5461517477239,,,
TON,2022,40.2,-0.1,,-2.12854876486114,2.002,10.9713652903022,0,float,,5.0,70.1272718284375,,,
TON,2023,37.2,5.3,,2.79014715494606,1.652,6.35112980255182,0,float,,5.0,79.6239257000079,,,
TTO,1988,65.3,-9.3,,-3.91972405050394,,7.75849206743917,0,float,,5.0,,,,
TTO,1989,51.9,-4.5,,-0.829914212231699,,11.4321318133567,0,float,,5.0,,,,
TTO,1990,49.5,-1.3,,1.50916784295177,,11.0644257703083,0,float,,5.0,,,,
TTO,1991,50.0,-0.2,,3.11240786575588,18.52,3.78310214375795,0,float,,5.0,,,,
TTO,1992,49.5,-2.8,,10.092979512969,19.66,6.43985419198061,0,float,,5.0,,,,
TTO,1993,59.6,0.2,,-0.66911476645933,19.81,10.835235920852,0,float,,5.0,,,,
TTO,1994,64.8,0.0,,3.56718060581952,18.44,8.81469401768106,0,float,,5.0,,,,
TTO,1995,57.3,0.2,,3.80991314364765,17.22,5.18220539517274,0,float,,5.0,,,,
TTO,1996,51.9,-0.5,,7.13447746480871,16.25,3.40457442819624,0,float,,5.0,,,,
TTO,1997,51.3,0.1,,7.52285462627518,15.01,3.62607875843081,0,float,,5.0,,,,
TTO,1998,47.4,-1.8,,8.1245639965458,14.21,5.61270907691201,0,float,,5.0,,,,
TTO,1999,55.2,-0.9,,8.02481764350063,13.12,3.43913590881996,0,float,,5.0,,,,
TTO,2000,52.3,0.2,,6.90135959072803,12.1,3.55541319666877,0,float,,5.0,,,,
TTO,2001,54.2,0.6,,4.16852398185424,10.88,5.536653263223,0,float,,5.0,,,,
TTO,2002,58.2,-0.2,,7.93670968715332,10.39,4.1500586166472,0,float,,5.0,,,,
TTO,2003,52.4,1.9,,14.4409895389734,10.48,3.8111062439687,0,float,,5.0,,,,
TTO,2004,43.3,1.9,,7.95005151069972,8.33,3.72154938995965,0,float,,5.0,,,,
TTO,2005,36.6,0.8,,6.20893787954175,7.95,6.87453459583516,0,float,,5.0,,,,
TTO,2006,32.7,-0.3,,13.2080586051735,6.27,8.32960351465347,0,float,,5.0,,,,
TTO,2007,29.4,3.2,,4.75420970092722,5.54,7.89438834757299,0,float,,5.0,,,,
TTO,2008,24.6,5.7,,3.39173707807387,4.63,12.0303445477177,0,float,,5.0,,,,
TTO,2009,34.2,-4.9,,-4.3917292474614,5.28,6.97808725251547,0,float,,5.0,,,,
TTO,2010,28.9,0.1,,3.32322471027371,4.033,10.5492003179988,0,float,,5.0,,,,
TTO,2011,39.2,-0.7,,-0.294354409043763,3.425,5.1071328926456,0,float,,5.0,,,,
TTO,2012,32.9,-1.3,,6.71074625448722,3.718,9.26028137068292,0,float,,5.0,,,,
TTO,2013,32.9,-2.7,,3.36819291689019,2.683,5.19981740465611,0,float,,5.0,,,,
TTO,2014,37.1,-4.3,,3.67086851032413,2.477,5.68441814595659,0,float,,5.0,,,,
TTO,2015,43.2,-7.4,,-0.406283288730492,2.428,4.66121598098264,0,float,,5.0,,,,
TTO,2016,53.3,-9.8,,-7.53636305379372,3.207,3.07066742464024,0,float,,5.0,,,,
TTO,2017,57.2,-10.5,,-4.87274946918724,3.389,1.88038440183532,0,float,,5.0,,,,
TTO,2018,58.1,-5.9,,-0.945449700943314,3.497,1.01856930188822,0,float,,5.0,,,,
TTO,2019,62.9,-3.7,,0.467734528855885,3.523,1.00054293027237,0,float,,5.0,,,,
TTO,2020,81.6,-11.8,,-8.78879817831519,4.206,0.598986330824643,0,float,,5.0,,,,
TTO,2021,80.2,-8.4,,-0.716740625909793,4.446,2.05922746915458,0,float,,5.0,,,,
TTO,2022,69.9,1.0,,0.86126082651883,4.383,5.82838638517959,0,float,,5.0,,,,
TTO,2023,78.2,-1.2,,1.46645947294053,3.361,4.62930242419968,0,float,,5.0,,,,
TUN,1991,63.3,-5.3,,3.90454530313198,15.935,8.19371509544085,0,peg,,5.0,85.6860202181431,,,
TUN,1992,62.1,-3.5,,7.80572887722397,15.598,5.82434514637906,0,peg,,5.0,86.0000875541741,,,
TUN,1993,63.8,-3.2,,2.18982886145824,15.948,3.9749563191613,0,peg,,5.0,88.4109677419355,,,
TUN,1994,63.9,-2.9,,3.17841132209441,16.006,4.73323063996595,0,peg,,5.0,92.8043860425704,,,
TUN,1995,65.6,-4.5,,2.35166985086541,16.348,6.24415028747146,0,peg,,5.0,93.7144465686907,,,
TUN,1996,66.8,-5.2,,7.14608096782061,16.061,3.72514472690715,0,peg,,5.0,85.7203547620671,,,
TUN,1997,66.6,-3.7,,5.44094350107467,15.94,3.65202620723071,0,peg,,5.0,80.5007104439621,,,
TUN,1998,58.2,-2.8,,4.78376247825665,15.473,3.12536579655862,0,peg,,5.0,79.9794582620079,,,
TUN,1999,61.9,-3.1,,6.05463447898158,15.21,2.6901248581158,0,peg,,5.0,77.9051139411665,,,
TUN,2000,62.9,-3.2,,4.7099729138049,14.94,2.96230794738605,0,peg,,5.0,82.639110670191,,,
TUN,2001,52.2,-2.9,,3.79627166202512,14.4,1.98333333333337,0,peg,,5.0,89.5522011944661,,,
TUN,2002,51.6,-2.5,,1.32255714828946,14.55,2.72103284850455,0,peg,,5.0,85.3421759692656,,,
TUN,2003,52.6,-2.6,,4.70239953285241,14.51,2.71259247474352,0,peg,,5.0,82.390340709916,,,
TUN,2004,51.6,-2.1,,6.23579072222647,14.23,3.63228004956625,0,peg,,5.0,86.9253446966283,,,
TUN,2005,50.0,-2.6,,3.4865455430439,12.872,2.01778641357144,0,peg,,5.0,90.2512478803945,,,
TUN,2006,45.7,-2.3,,5.24409983246916,12.51,3.22525337438917,0,peg,,5.0,93.9409304094309,,,
TUN,2007,42.7,-2.5,,6.70952097453554,12.365,2.96694432477349,0,peg,,5.0,104.059400976647,,,
TUN,2008,41.4,-0.6,,4.23778147502819,12.444,4.34502807623045,0,peg,,5.0,114.343660218696,,,
TUN,2009,40.3,-2.6,,3.04345012371552,13.29,3.66490330642919,0,peg,,5.0,93.0168787876722,,,
TUN,2010,38.8,-0.5,,2.97113275066512,13.049,3.33897963601069,0,peg,,5.0,100.151009836799,,,
TUN,2011,43.3,-3.2,,-2.04663389535644,18.334,3.24002842009531,0,peg,,5.0,100.106379304237,,,
TUN,2012,49.0,-4.9,,4.21667711535632,17.63,4.6118443220664,0,peg,,5.0,101.550723929668,,,
TUN,2013,45.6,-7.0,,2.42993096446429,15.934,5.31623531326689,0,peg,,5.0,98.9549566862038,,,
TUN,2014,50.7,-3.1,,3.09032803070775,14.259,4.62555099534031,0,peg,,5.0,96.1071038558701,,,
TUN,2015,52.4,-4.9,,0.967834205635981,15.159,4.437371273215,0,peg,,5.0,87.2485306596052,,,
TUN,2016,58.9,-5.9,,1.117231963992,15.557,3.62939937384381,0,peg,,5.0,87.0926643641466,,,
TUN,2017,67.1,-5.6,,2.25261437620587,15.33,5.30884839565844,0,peg,,5.0,95.8091979825804,,,
TUN,2018,72.9,-4.3,,2.60696965356362,15.459,7.30759176031652,0,peg,,5.0,103.871824260635,,,
TUN,2019,67.3,-3.6,,1.55009304966742,17.153,6.72007532863799,0,peg,,5.0,102.332614725789,,,
TUN,2020,77.7,-9.1,,-8.97512622934723,17.651,5.63415115897625,0,peg,,5.0,84.3333297071767,,,
TUN,2021,79.7,-7.8,,4.73603648206102,16.632,5.706350208307,0,peg,,5.0,93.6334140664079,,,
TUN,2022,83.0,-7.0,,2.75228761004381,15.3,8.30646124447623,0,peg,,5.0,116.095794384146,,,
TUN,2023,84.0,-7.3,,0.184015548469745,15.106,9.32899597507865,0,peg,,5.0,112.128858013354,,,
TUR,2000,51.2,-8.4,,6.98528697817062,6.495,54.9153705812683,0,float,,7.0,42.3746746988077,,,
TUR,2001,75.6,-11.6,,-5.45940838563062,8.381,54.4001887619074,0,float,,7.0,49.9447830679013,,,
TUR,2002,71.2,-11.3,,6.43550883793114,10.358,44.964120947985,0,float,,7.0,48.1026101234402,,,
TUR,2003,63.6,-7.6,,5.79909321038525,10.542,21.6024384490573,0,float,,7.0,46.3681553387846,,,
TUR,2004,57.0,-4.1,,9.92540551918624,10.838,8.59826168115262,0,float,,7.0,48.9934575435266,,,
TUR,2005,50.2,-0.7,,9.11157745861635,10.636,8.17916036802008,0,float,,7.0,46.3088308846211,,,
TUR,2006,44.2,-0.2,,7.06762607623939,10.227,9.59724212288446,0,float,,7.0,48.9456766641314,,,
TUR,2007,37.1,-1.4,,5.10818513903604,10.285,8.75618090972632,0,float,,7.0,48.027468179713,,,
TUR,2008,37.0,-2.1,,0.920118221365883,10.965,10.4441283764885,0,float,,7.0,50.7612500066681,,,
TUR,2009,42.4,-5.1,,-4.88269401706633,14.026,6.25097663090626,0,float,,7.0,47.0391385732199,,,
TUR,2010,38.6,-3.0,,8.54219848467686,11.879,8.56644420552976,0,float,,7.0,46.9433366709891,,,
TUR,2011,34.8,-0.4,,10.9799625273598,9.789,6.471879671151,0,float,,7.0,53.651583897618,,,
TUR,2012,30.8,-1.8,,4.80762696633448,9.21,8.89156996512163,0,float,,7.0,53.3277612968607,,,
TUR,2013,29.5,-1.2,,8.48825689298511,9.713,7.49309030547693,0,float,,7.0,53.0683530043043,,,
TUR,2014,27.4,-1.0,,4.60079447270559,9.901,8.85457271364316,0,float,,7.0,54.30677404128,,,
TUR,2015,26.5,-0.5,,5.80557386628684,10.304,7.67085364845885,0,float,,7.0,51.8749252596832,,,
TUR,2016,27.0,-1.7,,3.32366508200445,10.899,7.7751341532833,0,float,,7.0,48.870183807987,,,
TUR,2017,26.9,-1.9,,7.82585730002594,10.919,11.1443110840764,0,float,,7.0,56.1356585158689,,,
TUR,2018,28.8,-3.1,,3.46815306092219,10.956,16.3324638988929,0,float,,7.0,62.8251323851165,,,
TUR,2019,31.2,-4.7,,1.30162365464503,13.73,15.1768215720022,0,float,,7.0,62.5784589326239,,,
TUR,2020,38.3,-4.6,,1.80306247087255,13.148,12.2789574462574,0,float,,7.0,60.389853117297,,,
TUR,2021,38.9,-3.0,,11.811094450607,11.969,19.5964926913324,0,float,,7.0,69.6088976086437,,,
TUR,2022,29.4,-1.1,,5.44122511322401,10.465,72.3088359891207,0,float,,7.0,79.8982722314341,,,
TUR,2023,28.2,-5.2,,5.04512369812289,9.388,53.8594087593315,0,float,,7.0,65.6832084738667,,,
TUV,2005,37.4,-12.8,,-3.74664896498648,,,0,float,,5.0,,,,
TUV,2006,37.5,-36.8,,1.30103846348952,,,0,float,,5.0,,,,
TUV,2007,32.4,-18.6,,6.90547330117343,,,0,float,,5.0,,,,
TUV,2008,19.8,-17.2,,6.57919977159274,,,0,float,,5.0,,,,
TUV,2009,20.6,-13.5,,-5.61992222980298,,,0,float,,5.0,,,,
TUV,2010,21.1,-23.4,,-2.46826250374198,,,0,float,,5.0,,,,
TUV,2011,19.1,-8.8,,7.52010985962886,,0.5005807431527,0,float,,5.0,,,,
TUV,2012,19.3,9.6,,-2.8527626821171,,,0,float,,5.0,,,,
TUV,2013,17.8,26.0,,3.80502330116951,,,0,float,,5.0,,,,
TUV,2014,16.4,3.3,,1.66722583350807,,,0,float,,5.0,,,,
TUV,2015,14.4,14.7,,9.37896384662504,,,0,float,,5.0,,,,
TUV,2016,11.5,27.5,,4.77650497336539,,,0,float,,5.0,,,,
TUV,2017,12.0,2.1,,3.26802914033142,,,0,float,,5.0,,,,
TUV,2018,11.8,30.3,,1.38668386152332,,,0,float,,5.0,,,,
TUV,2019,11.6,-1.1,,13.4465048163198,,,0,float,,5.0,,,,
TUV,2020,12.1,13.7,,-3.03030303030303,,,0,float,,5.0,,,,
TUV,2021,11.3,-13.3,,0.0,,,0,float,,5.0,,,,
TUV,2022,6.3,-14.6,,-10.9375,,,0,float,,5.0,,,,
TUV,2023,6.7,10.1,,3.50877192982458,,,0,float,,5.0,,,,
TWN,1997,25.0,-7.5,,,,,0,float,,5.0,,,,
TWN,1998,23.7,-5.2,,,,,0,float,,5.0,,,,
TWN,1999,23.7,-2.3,,,,,0,float,,5.0,,,,
TWN,2000,26.2,-5.3,,,,,0,float,,5.0,,,,
TWN,2001,30.1,-5.6,,,,,0,float,,5.0,,,,
TWN,2002,29.8,-5.2,,,,,0,float,,5.0,,,,
TWN,2003,32.1,-4.3,,,,,0,float,,5.0,,,,
TWN,2004,33.4,-4.6,,,,,0,float,,5.0,,,,
TWN,2005,34.1,-2.5,,,,,0,float,,5.0,,,,
TWN,2006,33.3,-2.2,,,,,0,float,,5.0,,,,
TWN,2007,32.2,-2.2,,,,,0,float,,5.0,,,,
TWN,2008,33.4,-2.7,,,,,0,float,,5.0,,,,
TWN,2009,36.7,-6.2,,,,,0,float,,5.0,,,,
TWN,2010,36.9,-5.1,,,,,0,float,,5.0,,,,
TWN,2011,38.3,-4.0,,,,,0,float,,5.0,,,,
TWN,2012,39.2,-4.3,,,,,0,float,,5.0,,,,
TWN,2013,38.9,-3.2,,,,,0,float,,5.0,,,,
TWN,2014,37.5,-2.7,,,,,0,float,,5.0,,,,
TWN,2015,35.9,-1.8,,,,,0,float,,5.0,,,,
TWN,2016,35.4,-2.2,,,,,0,float,,5.0,,,,
TWN,2017,34.5,-2.0,,,,,0,float,,5.0,,,,
TWN,2018,33.8,-1.9,,,,,0,float,,5.0,,,,
TWN,2019,32.6,-1.8,,,,,0,float,,5.0,,,,
TWN,2020,32.0,-2.9,,,,,0,float,,5.0,,,,
TWN,2021,30.1,-2.1,,,,,0,float,,5.0,,,,
TWN,2022,29.5,-1.7,,,,,0,float,,5.0,,,,
TWN,2023,29.0,-2.5,,,,,0,float,,5.0,,,,
TZA,2001,50.8,-0.4,,6.07080828734129,2.994,5.14746800222618,0,float,,5.0,28.0301432282533,,,
TZA,2002,47.4,-0.7,,7.09319498355502,3.023,5.31783366118203,0,float,,5.0,27.4992172734904,,,
TZA,2003,44.4,-1.8,,6.67278983053497,3.053,5.30356621509782,0,float,,5.0,30.4488358249326,,,
TZA,2004,44.5,-2.4,,7.50381465859829,3.105,4.73580143949058,0,float,,5.0,33.609786736665,,,
TZA,2005,25.4,-3.3,,7.47631925974784,3.193,5.03457009267163,0,float,,5.0,36.9592732894013,,,
TZA,2006,17.4,-3.4,,6.53222138847813,3.299,7.25097262082546,0,float,,5.0,42.7681664691467,,,
TZA,2007,23.8,-1.4,,6.76853520293716,3.023,7.02551436974771,0,float,,5.0,48.0583947796554,,,
TZA,2008,21.6,-1.9,,5.68641685905224,2.775,10.2783937621135,0,float,,5.0,49.0265445510865,,,
TZA,2009,23.9,-4.5,,5.26910524873463,2.5,12.1422278742988,0,float,,5.0,43.5326006456317,,,
TZA,2010,27.6,-4.7,,6.33652342666889,3.03,6.20015595647403,0,float,,5.0,47.6404394295683,,,
TZA,2011,28.4,-3.5,,7.67215543486064,3.47,12.6909694699162,0,float,,5.0,56.1661241821809,,,
TZA,2012,30.0,-4.0,,4.50015356010131,3.223,16.0010938506338,0,float,,5.0,54.3689490815138,,,
TZA,2013,32.7,-3.8,,6.78158560065316,2.93,7.87072364573959,0,float,,5.0,48.6316275295495,,,
TZA,2014,36.4,-2.9,,6.73246186832483,2.125,6.13161432988012,0,float,,5.0,45.3560223433065,,,
TZA,2015,39.5,-3.2,,6.16062877406682,2.009,5.58816952959298,0,float,,5.0,40.7576808778314,,,
TZA,2016,39.8,-2.1,,6.86711619644551,1.931,5.17476629301493,0,float,,5.0,35.4204704002636,,,
TZA,2017,40.1,-1.1,,6.72726996832438,1.854,5.31871605228931,0,float,,5.0,33.1125919853124,,,
TZA,2018,42.0,-2.0,,5.50267599384966,1.792,3.49445848856181,0,float,,5.0,32.6426099043737,,,
TZA,2019,40.4,-2.1,,5.79999999996723,1.735,3.46428057999021,0,float,,5.0,33.0185892502311,,,
TZA,2020,41.3,-2.6,,1.99196460647855,1.792,3.29029062798325,0,float,,5.0,27.9630151969884,,,
TZA,2021,43.4,-3.5,,4.32138429480482,1.876,3.69091958802199,0,float,,5.0,29.9151840074048,,,
TZA,2022,44.9,-3.9,,4.56600576430955,1.573,4.35027204269101,0,float,,5.0,35.0034517101994,,,
TZA,2023,47.8,-3.7,,5.06952353203394,1.565,3.79923291384916,0,float,,5.0,38.212034806339,,,
UGA,1997,44.2,-0.8,,5.10000186476283,3.209,8.16902144106963,0,float,,3.0,34.1585669652784,,,
UGA,1998,45.1,-0.7,,4.90526548451564,3.424,0.0688041719983172,0,float,,3.0,30.043921931244,,,
UGA,1999,47.7,-1.2,,8.05394837724197,3.46,5.77736898687895,0,float,,3.0,36.0247101570245,,,
UGA,2000,48.5,-0.6,,3.141907338187,3.531,3.39202158512998,0,float,,3.0,32.7490333383822,,,
UGA,2001,51.4,-1.0,,5.18366112490236,3.522,1.86512524084773,0,float,,3.0,35.3299767819725,,,
UGA,2002,54.7,-2.1,,8.73268576440127,3.5,-0.287508511765196,0,float,,3.0,36.2777941561831,,,
UGA,2003,55.1,-1.0,,6.47325867166543,3.6,8.68047651566884,0,float,,3.0,36.5857264641268,,,
UGA,2004,49.0,0.3,,6.80723334361883,2.699,3.72128743978228,0,float,,3.0,35.4600862456436,,,
UGA,2005,42.6,-0.2,,6.33256511623156,1.9,8.44872642299532,0,float,,3.0,38.9942854839061,,,
UGA,2006,27.8,-0.6,,10.7847443857453,2.264,7.31067613561864,0,float,,3.0,43.6332857896204,,,
UGA,2007,17.0,-0.8,,8.41242596551071,2.667,6.1385108328505,0,float,,3.0,46.7774166522822,,,
UGA,2008,15.7,-2.0,,8.70875190154499,3.035,12.0508555482886,0,float,,3.0,56.2582682050634,,,
UGA,2009,14.8,-1.6,,6.80151734860395,3.6,13.0172561889185,0,float,,3.0,47.0638780748379,,,
UGA,2010,18.4,-4.6,,5.63761163749757,3.623,3.97655288478168,0,float,,3.0,38.2692490371291,,,
UGA,2011,18.0,-2.0,,9.3916554927176,3.523,16.5643496174515,0,float,,3.0,39.7552255606122,,,
UGA,2012,19.5,-2.4,,3.83745560605229,3.551,12.6790377224659,0,float,,3.0,43.5021371397314,,,
UGA,2013,22.1,-3.2,,3.58690582623025,1.91,4.90520875694557,0,float,,3.0,43.1091548734687,,,
UGA,2014,24.8,-2.7,,5.10630732539796,2.357,3.07570668958641,0,float,,3.0,36.0144010819085,,,
UGA,2015,28.0,-2.6,,5.18785986002466,2.681,5.58968606251725,0,float,,3.0,37.6892983324358,,,
UGA,2016,31.3,-2.6,,4.78100029254482,3.002,5.70637504616212,0,float,,3.0,31.2093620232119,,,
UGA,2017,33.6,-3.8,,3.13140551723596,3.428,5.20971705914209,0,float,,3.0,36.8370529334101,,,
UGA,2018,35.0,-3.0,,6.30392378262997,3.249,2.61601190952274,0,float,,3.0,36.6384055999567,,,
UGA,2019,38.0,-4.8,,6.43874503276439,3.057,2.867588034469,0,float,,3.0,39.3610539647435,,,
UGA,2020,46.8,-7.8,,2.95130642218098,3.819,3.31332289544502,0,float,,3.0,37.0006923916369,,,
UGA,2021,50.3,-7.8,,3.53658034070898,3.416,2.20457204757414,0,float,,3.0,41.7136307424781,,,
UGA,2022,49.9,-5.4,,4.58802192181773,2.885,7.1957888597581,0,float,,3.0,34.5053019270937,,,
UGA,2023,50.4,-4.9,,5.33697295511469,2.754,5.35094804280395,0,float,,3.0,33.3416963302219,,,
UKR,1997,29.9,-5.6,,-2.99999999842365,8.93,15.940599414943,0,float,,5.0,84.2414161623735,,,
UKR,1998,48.1,-2.8,,-1.90000000214164,11.32,10.5771611482514,0,float,,5.0,86.0497284415116,,,
UKR,1999,61.0,5.1,,-0.200000000106499,11.864,22.6836718061345,0,float,,5.0,101.951706965548,,,
UKR,2000,43.7,-3.2,,5.90000000024899,11.707,28.2030972388552,0,float,,5.0,115.735714934593,,,
UKR,2001,35.3,-2.9,,8.80000000367222,11.061,11.9588085390459,0,float,,5.0,99.9261276192731,,,
UKR,2002,32.3,-1.8,,5.33964720719075,10.136,0.75742084639286,0,float,,5.0,95.994669810112,,,
UKR,2003,28.3,-0.9,,9.51660986436364,9.057,5.17967781908315,0,float,,5.0,102.590182257396,,,
UKR,2004,23.9,-4.3,,11.7953525281136,8.59,9.04806786050888,0,float,,5.0,109.981708544962,,,
UKR,2005,17.1,-2.2,,3.07123039245209,7.18,13.5695764909248,0,float,,5.0,94.6475701087848,,,
UKR,2006,14.3,-1.3,,7.57142076322967,6.81,9.05252491133248,0,float,,5.0,89.181052639031,,,
UKR,2007,11.8,-1.9,,8.21584445165715,6.351,12.8387796190181,0,float,,5.0,88.0465606718626,,,
UKR,2008,19.7,-3.0,,2.24349159628288,6.363,25.226461707384,0,float,,5.0,94.1718921417534,,,
UKR,2009,34.1,-6.0,,-15.1364679101502,8.84,15.8811924594476,0,float,,5.0,87.4761626200316,,,
UKR,2010,39.1,-5.6,,4.09200436668087,8.1,9.37293105078978,0,float,,5.0,95.72973045329,,,
UKR,2011,35.5,-2.7,,5.44528081048476,7.851,7.95572466274652,0,float,,5.0,104.805073904259,,,
UKR,2012,36.1,-4.1,,0.152314967200653,7.529,0.568727971803862,0,float,,5.0,102.622788356626,,,
UKR,2013,39.0,-4.6,,0.045439094492707,7.17,-0.238948626045407,0,float,,5.0,94.0016694501782,,,
UKR,2014,70.3,-4.5,,-10.0788949840953,9.27,12.0718562874251,0,float,,5.0,100.691782483624,,,
UKR,2015,79.3,-1.2,,-9.7729872128676,9.14,48.6998646434424,0,float,,5.0,107.806616298156,,,
UKR,2016,79.5,-2.5,,2.44098194492067,9.35,13.9127101997797,0,float,,5.0,105.521204913122,,,
UKR,2017,71.6,-2.4,,2.35997228099491,9.5,14.4383227488749,0,float,,5.0,104.034982911399,,,
UKR,2018,60.4,-2.1,,3.48836234022659,8.799,10.9518559353178,0,float,,5.0,99.1998150718675,,,
UKR,2019,50.5,-2.1,,3.19950386354134,8.194,7.88671745611133,0,float,,5.0,90.5112342910763,,,
UKR,2020,60.5,-5.9,,-3.75281793983162,9.475,2.73249209419427,0,float,,5.0,79.1564523761815,,,
UKR,2021,48.9,-4.0,,3.44562065945944,9.834,9.36313917695223,0,float,,5.0,82.69796136345,,,
UKR,2022,77.7,-15.6,,-28.7585842155085,,20.1836366617478,0,float,,5.0,87.3965139907244,,,
UKR,2023,81.2,-19.3,,5.53473354963334,,12.8490222828559,0,float,,5.0,77.5096141935657,,,
URY,1999,24.1,-2.8,,-1.52094591992036,10.466,5.65868803927908,0,float,,10.0,33.3864489469027,,,
URY,2000,30.5,-2.8,,-1.92993063549235,12.627,4.76382472733251,0,float,,10.0,36.7137381507902,,,
URY,2001,39.4,-2.9,,-3.84412995940374,15.052,4.3593406521727,0,float,,10.0,36.3095126435057,,,
URY,2002,90.1,-3.2,,-7.73200721540044,16.648,13.9724725913515,0,float,,10.0,40.02906730756,,,
URY,2003,91.9,-2.2,,0.805283915893824,16.661,19.3797301743995,0,float,,10.0,51.7591995826472,,,
URY,2004,73.7,-0.9,,5.00416035564457,12.98,9.15760507540997,0,float,,10.0,61.4766880860242,,,
URY,2005,66.2,-0.3,,7.4601321302473,12.009,4.6992773903564,0,float,,10.0,58.8776963255774,,,
URY,2006,61.1,-0.6,,4.09857735445401,10.844,6.39764974385131,0,float,,10.0,61.9715745165876,,,
URY,2007,52.8,-0.2,,6.54151084504817,9.403,8.11464561179313,0,float,,10.0,59.2104478374095,,,
URY,2008,46.2,-1.3,,7.17614466455107,8.025,7.87707374730888,0,float,,10.0,65.2080950071821,,,
URY,2009,46.2,-1.4,,4.24349419462426,7.74,7.06221874388574,0,float,,10.0,53.3944192683736,,,
URY,2010,40.9,-0.4,,7.8034096507169,7.158,6.69870886978132,0,float,,10.0,51.6990372012256,,,
URY,2011,41.3,-0.3,,5.16213302463606,6.307,8.0928320630299,0,float,,10.0,53.2470340109018,,,
URY,2012,49.8,-2.2,,3.53817872056869,6.451,8.09776580573602,0,float,,10.0,55.0611541633768,,,
URY,2013,50.0,-1.7,,4.63753862902416,6.444,8.57513504005397,0,float,,10.0,49.7178464746233,,,
URY,2014,51.1,-2.6,,3.23879122952364,6.547,8.87735333229828,0,float,,10.0,49.0876240632174,,,
URY,2015,57.8,-1.9,,0.370741257681345,7.488,8.66626987079328,0,float,,10.0,45.3282408087534,,,
URY,2016,56.4,-2.7,,1.68979822971775,7.841,9.6394134763508,0,float,,10.0,48.4705353074514,,,
URY,2017,55.8,-2.5,,1.74037649141989,7.89,6.2180938256186,0,float,,10.0,46.3779636198842,,,
URY,2018,57.9,-1.9,,0.164777608846705,8.336,7.60653360377047,0,float,,10.0,47.7913453459107,,,
URY,2019,59.6,-2.7,,0.928351027546341,8.836,7.88198870879619,0,float,,10.0,49.7448660724665,,,
URY,2020,68.2,-4.6,,-7.35732706897301,10.413,9.75640636078194,0,float,,10.0,47.7318331202564,,,
URY,2021,64.1,-2.6,,5.84427325018082,9.328,7.74791402314762,0,float,,10.0,58.3150555063308,,,
URY,2022,59.4,-2.5,,4.60623000920732,7.877,9.10437983075437,0,float,,10.0,60.2026828336525,,,
URY,2023,63.0,-3.1,,0.761749241321681,8.355,5.86910359896119,0,float,,10.0,52.3273108387018,,,
USA,2001,53.5,-0.5,,0.955538337599847,4.731,2.82617111885407,0,float,,10.0,22.9671830154975,,,
USA,2002,55.9,-3.8,,1.70044733078285,5.783,1.58603162650601,0,float,,10.0,22.2863842136065,,,
USA,2003,59.0,-4.8,,2.79560596378604,5.989,2.27009497336115,0,float,,10.0,22.6272972866813,,,
USA,2004,66.4,-4.2,,3.84777169267127,5.529,2.67723669309172,0,float,,10.0,24.4480566571904,,,
USA,2005,65.8,-3.1,,3.48354993710312,5.084,3.3927468454955,0,float,,10.0,25.6385573436769,,,
USA,2006,64.5,-2.0,,2.78453963674239,4.623,3.22594410070404,0,float,,10.0,26.9752858058903,,,
USA,2007,64.9,-2.9,,2.0038583039496,4.622,2.85267248150138,0,float,,10.0,28.0120155631098,,,
USA,2008,73.8,-6.6,,0.113587247501258,5.784,3.839100296651,0,float,,10.0,29.8677875257061,,,
USA,2009,87.1,-13.2,,-2.5765002366652,9.254,-0.355546266299747,0,float,,10.0,24.759527635837,,,
USA,2010,95.7,-11.0,,2.69519258673525,9.633,1.6400434423899,0,float,,10.0,28.2198829408336,,,
USA,2011,100.0,-9.7,,1.56440685205419,8.949,3.156841568622,0,float,,10.0,30.842478575914,,,
USA,2012,103.7,-8.1,,2.28911339009767,8.069,2.06933726526067,0,float,,10.0,30.681839575193,,,
USA,2013,105.0,-4.6,,2.11783009443471,7.375,1.46483265562717,0,float,,10.0,29.9413062848227,,,
USA,2014,104.9,-4.0,,2.52381981757846,6.168,1.62222297740817,0,float,,10.0,29.906569337428,,,
USA,2015,105.4,-3.5,,2.94555045227337,5.28,0.118627135552451,0,float,,10.0,27.6882139340768,,,
USA,2016,107.4,-4.4,,1.81945147909089,4.869,1.26158320570536,0,float,,10.0,26.4525977865465,,,
USA,2017,106.4,-4.8,,2.45762230126449,4.355,2.13011000365961,0,float,,10.0,27.1253382222874,,,
USA,2018,107.7,-5.3,,2.96650506701943,3.896,2.44258329692817,0,float,,10.0,27.4453591302618,,,
USA,2019,108.8,-5.8,,2.58382533052225,3.669,1.81221007526021,0,float,,10.0,26.2584806245428,,,
USA,2020,132.6,-14.1,,-2.081375977796,8.055,1.23358439630629,0,float,,10.0,23.1399437509149,,,
USA,2021,125.0,-11.5,,6.15202247867526,5.349,4.69785886363742,0,float,,10.0,25.2327260228331,,,
USA,2022,119.1,-3.7,,2.52421385073222,3.65,8.00279982052121,0,float,,10.0,26.9078981557739,,,
USA,2023,120.0,-7.9,,2.93436322440155,3.638,4.11633838374488,0,float,,10.0,24.9292981752847,,,
UVK,2006,16.3,2.6,,,,,0,float,,5.0,,,,
UVK,2007,14.3,6.7,,,,,0,float,,5.0,,,,
UVK,2008,10.8,0.0,,,,,0,float,,5.0,,,,
UVK,2009,6.9,1.6,,,,,0,float,,5.0,,,,
UVK,2010,6.5,-1.0,,,,,0,float,,5.0,,,,
UVK,2011,5.6,-1.0,,,,,0,float,,5.0,,,,
UVK,2012,8.6,-2.7,,,,,0,float,,5.0,,,,
UVK,2013,9.4,-3.4,,,,,0,float,,5.0,,,,
UVK,2014,11.2,-2.7,,,,,0,float,,5.0,,,,
UVK,2015,13.4,-2.1,,,,,0,float,,5.0,,,,
UVK,2016,14.5,-1.7,,,,,0,float,,5.0,,,,
UVK,2017,16.4,-1.4,,,,,0,float,,5.0,,,,
UVK,2018,17.1,-2.9,,,,,0,float,,5.0,,,,
UVK,2019,17.7,-2.9,,,,,0,float,,5.0,,,,
UVK,2020,24.3,-7.8,,,,,0,float,,5.0,,,,
UVK,2021,23.1,-1.2,,,,,0,float,,5.0,,,,
UVK,2022,21.4,-0.7,,,,,0,float,,5.0,,,,
UVK,2023,18.6,-0.2,,,,,0,float,,5.0,,,,
UZB,1997,13.8,-1.8,,5.19999999656406,10.9,,0,float,,5.0,57.1985913618542,,,
UZB,1998,16.2,-2.7,,4.30000000106274,13.3,,0,float,,5.0,45.4179547762326,,,
UZB,1999,16.6,-2.6,,4.30000000179402,13.3,,0,float,,5.0,36.6188588125863,,,
UZB,2000,26.5,-3.3,,3.83500000014025,12.301,,0,float,,5.0,44.0540299791129,,,
UZB,2001,40.4,-3.0,,4.16383824998903,11.279,,0,float,,5.0,56.776277587152,,,
UZB,2002,37.5,-5.7,,3.97348819235708,10.256,,0,float,,5.0,58.954524710746,,,
UZB,2003,28.3,-4.4,,4.23262738154382,9.22,,0,float,,5.0,70.4592746850874,,,
UZB,2004,24.2,-3.4,,7.4490006055965,8.152,,0,float,,5.0,76.5956691950086,,,
UZB,2005,18.9,-3.2,,6.95000719569107,7.092,,0,float,,5.0,69.5252584247083,,,
UZB,2006,12.2,2.5,,7.45141847621767,6.035,,0,float,,5.0,67.4712921717973,,,
UZB,2007,8.6,3.2,,9.47300530544537,4.99,,0,float,,5.0,74.4141929762327,,,
UZB,2008,7.5,5.4,,9.02916101784781,4.89,,0,float,,5.0,79.7479920348578,,,
UZB,2009,6.6,1.6,,8.05093332733964,5.04,,0,float,,5.0,68.673142199791,,,
UZB,2010,5.9,2.3,,7.5971679610016,5.36,,0,float,,5.0,44.1432918113775,,,
UZB,2011,5.7,4.6,,8.12793681625645,4.96,13.7797446476602,0,float,,5.0,44.3313973754476,,,
UZB,2012,6.1,5.3,,7.35682138899483,4.87,13.2088026688373,0,float,,5.0,39.6570271654711,,,
UZB,2013,5.5,1.9,,7.9217749261021,4.86,11.8414333622049,0,float,,5.0,37.5113183619111,,,
UZB,2014,5.4,1.7,,7.71373911707978,5.09,9.28309356162695,0,float,,5.0,32.1925400076306,,,
UZB,2015,5.9,-0.2,,7.94477659311639,5.15,8.75188196737508,0,float,,5.0,27.1724545801626,,,
UZB,2016,7.2,0.6,,6.71108022628,5.16,8.130886695236,0,float,,5.0,25.6926479568511,,,
UZB,2017,17.3,1.0,,4.70027401956061,5.83,13.8757425441635,0,float,,5.0,41.0443062055515,,,
UZB,2018,16.7,1.6,,5.72368380757618,5.392,17.5241796514055,0,float,,5.0,61.395110017578,,,
UZB,2019,24.3,-0.3,,6.79331098484522,4.936,14.5257359560687,0,float,,5.0,62.3003782302878,,,
UZB,2020,31.9,-2.8,,1.62162281640448,5.293,12.8677297362606,0,float,,5.0,53.1070769988551,,,
UZB,2021,30.2,-3.9,,8.20448512353877,5.364,10.8492397508122,0,float,,5.0,54.7477822134912,,,
UZB,2022,29.2,-3.5,,6.08592335737373,4.456,11.4466436998836,0,float,,5.0,60.0483582576289,,,
UZB,2023,30.7,-3.8,,6.31603004201926,4.434,9.95659071258018,0,float,,5.0,63.102194304905,,,
VCT,1990,55.3,1.7,,4.14918678513905,,7.60609957743892,0,float,,5.0,,,,
VCT,1991,53.5,-0.5,,1.13557520041245,19.77,5.49200387001333,0,float,,5.0,,,,
VCT,1992,50.7,-3.3,,6.37794062708292,19.558,3.46353042727654,0,float,,5.0,,,,
VCT,1993,49.3,-1.5,,4.25073077397103,19.681,4.29137553446651,0,float,,5.0,,,,
VCT,1994,54.2,0.1,,-1.24762336447148,19.974,1.0089495525225,0,float,,5.0,,,,
VCT,1995,47.6,1.1,,7.76665024455248,20.005,1.73837289880567,0,float,,5.0,,,,
VCT,1996,41.2,1.6,,1.28791200314089,20.343,4.40790113846454,0,float,,5.0,,,,
VCT,1997,39.3,-2.8,,3.50515087270627,20.133,0.443616029823348,0,float,,5.0,,,,
VCT,1998,39.9,-1.8,,4.0901949332585,20.521,2.1424064726839,0,float,,5.0,,,,
VCT,1999,53.4,-1.9,,2.71031071289156,20.542,1.01355044438875,0,float,,5.0,,,,
VCT,2000,54.2,-0.8,,1.63903190394467,20.8,0.167679637488279,0,float,,5.0,,,,
VCT,2001,51.9,-1.6,,1.74823102028898,21.1,0.9008584858665,0,float,,5.0,,,,
VCT,2002,53.2,-2.0,,5.34212707436718,20.623,1.85550399046655,0,float,,5.0,,,,
VCT,2003,55.3,-2.5,,6.69133665352797,19.985,0.205981708824254,0,float,,5.0,,,,
VCT,2004,58.5,-2.7,,4.11469880444737,19.545,2.96003946719286,0,float,,5.0,,,,
VCT,2005,50.5,-4.3,,2.48855733938132,19.461,3.7334291646702,0,float,,5.0,,,,
VCT,2006,44.7,-3.1,,6.99692626758825,19.162,2.74067516070673,0,float,,5.0,,,,
VCT,2007,48.4,-3.1,,3.3229685982929,18.934,7.23614701584807,0,float,,5.0,,,,
VCT,2008,50.2,-1.3,,0.404640808638888,18.79,10.0662418245849,0,float,,5.0,,,,
VCT,2009,57.2,-2.9,,-1.3781936056056,19.365,0.421539125687215,0,float,,5.0,,,,
VCT,2010,61.1,-3.7,,-4.47046793507802,19.924,0.747109026311474,0,float,,5.0,,,,
VCT,2011,64.0,-3.5,,-0.60627665148327,20.006,3.1860311155246,0,float,,5.0,,,,
VCT,2012,67.8,-1.8,,1.16911218376478,19.833,2.59844414147101,0,float,,5.0,,,,
VCT,2013,70.0,-5.8,,2.4624841721544,19.356,0.805127804267928,0,float,,5.0,,,,
VCT,2014,75.1,-2.8,,1.1457271877622,19.237,0.193858560794015,0,float,,5.0,,,,
VCT,2015,76.0,-2.0,,2.78509791763551,19.135,-1.73361194953959,0,float,,5.0,,,,
VCT,2016,78.1,0.0,,4.1496810046981,19.029,-0.149641647633284,0,float,,5.0,,,,
VCT,2017,69.5,-1.6,,1.54810173239956,19.024,2.15333648840511,0,float,,5.0,,,,
VCT,2018,69.3,-1.6,,3.1756114423991,19.005,2.32414485367921,0,float,,5.0,,,,
VCT,2019,68.0,-3.4,,0.668428481084234,19.248,0.91306972532459,0,float,,5.0,,,,
VCT,2020,81.7,-5.9,,-4.26892434422649,20.635,-0.628131309354654,0,float,,5.0,,,,
VCT,2021,88.3,-7.2,,2.09340124465459,20.356,1.57272932500558,0,float,,5.0,,,,
VCT,2022,88.6,-9.4,,3.1108330034352,19.277,5.66009779226552,0,float,,5.0,,,,
VCT,2023,91.3,-12.5,,5.32636472098717,18.348,4.56457719814894,0,float,,5.0,,,,
VEN,1998,30.7,-4.5,,0.477326968973756,11.15,,0,float,,5.0,0.0,,,
VEN,1999,29.6,0.7,,-5.93824228028504,14.53,,0,float,,5.0,0.0,,,
VEN,2000,27.7,4.4,,3.53535353535352,13.99,,0,float,,5.0,0.0,,,
VEN,2001,30.7,-4.6,,3.41463414634147,13.04,,0,float,,5.0,0.0,,,
VEN,2002,48.2,-1.5,,-8.72641509433961,16.17,,0,float,,5.0,0.0,,,
VEN,2003,56.0,0.2,,-7.75193798449614,16.78,,0,float,,5.0,0.0,,,
VEN,2004,41.8,2.5,,18.2072829131653,15.07,,0,float,,5.0,0.0,,,
VEN,2005,34.9,4.1,,10.1895734597156,10.663,,0,float,,5.0,0.0,,,
VEN,2006,25.7,-1.6,,9.89247311827957,8.606,,0,float,,5.0,0.0,,,
VEN,2007,26.4,-2.8,,8.80626223091976,7.279,,0,float,,5.0,0.0,,,
VEN,2008,20.3,-3.5,,5.21582733812949,6.245,,0,float,,5.0,0.0,,,
VEN,2009,27.6,-8.7,,-3.07692307692308,6.097,27.080941446613,0,float,,5.0,0.0,,,
VEN,2010,37.7,-4.7,,-1.5873015873016,7.112,28.1874647092039,0,float,,5.0,0.0,,,
VEN,2011,52.5,-8.2,,4.12186379928315,6.902,26.0902123160959,0,float,,5.0,0.0,,,
VEN,2012,58.4,-9.9,,5.67986230636832,6.601,21.0689956331876,0,float,,5.0,50.7514450867052,,,
VEN,2013,85.4,-10.4,,1.30293159609121,7.54,40.6394275161589,0,float,,5.0,62.5819672131148,,,
VEN,2014,84.9,-9.8,,-3.85852090032154,6.821,62.1686499794829,0,float,,5.0,64.0956340956341,,,
VEN,2015,129.8,-8.1,,-6.18729096989966,6.139,121.738085297503,0,float,,5.0,60.377358490566,,,
VEN,2016,138.4,-8.5,,-17.1122994652406,5.319,254.948534781816,0,float,,5.0,41.3927576601671,,,
VEN,2017,133.6,-13.3,,-15.6989247311828,5.045,,0,float,,5.0,42.6149425287356,,,
VEN,2018,175.3,-31.0,,-19.6428571428571,5.468,,0,float,,5.0,54.6332963725646,,,
VEN,2019,206.0,-10.9,,-27.6190476190476,5.89,,0,float,,5.0,58.1288399985284,,,
VEN,2020,336.5,-6.6,,-29.8245614035088,7.53,,0,float,,5.0,26.0905679013051,,,
VEN,2021,254.2,-5.8,,0.625000000000014,7.027,,0,float,,5.0,29.2263872682484,,,
VEN,2022,164.4,-5.3,,8.07453416149069,5.646,,0,float,,5.0,27.8980542310307,,,
VEN,2023,138.5,-1.2,,4.02298850574712,5.407,,0,float,,5.0,28.0944323171165,,,
VNM,2000,24.8,-1.6,,6.78731640463151,2.26,-1.71033727851111,0,float,,2.0,111.417094419512,,,
VNM,2001,25.4,-2.2,,6.19289331233377,2.76,-0.43154451172818,0,float,,2.0,111.955937998525,,,
VNM,2002,27.7,-1.9,,6.32082099160833,2.12,3.83082838168468,0,float,,2.0,116.696868652499,,,
VNM,2003,29.8,-2.6,,6.89906349055258,2.25,3.23464817293925,0,float,,2.0,124.327954439125,,,
VNM,2004,29.4,-0.1,,7.53641060890386,2.14,7.75494748709606,0,float,,2.0,133.016497868747,,,
VNM,2005,28.7,-1.0,,7.54724772895918,2.078,8.28457243128667,0,float,,2.0,130.714846045026,,,
VNM,2006,30.2,0.2,,6.97795481056711,2.046,7.41801715108469,0,float,,2.0,138.313621869598,,,
VNM,2007,32.2,-1.7,,7.12950448605439,2.026,8.34444889773847,0,float,,2.0,154.605383996554,,,
VNM,2008,31.0,-0.4,,5.66177120891362,1.889,23.1154483474477,0,float,,2.0,154.317479627758,,,
VNM,2009,36.2,-4.8,,5.39789754014181,1.737,6.71698269988631,0,float,,2.0,134.706317721758,,,
VNM,2010,37.3,-2.3,,6.42324482239482,1.114,9.20746648778413,0,float,,2.0,113.977687539714,,,
VNM,2011,36.2,-0.9,,6.41316889681683,0.999,18.6777322770706,0,float,,2.0,125.260577940829,,,
VNM,2012,38.3,-5.5,,5.5045447041189,1.027,9.09470339557193,0,float,,2.0,123.224116745985,,,
VNM,2013,41.4,-6.0,,5.55351081026072,1.316,6.59267475899192,0,float,,2.0,130.846354866743,,,
VNM,2014,43.6,-5.0,,6.42224312118567,1.256,4.08455446637625,0,float,,2.0,135.410521454361,,,
VNM,2015,46.1,-5.0,,6.98715430598611,1.848,0.631200905175685,0,float,,2.0,144.914228195237,,,
VNM,2016,47.9,-3.2,,6.69000892660424,1.848,2.66824816969082,0,float,,2.0,145.409507973118,,,
VNM,2017,46.6,-2.0,,6.94019037359206,1.874,3.52025688811618,0,float,,2.0,160.98008365887,,,
VNM,2018,43.8,-1.0,,7.46500685572751,1.161,3.53962805942641,0,float,,2.0,164.663936775893,,,
VNM,2019,41.0,-0.4,,7.35926270105006,1.681,2.79582367452244,0,float,,2.0,164.704215031408,,,
VNM,2020,41.3,-2.9,,2.86541320912272,2.103,3.22093436652515,0,float,,2.0,163.245862814935,,,
VNM,2021,39.2,-1.4,,2.55372852648131,2.383,1.83471554810462,0,float,,2.0,186.675832836814,,,
VNM,2022,34.9,0.7,,8.53750041218142,1.57,3.15650749963112,0,float,,2.0,183.153619147836,,,
VNM,2023,34.3,-1.7,,4.97865959483225,1.645,3.25289282667662,0,float,,2.0,164.995585455876,,,
VUT,1991,14.4,-2.5,,3.1476384802759,7.976,6.46913580246914,0,float,,5.0,94.2228152101401,,,
VUT,1992,19.0,-2.1,,2.58541372753479,7.945,4.0584415584416,0,float,,5.0,94.6391665612215,,,
VUT,1993,18.3,-3.3,,0.735447995455729,8.262,3.56585691999116,0,float,,5.0,94.9704627502461,,,
VUT,1994,19.5,-1.3,,9.08146609289209,8.083,2.30256079190869,0,float,,5.0,92.8723717100426,,,
VUT,1995,21.8,-2.3,,1.00394504149104,8.134,2.22970130416487,0,float,,5.0,91.9615068150109,,,
VUT,1996,20.8,-1.6,,2.32733541644214,8.091,0.906344410876219,0,float,,5.0,92.9417808219178,,,
VUT,1997,20.7,-0.5,,4.90681267768771,8.221,2.83070223189979,0,float,,5.0,96.196924634563,,,
VUT,1998,25.4,-6.0,,1.17685436113624,8.223,3.28215987294863,0,float,,5.0,94.7409334170479,,,
VUT,1999,27.7,-0.5,,0.337293221894271,8.29,1.99897488467452,0,float,,5.0,91.232330240222,,,
VUT,2000,32.6,-5.7,,5.92480905652918,8.266,2.53768844221106,0,float,,5.0,87.1557917790657,,,
VUT,2001,33.5,-3.0,,-3.39758248938266,8.415,3.57755452095074,0,float,,5.0,87.7721451440768,,,
VUT,2002,35.1,-3.3,,-5.19831875936025,8.598,1.96356754199195,0,float,,5.0,91.6997236888901,,,
VUT,2003,34.6,-1.2,,4.28833511695457,8.659,3.01624129930394,0,float,,5.0,91.5679895901106,,,
VUT,2004,27.5,0.7,,3.98739280216959,8.432,1.41891891891893,0,float,,5.0,98.7059775016543,,,
VUT,2005,23.8,1.7,,5.30532647259227,8.121,1.19920053297801,0,float,,5.0,100.173820339297,,,
VUT,2006,20.0,0.4,,8.46069747205426,8.006,2.04081632653062,0,float,,5.0,89.5414618090556,,,
VUT,2007,17.6,0.2,,2.87589228775376,6.855,3.93548387096774,0,float,,5.0,90.1716511021211,,,
VUT,2008,19.2,0.0,,5.60099182147225,5.663,4.84171322160149,0,float,,5.0,105.774852580058,,,
VUT,2009,19.1,-0.8,,3.03730354099639,4.565,4.29706572955357,0,float,,5.0,108.489179063187,,,
VUT,2010,18.3,-2.4,,1.25886720329254,4.681,2.76269469477348,0,float,,5.0,103.823312203828,,,
VUT,2011,19.3,-2.0,,3.13980290023437,4.811,0.8737931047811,0,float,,5.0,96.9987664175314,,,
VUT,2012,17.4,-1.5,,1.01004768692017,4.936,1.34740362877658,0,float,,5.0,104.451629665983,,,
VUT,2013,16.4,-0.2,,0.463390415135436,5.038,1.45893371757921,0,float,,5.0,93.4638521005109,,,
VUT,2014,17.8,1.3,,3.10512947273315,5.137,0.798863838097023,0,float,,5.0,91.3913104611923,,,
VUT,2015,32.2,-8.1,,3.50101268962098,5.168,2.48326875660439,0,float,,5.0,92.5427728613569,,,
VUT,2016,37.6,-0.6,,3.61980830670927,5.197,0.842069084035061,0,float,,5.0,93.2943778278248,,,
VUT,2017,46.4,-1.1,,4.22332192519966,5.247,3.08452624403546,0,float,,5.0,90.0680828139658,,,
VUT,2018,40.0,5.5,,2.51532789491979,5.353,2.33096379566866,0,float,,5.0,89.6801368961432,,,
VUT,2019,39.8,2.5,,3.27677257380314,5.444,2.76252019386111,0,float,,5.0,85.2923789349229,,,
VUT,2020,42.9,-1.7,,-5.72530282073851,4.046,5.32935073101715,0,float,,5.0,65.4819913449416,,,
VUT,2021,42.2,2.1,,-1.16332488626091,4.776,2.34328358208953,0,float,,5.0,60.1426638378911,,,
VUT,2022,39.2,-6.0,,5.59195729750803,5.077,6.67930581887121,0,float,,5.0,70.4738394846168,,,
VUT,2023,39.2,-0.8,,5.82973013269719,5.011,11.1825017088175,0,float,,5.0,78.0648945040347,,,
WBG,2000,20.0,,,,,,0,float,,5.0,,,,
WBG,2001,22.2,,,,,,0,float,,5.0,,,,
WBG,2002,20.9,,,,,,0,float,,5.0,,,,
WBG,2003,20.7,,,,,,0,float,,5.0,,,,
WBG,2004,21.1,,,,,,0,float,,5.0,,,,
WBG,2005,24.0,,,,,,0,float,,5.0,,,,
WBG,2006,19.3,,,,,,0,float,,5.0,,,,
WBG,2007,23.7,,,,,,0,float,,5.0,,,,
WBG,2008,23.0,,,,,,0,float,,5.0,,,,
WBG,2009,24.0,-7.7,,,,,0,float,,5.0,,,,
WBG,2010,22.7,-2.2,,,,,0,float,,5.0,,,,
WBG,2011,26.3,-6.3,,,,,0,float,,5.0,,,,
WBG,2012,29.8,-6.3,,,,,0,float,,5.0,,,,
WBG,2013,30.2,-1.5,,,,,0,float,,5.0,,,,
WBG,2014,34.0,-2.5,,,,,0,float,,5.0,,,,
WBG,2015,37.1,-4.7,,,,,0,float,,5.0,,,,
WBG,2016,31.0,-2.1,,,,,0,float,,5.0,,,,
WBG,2017,31.8,-2.8,,,,,0,float,,5.0,,,,
WBG,2018,33.1,-2.5,,,,,0,float,,5.0,,,,
WBG,2019,34.5,-4.5,,,,,0,float,,5.0,,,,
WBG,2020,47.1,-7.4,,,,,0,float,,5.0,,,,
WBG,2021,50.2,-5.2,,,,,0,float,,5.0,,,,
WBG,2022,47.1,-0.9,,,,,0,float,,5.0,,,,
WBG,2023,46.5,-0.9,,,,,0,float,,5.0,,,,
WE,2000,44.6,,,,,,0,float,,5.0,,,,
WE,2001,46.5,-3.2,,,,,0,float,,5.0,,,,
WE,2002,56.8,-2.7,,,,,0,float,,5.0,,,,
WE,2003,57.4,-2.7,,,,,0,float,,5.0,,,,
WE,2004,53.5,-1.1,,,,,0,float,,5.0,,,,
WE,2005,49.4,-1.0,,,,,0,float,,5.0,,,,
WE,2006,46.7,-1.7,,,,,0,float,,5.0,,,,
WE,2007,45.4,-1.1,,,,,0,float,,5.0,,,,
WE,2008,45.4,-1.1,,,,,0,float,,5.0,,,,
WE,2009,48.4,-4.0,,,,,0,float,,5.0,,,,
WE,2010,47.4,-3.1,,,,,0,float,,5.0,,,,
WE,2011,47.5,-2.7,,,,,0,float,,5.0,,,,
WE,2012,47.6,-2.7,,,,,0,float,,5.0,,,,
WE,2013,48.8,-3.3,,,,,0,float,,5.0,,,,
WE,2014,50.8,-4.8,,,,,0,float,,5.0,,,,
WE,2015,56.6,-5.9,,,,,0,float,,5.0,,,,
WE,2016,60.2,-5.3,,,,,0,float,,5.0,,,,
WE,2017,62.5,-5.1,,,,,0,float,,5.0,,,,
WE,2018,66.2,-4.9,,,,,0,float,,5.0,,,,
WE,2019,67.1,-3.7,,,,,0,float,,5.0,,,,
WE,2020,76.1,-8.1,,,,,0,float,,5.0,,,,
WE,2021,70.4,-3.9,,,,,0,float,,5.0,,,,
WE,2022,67.9,-3.6,,,,,0,float,,5.0,,,,
WE,2023,73.5,-5.1,,,,,0,float,,5.0,,,,
WEOWORLD,2001,63.1,-1.9,,,,,0,float,,5.0,,,,
WEOWORLD,2002,64.8,-3.4,,,,,0,float,,5.0,,,,
WEOWORLD,2003,66.1,-3.7,,,,,0,float,,5.0,,,,
WEOWORLD,2004,67.8,-2.8,,,,,0,float,,5.0,,,,
WEOWORLD,2005,65.7,-1.7,,,,,0,float,,5.0,,,,
WEOWORLD,2006,61.9,-0.8,,,,,0,float,,5.0,,,,
WEOWORLD,2007,59.1,-0.7,,,,,0,float,,5.0,,,,
WEOWORLD,2008,61.7,-2.2,,,,,0,float,,5.0,,,,
WEOWORLD,2009,72.1,-7.1,,,,,0,float,,5.0,,,,
WEOWORLD,2010,74.1,-5.7,,,,,0,float,,5.0,,,,
WEOWORLD,2011,74.9,-4.2,,,,,0,float,,5.0,,,,
WEOWORLD,2012,76.7,-3.7,,,,,0,float,,5.0,,,,
WEOWORLD,2013,75.9,-2.9,,,,,0,float,,5.0,,,,
WEOWORLD,2014,76.3,-2.8,,,,,0,float,,5.0,,,,
WEOWORLD,2015,77.8,-3.1,,,,,0,float,,5.0,,,,
WEOWORLD,2016,81.5,-3.3,,,,,0,float,,5.0,,,,
WEOWORLD,2017,80.5,-3.0,,,,,0,float,,5.0,,,,
WEOWORLD,2018,80.7,-2.8,,,,,0,float,,5.0,,,,
WEOWORLD,2019,82.1,-3.5,,,,,0,float,,5.0,,,,
WEOWORLD,2020,97.4,-9.5,,,,,0,float,,5.0,,,,
WEOWORLD,2021,92.8,-6.3,,,,,0,float,,5.0,,,,
WEOWORLD,2022,89.2,-3.7,,,,,0,float,,5.0,,,,
WEOWORLD,2023,90.8,-5.0,,,,,0,float,,5.0,,,,
WEQ,1991,52.8,-4.3,,,,,0,float,,5.0,,,,
WEQ,1992,56.9,-5.1,,,,,0,float,,5.0,,,,
WEQ,1993,62.2,-5.9,,,,,0,float,,5.0,,,,
WEQ,1994,64.6,-5.1,,,,,0,float,,5.0,,,,
WEQ,1995,66.3,-6.6,,,,,0,float,,5.0,,,,
WEQ,1996,68.1,-3.9,,,,,0,float,,5.0,,,,
WEQ,1997,67.1,-2.6,,,,,0,float,,5.0,,,,
WEQ,1998,65.8,-1.8,,,,,0,float,,5.0,,,,
WEQ,1999,64.5,-0.9,,,,,0,float,,5.0,,,,
WEQ,2000,61.5,-0.2,,,,,0,float,,5.0,,,,
WEQ,2001,60.3,-1.0,,,,,0,float,,5.0,,,,
WEQ,2002,60.7,-2.2,,,,,0,float,,5.0,,,,
WEQ,2003,62.3,-2.8,,,,,0,float,,5.0,,,,
WEQ,2004,63.0,-2.4,,,,,0,float,,5.0,,,,
WEQ,2005,63.4,-2.0,,,,,0,float,,5.0,,,,
WEQ,2006,61.8,-1.0,,,,,0,float,,5.0,,,,
WEQ,2007,60.1,-0.4,,,,,0,float,,5.0,,,,
WEQ,2008,64.5,-1.8,,,,,0,float,,5.0,,,,
WEQ,2009,74.7,-6.0,,,,,0,float,,5.0,,,,
WEQ,2010,80.0,-5.8,,,,,0,float,,5.0,,,,
WEQ,2011,81.9,-3.8,,,,,0,float,,5.0,,,,
WEQ,2012,85.6,-3.7,,,,,0,float,,5.0,,,,
WEQ,2013,87.4,-2.8,,,,,0,float,,5.0,,,,
WEQ,2014,88.1,-2.5,,,,,0,float,,5.0,,,,
WEQ,2015,86.7,-2.0,,,,,0,float,,5.0,,,,
WEQ,2016,85.9,-1.5,,,,,0,float,,5.0,,,,
WEQ,2017,83.9,-0.9,,,,,0,float,,5.0,,,,
WEQ,2018,82.4,-0.4,,,,,0,float,,5.0,,,,
WEQ,2019,80.7,-0.5,,,,,0,float,,5.0,,,,
WEQ,2020,93.8,-7.4,,,,,0,float,,5.0,,,,
WEQ,2021,90.8,-4.6,,,,,0,float,,5.0,,,,
WEQ,2022,85.7,-2.3,,,,,0,float,,5.0,,,,
WEQ,2023,84.9,-3.1,,,,,0,float,,5.0,,,,
WHQ,2001,53.9,-0.9,,,,,0,float,,5.0,,,,
WHQ,2002,57.3,-3.5,,,,,0,float,,5.0,,,,
WHQ,2003,59.8,-4.2,,,,,0,float,,5.0,,,,
WHQ,2004,64.9,-3.5,,,,,0,float,,5.0,,,,
WHQ,2005,63.4,-2.4,,,,,0,float,,5.0,,,,
WHQ,2006,61.6,-1.7,,,,,0,float,,5.0,,,,
WHQ,2007,61.2,-2.2,,,,,0,float,,5.0,,,,
WHQ,2008,67.3,-4.9,,,,,0,float,,5.0,,,,
WHQ,2009,78.5,-10.6,,,,,0,float,,5.0,,,,
WHQ,2010,83.2,-8.7,,,,,0,float,,5.0,,,,
WHQ,2011,85.3,-7.4,,,,,0,float,,5.0,,,,
WHQ,2012,88.2,-6.3,,,,,0,float,,5.0,,,,
WHQ,2013,89.7,-4.0,,,,,0,float,,5.0,,,,
WHQ,2014,90.5,-3.9,,,,,0,float,,5.0,,,,
WHQ,2015,94.4,-3.8,,,,,0,float,,5.0,,,,
WHQ,2016,97.1,-4.3,,,,,0,float,,5.0,,,,
WHQ,2017,96.2,-4.6,,,,,0,float,,5.0,,,,
WHQ,2018,98.4,-4.9,,,,,0,float,,5.0,,,,
WHQ,2019,99.8,-5.0,,,,,0,float,,5.0,,,,
WHQ,2020,122.3,-12.9,,,,,0,float,,5.0,,,,
WHQ,2021,114.9,-9.6,,,,,0,float,,5.0,,,,
WHQ,2022,109.0,-3.4,,,,,0,float,,5.0,,,,
WHQ,2023,110.4,-6.9,,,,,0,float,,5.0,,,,
WSM,1998,58.9,1.6,,2.19488971786478,4.127,2.21883468834654,0,float,,5.0,,,,
WSM,1999,59.4,0.3,,2.18543437397388,4.489,0.265120132560355,0,float,,5.0,,,,
WSM,2000,55.8,-0.6,,5.09304469244418,4.733,0.966782350024729,0,float,,5.0,,,,
WSM,2001,53.8,-2.0,,7.39012906172989,4.96,3.83828463867725,0,float,,5.0,,,,
WSM,2002,50.3,-1.8,,5.65195919890348,4.975,8.0503144654087,0,float,,5.0,87.9199711386734,,,
WSM,2003,42.8,-0.5,,5.21262892634149,5.038,0.115830115830107,0,float,,5.0,76.272148769255,,,
WSM,2004,39.8,-0.7,,3.0872602379675,5.162,16.3131507905901,0,float,,5.0,72.5293703149674,,,
WSM,2005,34.2,0.2,,6.63920361300734,5.212,1.85676392572949,0,float,,5.0,76.2247442670718,,,
WSM,2006,33.5,-0.4,,2.13212714677351,5.321,3.70008680555553,0,float,,5.0,82.4691938417408,,,
WSM,2007,31.5,0.5,,0.485982550017255,5.425,5.57706393219629,0,float,,5.0,83.2022041824641,,,
WSM,2008,28.2,-0.4,,3.55610467395,5.538,11.565906838454,0,float,,5.0,73.8864270586579,,,
WSM,2009,33.3,-3.0,,-0.541677601834593,5.646,6.32495336235228,0,float,,5.0,75.9793921615973,,,
WSM,2010,40.3,-5.5,,6.1247199226125,5.621,0.777007268777692,0,float,,5.0,78.5698016774915,,,
WSM,2011,41.5,-5.2,,3.84907794660396,5.68,5.23541591478434,0,float,,5.0,81.600955014363,,,
WSM,2012,50.9,-7.4,,-3.73213020890266,8.752,2.0490188352116,0,float,,5.0,82.7339794775292,,,
WSM,2013,54.1,-3.8,,0.107293276488932,8.772,0.61008572090503,0,float,,5.0,77.877751737476,,,
WSM,2014,54.9,-5.4,,0.659923768782861,8.72,-0.40681608842489,0,float,,5.0,80.5007740440855,,,
WSM,2015,56.4,-3.8,,3.8503618166494,8.901,0.724470134874729,0,float,,5.0,74.6343550051873,,,
WSM,2016,49.0,-0.3,,7.9838628784713,9.063,1.30471869303179,0,float,,5.0,75.2118174672901,,,
WSM,2017,46.7,-2.0,,1.40628239971301,9.4,1.74989677484705,0,float,,5.0,74.0110807608335,,,
WSM,2018,49.4,0.1,,-0.609647103380141,8.649,4.19745888663752,0,float,,5.0,78.9349684295151,,,
WSM,2019,44.3,1.5,,4.45185891688691,7.858,0.982326569888117,0,float,,5.0,83.3310795816457,,,
WSM,2020,43.2,5.4,,-3.10864485863991,7.467,-1.56891247740895,0,float,,5.0,77.4847998856019,,,
WSM,2021,45.4,1.7,,-5.04350589708287,6.664,3.13320473174494,0,float,,5.0,59.7697795919357,,,
WSM,2022,41.0,5.0,,2.26705310780669,5.048,10.9618822286844,0,float,,5.0,60.8477789845035,,,
WSM,2023,31.8,2.7,,15.233606465518,4.92,7.92164684826777,0,float,,5.0,80.8405125709078,,,
ZAF,2000,37.9,-1.4,,4.20000000067826,22.788,5.33895913599828,0,float,,9.0,46.2207217354077,,,
ZAF,2001,38.0,-1.0,,2.70000000019104,22.652,5.70189483049608,0,float,,9.0,49.170945185829,,,
ZAF,2002,31.8,-1.0,,3.70037440406668,22.579,9.494713780996,0,float,,9.0,53.4655016294369,,,
ZAF,2003,31.5,-1.6,,2.94907546754213,22.679,5.67942414068799,0,float,,9.0,45.723862568979,,,
ZAF,2004,30.7,-1.0,,4.55455990721774,22.567,-0.692039437857687,0,float,,9.0,45.6435752240041,,,
ZAF,2005,29.6,-0.1,,5.27705197295467,22.472,2.06285308223427,0,float,,9.0,47.4277813970329,,,
ZAF,2006,28.0,0.8,,5.60380645895889,22.304,3.2439076541923,0,float,,9.0,53.7681412741145,,,
ZAF,2007,24.3,1.2,,5.36047405394162,22.26,6.17781214809388,0,float,,9.0,57.125139137747,,,
ZAF,2008,24.0,-0.5,,3.1910438863288,22.407,9.90998456005467,0,float,,9.0,65.9745237996233,,,
ZAF,2009,27.0,-4.7,,-1.53808913525583,23.523,7.23809523809527,0,float,,9.0,49.5875353278801,,,
ZAF,2010,31.2,-4.5,,3.03973288127956,24.683,4.06749555950263,0,float,,9.0,50.4060871625999,,,
ZAF,2011,34.7,-3.7,,3.16855627858818,24.639,5.0008533879502,0,float,,9.0,54.6363504358971,,,
ZAF,2012,37.4,-4.0,,2.39623238465745,24.727,5.73797139141739,0,float,,9.0,55.5826171933345,,,
ZAF,2013,40.4,-3.9,,2.48546800826588,24.561,5.78016910069176,0,float,,9.0,58.875027630051,,,
ZAF,2014,43.3,-3.9,,1.41382645223793,24.89,6.13282953059149,0,float,,9.0,59.4995740550593,,,
ZAF,2015,45.2,-4.4,,1.32186223678229,25.149,4.51869094892506,0,float,,9.0,56.7266761447156,,,
ZAF,2016,47.1,-3.7,,0.664552307858116,26.536,6.60290842394872,0,float,,9.0,55.8612575048782,,,
ZAF,2017,48.6,-4.0,,1.15794695181735,27.035,5.18618655524149,0,float,,9.0,53.5359318293741,,,
ZAF,2018,51.5,-3.7,,1.55678384721676,26.906,4.50987264867388,0,float,,9.0,54.4855451276341,,,
ZAF,2019,56.1,-5.1,,0.25993557687633,28.468,4.10285075461156,0,float,,9.0,53.8979964081406,,,
ZAF,2020,68.9,-9.6,,-6.1689177146757,29.217,3.23238831615113,0,float,,9.0,50.7596590804177,,,
ZAF,2021,68.8,-5.5,,4.85864865060148,34.007,4.61874544887136,0,float,,9.0,56.1647136277546,,,
ZAF,2022,70.7,-4.2,,2.05813661692193,33.268,7.03987272546482,0,float,,9.0,64.94713440234,,,
ZAF,2023,73.2,-5.6,,0.80610455095804,32.098,6.0752438457966,0,float,,9.0,65.6798759740707,,,
ZMB,2000,261.0,1.2,,3.89732294341896,12.93,26.0304117888121,0,float,,6.0,60.3874689884965,,,
ZMB,2001,210.2,-5.9,,5.31686827418419,13.404,21.3937821792546,0,float,,6.0,64.668282708979,,,
ZMB,2002,180.2,-4.5,,4.50601428032604,14.131,22.2333446430947,0,float,,6.0,64.9164969990648,,,
ZMB,2003,159.5,-5.3,,6.94497398221223,14.704,21.4015783901995,0,float,,6.0,62.3128446757629,,,
ZMB,2004,129.9,-2.5,,7.03239511515218,15.332,17.9677891087286,0,float,,6.0,70.8130749317722,,,
ZMB,2005,75.7,-2.4,,7.23559900655543,15.9,18.324439701174,0,float,,6.0,62.200282191364,,,
ZMB,2006,25.0,16.9,,7.90369444480079,13.229,9.01957247226486,0,float,,6.0,57.8568188739027,,,
ZMB,2007,21.9,-1.0,,8.35243624447406,10.559,10.6573496000153,0,float,,6.0,65.7714586909068,,,
ZMB,2008,19.2,-0.7,,7.77389581542363,7.93,12.4455793463192,0,float,,6.0,59.4548891205874,,,
ZMB,2009,20.5,-2.1,,9.2203484058663,10.583,13.3952546325895,0,float,,6.0,56.1213809555165,,,
ZMB,2010,18.9,-2.4,,10.2982233241213,13.19,8.50176133365265,0,float,,6.0,67.9009190299719,,,
ZMB,2011,20.8,-1.8,,5.56925219263019,10.548,6.4293968107234,0,float,,6.0,72.7954324384283,,,
ZMB,2012,24.9,-3.2,,7.59738104901994,7.85,6.57589970757698,0,float,,6.0,75.367709855907,,,
ZMB,2013,25.9,-6.4,,5.05753695047252,7.272,6.97767605490307,0,float,,6.0,80.4562410213373,,,
ZMB,2014,33.9,-5.4,,4.69328316376705,6.576,7.80687553566333,0,float,,6.0,76.1934997276313,,,
ZMB,2015,61.9,-8.9,,2.92037511217961,5.951,10.1105928909618,0,float,,6.0,79.8652687573958,,,
ZMB,2016,61.2,-5.7,,3.75510031678988,5.244,17.8697300795268,0,float,,6.0,73.958561254616,,,
ZMB,2017,66.6,-7.5,,3.52586277149926,4.529,6.57731154205644,0,float,,6.0,71.5856946542566,,,
ZMB,2018,81.2,-8.3,,4.03449389667165,5.032,7.4945719272852,0,float,,6.0,74.8883695274665,,,
ZMB,2019,103.3,-9.4,,1.44130602603785,5.538,9.15031644316296,0,float,,6.0,68.791204936096,,,
ZMB,2020,140.0,-13.8,,-2.78505506545167,6.032,15.7330604721369,0,float,,6.0,79.2068494095955,,,
ZMB,2021,111.0,-8.1,,6.23492204726448,5.197,22.0207676245777,0,float,,6.0,86.2085111934645,,,
ZMB,2022,99.5,-7.8,,5.21122360356247,5.993,10.9932039209136,0,float,,6.0,69.2973154193203,,,
ZMB,2023,129.1,-5.5,,5.36794285493059,5.861,10.884531691282,0,float,,6.0,78.2418870451485,,,
ZWE,2005,22.4,-3.6,,-5.71112541241364,4.632,,0,float,,2.0,76.043068640646,,,
ZWE,2006,26.7,-1.5,,-3.46140290336963,4.767,,0,float,,2.0,82.8200302932942,,,
ZWE,2007,30.2,-1.7,,-3.653250914872,5.008,,0,float,,2.0,84.1682798999008,,,
ZWE,2008,41.3,-1.2,,-17.6689987958491,5.401,,0,float,,2.0,109.523540063377,,,
ZWE,2009,39.7,-1.5,,13.2720546167979,5.476,,0,float,,2.0,61.7764909650234,,,
ZWE,2010,33.2,-0.4,,19.6754077019323,5.469,3.02267002518892,0,float,,2.0,83.1234047851259,,,
ZWE,2011,30.0,-2.0,,14.1939156801139,5.368,3.4661297281749,0,float,,2.0,89.4659437238642,,,
ZWE,2012,27.2,-0.4,,16.6654290410337,5.057,3.72532666110646,0,float,,2.0,74.1627003825153,,,
ZWE,2013,26.4,-1.2,,1.98948554025198,4.948,1.63495041543822,0,float,,2.0,58.6560737143829,,,
ZWE,2014,29.2,-0.9,,2.37698561663417,4.774,-0.19778481012661,0,float,,2.0,54.6717592473918,,,
ZWE,2015,34.1,-1.6,,1.77985356392176,5.399,-2.43096842383404,0,float,,2.0,56.7496526604333,,,
ZWE,2016,35.1,-5.0,,0.75579405855224,5.896,-1.54366960054161,0,float,,2.0,51.2190376594477,,,
ZWE,2017,49.0,-8.7,,4.73441117758482,6.35,0.893962316050027,0,float,,2.0,55.028317831061,,,
ZWE,2018,33.0,-4.6,,5.00992154297603,6.788,10.6188658669575,0,float,,2.0,54.55031658746,,,
ZWE,2019,53.9,-0.1,,-6.33244976028571,7.373,255.304990757856,0,float,,2.0,36.5178684980287,,,
ZWE,2020,56.8,0.5,,-7.81695060188729,8.617,557.201817362051,0,float,,2.0,31.8225698755474,,,
ZWE,2021,39.9,-1.8,,8.46801676808001,9.54,98.5461050920624,0,float,,2.0,34.9401169482991,,,
ZWE,2022,66.8,-1.0,,6.13926327570213,10.087,104.705170628667,0,float,,2.0,43.6150764298492,,,
ZWE,2023,76.1,-9.5,,5.3508687909833,9.348,,0,float,,2.0,40.2912612046942,,,
